"D:/24cu0220/KONA_BANANA/BANANA.uproject" 1
"D:/24cu0220/KONA_BANANA/Binaries/Win64/UnrealEditor.modules" 2
"../../../Engine/Plugins/AudioGameplay/AudioGameplay.uplugin" 3
"../../../Engine/Plugins/AudioGameplayVolume/AudioGameplayVolume.uplugin" 4
"../../../Engine/Plugins/BlueprintFileUtils/BlueprintFileUtils.uplugin" 5
"../../../Engine/Plugins/BaseMaterial/BaseMaterial.uplugin" 6
"../../../Engine/Plugins/ChaosCloth/ChaosCloth.uplugin" 7
"../../../Engine/Plugins/ChaosInsights/ChaosInsights.uplugin" 8
"../../../Engine/Plugins/Chooser/Chooser.uplugin" 9
"../../../Engine/Plugins/ChaosClothAsset/ChaosClothAsset.uplugin" 10
"../../../Engine/Plugins/JsonBlueprintUtilities/JsonBlueprintUtilities.uplugin" 11
"../../../Engine/Plugins/FastBuildController/FastBuildController.uplugin" 12
"../../../Engine/Plugins/AudioInsights/AudioInsights.uplugin" 13
"../../../Engine/Plugins/CmdLinkServer/CmdLinkServer.uplugin" 14
"../../../Engine/Plugins/Bridge/Bridge.uplugin" 15
"../../../Engine/Plugins/DiscoveryBeaconReceiver/DiscoveryBeaconReceiver.uplugin" 16
"../../../Engine/Plugins/PCG/PCG.uplugin" 17
"../../../Engine/Plugins/EnhancedInput/EnhancedInput.uplugin" 18
"../../../Engine/Plugins/Fab/Fab.uplugin" 19
"../../../Engine/Plugins/RenderGraphInsights/RenderGraphInsights.uplugin" 20
"../../../Engine/Plugins/IoStoreInsights/IoStoreInsights.uplugin" 21
"../../../Engine/Plugins/TextureGraph/TextureGraph.uplugin" 22
"../../../Engine/Plugins/TraceUtilities/TraceUtilities.uplugin" 23
"../../../Engine/Plugins/ChaosClothAssetEditor/ChaosClothAssetEditor.uplugin" 24
"../../../Engine/Plugins/UbaController/UbaController.uplugin" 25
"../../../Engine/Plugins/ChaosVD/ChaosVD.uplugin" 26
"../../../Engine/Plugins/MassInsights/MassInsights.uplugin" 27
"../../../Engine/Plugins/XGEController/XGEController.uplugin" 28
"../../../Engine/Plugins/LightWeightInstancesEditor/LightWeightInstancesEditor.uplugin" 29
"../../../Engine/Plugins/WorldMetrics/WorldMetrics.uplugin" 30
"../../../Engine/Plugins/MeshPainting/MeshPainting.uplugin" 31
"../../../Engine/Plugins/MetaHuman/MetaHumanCharacter/MetaHumanCharacter.uplugin" 32
"../../../Engine/Plugins/MetaHuman/MetaHumanSDK/MetaHumanSDK.uplugin" 33
"../../../Engine/Plugins/MemoryUsageQueries/MemoryUsageQueries.uplugin" 34
"../../../Engine/Plugins/MetaHuman/MetaHumanCoreTechLib/MetaHumanCoreTech.uplugin" 35
"../../../Engine/Plugins/MetaHuman/MetaHumanLiveLink/MetaHumanLiveLink.uplugin" 36
"../../../Engine/Plugins/MetaHuman/MetaHumanAnimator/MetaHuman.uplugin" 37
"../../../Engine/Plugins/ScriptPlugin/ScriptPlugin.uplugin" 38
"../../../Engine/Plugins/NetcodeUnitTest/NetcodeUnitTest/NetcodeUnitTest.uplugin" 39
"../../../Engine/Plugins/NetcodeUnitTest/NUTUnrealEngine/NUTUnrealEngine.uplugin" 40
"../../../Engine/Plugins/Online/EOSShared/EOSShared.uplugin" 41
"../../../Engine/Plugins/Online/EOSOverlayInputProvider/EOSOverlayInputProvider.uplugin" 42
"../../../Engine/Plugins/Mutable/Mutable.uplugin" 43
"../../../Engine/Plugins/Online/OnlineBase/OnlineBase.uplugin" 44
"../../../Engine/Plugins/Online/OnlineFramework/OnlineFramework.uplugin" 45
"../../../Engine/Plugins/Online/OnlineFrameworkCommon/OnlineFrameworkCommon.uplugin" 46
"../../../Engine/Plugins/Online/OnlineServicesEOS/OnlineServicesEOS.uplugin" 47
"../../../Engine/Plugins/Online/OnlineServicesEpicCommon/OnlineServicesEpicCommon.uplugin" 48
"../../../Engine/Plugins/Online/OnlineSubsystemApple/OnlineSubsystemApple.uplugin" 49
"../../../Engine/Plugins/Online/OnlineSubsystemAmazon/OnlineSubsystemAmazon.uplugin" 50
"../../../Engine/Plugins/Online/OnlineServicesNull/OnlineServicesNull.uplugin" 51
"../../../Engine/Plugins/Online/OnlineServicesEOSGS/OnlineServicesEOSGS.uplugin" 52
"../../../Engine/Plugins/Online/OnlineSubsystemFacebook/OnlineSubsystemFacebook.uplugin" 53
"../../../Engine/Plugins/Online/OnlineServices/OnlineServices.uplugin" 54
"../../../Engine/Plugins/Online/OnlineSubsystem/OnlineSubsystem.uplugin" 55
"../../../Engine/Plugins/Online/OnlineServicesOSSAdapter/OnlineServicesOSSAdapter.uplugin" 56
"../../../Engine/Plugins/Online/OnlineSubsystemNull/OnlineSubsystemNull.uplugin" 57
"../../../Engine/Plugins/Online/WebAuth/WebAuth.uplugin" 58
"../../../Engine/Plugins/Protocols/MQTT/MQTT.uplugin" 59
"../../../Engine/Plugins/Online/OnlineSubsystemTencent/OnlineSubsystemTencent.uplugin" 60
"../../../Engine/Plugins/Runtime/ActorLayerUtilities/ActorLayerUtilities.uplugin" 61
"../../../Engine/Plugins/Online/OnlineSubsystemUtils/OnlineSubsystemUtils.uplugin" 62
"../../../Engine/Plugins/Runtime/AndroidDeviceProfileSelector/AndroidDeviceProfileSelector.uplugin" 63
"../../../Engine/Plugins/Performance/AutomatedPerfTesting/AutomatedPerfTesting.uplugin" 64
"../../../Engine/Plugins/Online/SocketSubsystemEOS/SocketSubsystemEOS.uplugin" 65
"../../../Engine/Plugins/Performance/PerformanceMonitor/PerformanceMonitor.uplugin" 66
"../../../Engine/Plugins/Online/OnlineSubsystemSteam/OnlineSubsystemSteam.uplugin" 67
"../../../Engine/Plugins/Online/OnlineSubsystemEOS/OnlineSubsystemEOS.uplugin" 68
"../../../Engine/Plugins/Runtime/AndroidMoviePlayer/AndroidMoviePlayer.uplugin" 69
"../../../Engine/Plugins/Runtime/AndroidPermission/AndroidPermission.uplugin" 70
"../../../Engine/Plugins/Runtime/AnimationBudgetAllocator/AnimationBudgetAllocator.uplugin" 71
"../../../Engine/Plugins/Runtime/ApexDestruction/ApexDestruction.uplugin" 72
"../../../Engine/Plugins/Online/OnlineSubsystemGoogle/OnlineSubsystemGoogle.uplugin" 73
"../../../Engine/Plugins/Runtime/AndroidBackgroundService/AndroidBackgroundService.uplugin" 74
"../../../Engine/Plugins/Runtime/AppleImageUtils/AppleImageUtils.uplugin" 75
"../../../Engine/Plugins/MetaHuman/MetaHumanCalibrationProcessing/MetaHumanCalibrationProcessing.uplugin" 76
"../../../Engine/Plugins/Runtime/AudioCapture/AudioCapture.uplugin" 77
"../../../Engine/Plugins/Runtime/AssetTags/AssetTags.uplugin" 78
"../../../Engine/Plugins/Runtime/AppleMoviePlayer/AppleMoviePlayer.uplugin" 79
"../../../Engine/Plugins/Runtime/ArchVisCharacter/ArchVisCharacter.uplugin" 80
"../../../Engine/Plugins/Runtime/AudioModulation/AudioModulation.uplugin" 81
"../../../Engine/Plugins/Runtime/AudioWidgets/AudioWidgets.uplugin" 82
"../../../Engine/Plugins/Runtime/AndroidFileServer/AndroidFileServer.uplugin" 83
"../../../Engine/Plugins/Runtime/AudioSynesthesia/AudioSynesthesia.uplugin" 84
"../../../Engine/Plugins/Runtime/ComputeFramework/ComputeFramework.uplugin" 85
"../../../Engine/Plugins/Online/SocketSubsystemSteamIP/SocketSubsystemSteamIP.uplugin" 86
"../../../Engine/Plugins/Runtime/ExternalGPUStatistics/ExternalGPUStatistics.uplugin" 87
"../../../Engine/Plugins/Runtime/DataRegistry/DataRegistry.uplugin" 88
"../../../Engine/Plugins/Runtime/ChunkDownloader/ChunkDownloader.uplugin" 89
"../../../Engine/Plugins/Runtime/CustomMeshComponent/CustomMeshComponent.uplugin" 90
"../../../Engine/Plugins/Runtime/Firebase/Firebase.uplugin" 91
"../../../Engine/Plugins/Runtime/GameplayAbilities/GameplayAbilities.uplugin" 92
"../../../Engine/Plugins/Runtime/GameInput/GameInput.uplugin" 93
"../../../Engine/Plugins/Runtime/ADM/ADM.uplugin" 94
"../../../Engine/Plugins/Runtime/GameFeatures/GameFeatures.uplugin" 95
"../../../Engine/Plugins/Runtime/GeometryCache/GeometryCache.uplugin" 96
"../../../Engine/Plugins/Runtime/GameplayStateTree/GameplayStateTree.uplugin" 97
"../../../Engine/Plugins/Runtime/GameplayBehaviorSmartObjects/GameplayBehaviorSmartObjects.uplugin" 98
"../../../Engine/Plugins/Runtime/ExampleDeviceProfileSelector/ExampleDeviceProfileSelector.uplugin" 99
"../../../Engine/Plugins/Runtime/CableComponent/CableComponent.uplugin" 100
"../../../Engine/Plugins/Runtime/GameplayInteractions/GameplayInteractions.uplugin" 101
"../../../Engine/Plugins/Runtime/GooglePAD/GooglePAD.uplugin" 102
"../../../Engine/Plugins/Runtime/CommonUI/CommonUI.uplugin" 103
"../../../Engine/Plugins/Runtime/AudioMotorSim/AudioMotorSim.uplugin" 104
"../../../Engine/Plugins/Runtime/HairStrands/HairStrands.uplugin" 105
"../../../Engine/Plugins/Runtime/GeoReferencing/GeoReferencing.uplugin" 106
"../../../Engine/Plugins/Runtime/Harmonix/Harmonix.uplugin" 107
"../../../Engine/Plugins/Runtime/HPMotionController/HPMotionController.uplugin" 108
"../../../Engine/Plugins/Runtime/HDRIBackdrop/HDRIBackdrop.uplugin" 109
"../../../Engine/Plugins/Runtime/HTTPChunkInstaller/HTTPChunkInstaller.uplugin" 110
"../../../Engine/Plugins/Runtime/GoogleCloudMessaging/GoogleCloudMessaging.uplugin" 111
"../../../Engine/Plugins/Runtime/GeometryScripting/GeometryScripting.uplugin" 112
"../../../Engine/Plugins/Runtime/IOSReplayKit/IOSReplayKit.uplugin" 113
"../../../Engine/Plugins/Runtime/LevelStreamingPersistence/LevelStreamingPersistence.uplugin" 114
"../../../Engine/Plugins/Runtime/LiveLinkOvernDisplay/LiveLinkOverNDisplay.uplugin" 115
"../../../Engine/Plugins/Runtime/GeometryProcessing/GeometryProcessing.uplugin" 116
"../../../Engine/Plugins/Runtime/MassGameplay/MassGameplay.uplugin" 117
"../../../Engine/Plugins/Runtime/MeshModelingToolset/MeshModelingToolset.uplugin" 118
"../../../Engine/Plugins/Runtime/LinuxDeviceProfileSelector/LinuxDeviceProfileSelector.uplugin" 119
"../../../Engine/Plugins/Runtime/LocationServicesIOSImpl/LocationServicesIOSImpl.uplugin" 120
"../../../Engine/Plugins/Runtime/MIDIDevice/MIDIDevice.uplugin" 121
"../../../Engine/Plugins/Runtime/MassEntity/MassEntity.uplugin" 122
"../../../Engine/Plugins/Runtime/IOSDeviceProfileSelector/IOSDeviceProfileSelector.uplugin" 123
"../../../Engine/Plugins/Runtime/MixedRealityCaptureFramework/MixedRealityCaptureFramework.uplugin" 124
"../../../Engine/Plugins/Runtime/MicrosoftSpatialAudio/MicroSoftSpatialSound.uplugin" 125
"../../../Engine/Plugins/Runtime/LocationServicesBPLibrary/LocationServicesBPLibrary.uplugin" 126
"../../../Engine/Plugins/Runtime/Metasound/Metasound.uplugin" 127
"../../../Engine/Plugins/Runtime/LocationServicesAndroidImpl/LocationServicesAndroidImpl.uplugin" 128
"../../../Engine/Plugins/Runtime/MsQuic/MsQuic.uplugin" 129
"../../../Engine/Plugins/Runtime/ModelViewViewModel/ModelViewViewModel.uplugin" 130
"../../../Engine/Plugins/Runtime/nDisplay/nDisplay.uplugin" 131
"../../../Engine/Plugins/Runtime/MobilePatchingUtils/MobilePatchingUtils.uplugin" 132
"../../../Engine/Plugins/Runtime/NavCorridor/NavCorridor.uplugin" 133
"../../../Engine/Plugins/Runtime/MusicEnvironment/MusicEnvironment.uplugin" 134
"../../../Engine/Plugins/Runtime/MultiServerReplication/MultiServerReplication.uplugin" 135
"../../../Engine/Plugins/Runtime/NetworkPredictionInsights/NetworkPredictionInsights.uplugin" 136
"../../../Engine/Plugins/Runtime/nDisplayModularFeatures/nDisplayModularFeatures.uplugin" 137
"../../../Engine/Plugins/Runtime/OpenXREyeTracker/OpenXREyeTracker.uplugin" 138
"../../../Engine/Plugins/Runtime/OpenXRViveTracker/OpenXRViveTracker.uplugin" 139
"../../../Engine/Plugins/Runtime/OSC/OSC.uplugin" 140
"../../../Engine/Plugins/Runtime/NetworkPrediction/NetworkPrediction.uplugin" 141
"../../../Engine/Plugins/Runtime/OpenXR/OpenXR.uplugin" 142
"../../../Engine/Plugins/Runtime/OpenCV/OpenCV.uplugin" 143
"../../../Engine/Plugins/Runtime/OpenXRHandTracking/OpenXRHandTracking.uplugin" 144
"../../../Engine/Plugins/Runtime/InstancedActors/InstancedActors.uplugin" 145
"../../../Engine/Plugins/Runtime/ModularGameplay/ModularGameplay.uplugin" 146
"../../../Engine/Plugins/Runtime/InputDebugging/InputDebugging.uplugin" 147
"../../../Engine/Plugins/Runtime/PreLoadScreenMoviePlayer/PreLoadScreenMoviePlayer.uplugin" 148
"../../../Engine/Plugins/Runtime/ReplicationGraph/ReplicationGraph.uplugin" 149
"../../../Engine/Plugins/Runtime/OptionalMobileFeaturesBPLibrary/OptionalMobileFeaturesBPLibrary.uplugin" 150
"../../../Engine/Plugins/Runtime/PropertyBindingUtils/PropertyBindingUtils.uplugin" 151
"../../../Engine/Plugins/Runtime/ProceduralMeshComponent/ProceduralMeshComponent.uplugin" 152
"../../../Engine/Plugins/Runtime/PropertyAccess/PropertyAccessEditor.uplugin" 153
"../../../Engine/Plugins/Runtime/ReplicationSystemTestPlugin/ReplicationSystemTestPlugin.uplugin" 154
"../../../Engine/Plugins/Runtime/OpenXRMsftHandInteraction/OpenXRMsftHandInteraction.uplugin" 155
"../../../Engine/Plugins/Runtime/ResonanceAudio/ResonanceAudio.uplugin" 156
"../../../Engine/Plugins/Runtime/SignificanceManager/SignificanceManager.uplugin" 157
"../../../Engine/Plugins/Runtime/ScriptableToolsFramework/ScriptableToolsFramework.uplugin" 158
"../../../Engine/Plugins/Runtime/RenderTrace/RenderTrace.uplugin" 159
"../../../Engine/Plugins/Runtime/SoundCueTemplates/SoundCueTemplates.uplugin" 160
"../../../Engine/Plugins/Runtime/SoundMod/SoundMod.uplugin" 161
"../../../Engine/Plugins/Runtime/SoundFields/SoundFields.uplugin" 162
"../../../Engine/Plugins/Runtime/Soundscape/Soundscape.uplugin" 163
"../../../Engine/Plugins/Runtime/SmartObjects/SmartObjects.uplugin" 164
"../../../Engine/Plugins/Runtime/StateTree/StateTree.uplugin" 165
"../../../Engine/Plugins/Runtime/SoundUtilities/SoundUtilities.uplugin" 166
"../../../Engine/Plugins/Runtime/SkeletalMerging/SkeletalMerging.uplugin" 167
"../../../Engine/Plugins/Runtime/Spatialization/Spatialization.uplugin" 168
"../../../Engine/Plugins/Runtime/SunPosition/SunPosition.uplugin" 169
"../../../Engine/Plugins/Runtime/Synthesis/Synthesis.uplugin" 170
"../../../Engine/Plugins/Runtime/RigVM/RigVM.uplugin" 171
"../../../Engine/Plugins/Runtime/USDCore/USDCore.uplugin" 172
"../../../Engine/Plugins/Runtime/WaveTable/WaveTable.uplugin" 173
"../../../Engine/Plugins/Runtime/WebBrowserNativeProxy/WebBrowserNativeProxy.uplugin" 174
"../../../Engine/Plugins/Runtime/WebMMoviePlayer/WebMMoviePlayer.uplugin" 175
"../../../Engine/Plugins/Runtime/WebBrowserWidget/WebBrowserWidget.uplugin" 176
"../../../Engine/Plugins/Runtime/WarpUtils/WarpUtils.uplugin" 177
"../../../Engine/Plugins/Runtime/XRBase/XRBase.uplugin" 178
"../../../Engine/Plugins/Runtime/WorldConditions/WorldConditions.uplugin" 179
"../../../Engine/Plugins/Runtime/ZoneGraph/ZoneGraph.uplugin" 180
"../../../Engine/Plugins/Runtime/ZoneGraphAnnotations/ZoneGraphAnnotations.uplugin" 181
"../../../Engine/Plugins/Runtime/WindowsDeviceProfileSelector/WindowsDeviceProfileSelector.uplugin" 182
"../../../Engine/Plugins/Web/HttpBlueprint/HttpBlueprint.uplugin" 183
"../../../Engine/Plugins/2D/Paper2D/Paper2D.uplugin" 184
"../../../Engine/Plugins/AI/EnvironmentQueryEditor/EnvironmentQueryEditor.uplugin" 185
"../../../Engine/Plugins/Runtime/WindowsMoviePlayer/WindowsMoviePlayer.uplugin" 186
"../../../Engine/Plugins/AI/MassAI/MassAI.uplugin" 187
"../../../Engine/Plugins/AI/AISupport/AISupport.uplugin" 188
"../../../Engine/Plugins/AI/MassCrowd/MassCrowd.uplugin" 189
"../../../Engine/Plugins/AI/MLAdapter/MLAdapter.uplugin" 190
"../../../Engine/Plugins/Animation/AnimationData/AnimationData.uplugin" 191
"../../../Engine/Plugins/Animation/AnimationLocomotionLibrary/AnimationLocomotionLibrary.uplugin" 192
"../../../Engine/Plugins/Animation/ACLPlugin/ACLPlugin.uplugin" 193
"../../../Engine/Plugins/AI/HTNPlanner/HTNPlanner.uplugin" 194
"../../../Engine/Plugins/Animation/AnimationModifierLibrary/AnimationModifierLibrary.uplugin" 195
"../../../Engine/Plugins/Animation/ControlRigSpline/ControlRigSpline.uplugin" 196
"../../../Engine/Plugins/Animation/BlendStack/BlendStack.uplugin" 197
"../../../Engine/Plugins/Animation/AnimationWarping/AnimationWarping.uplugin" 198
"../../../Engine/Plugins/Animation/BlendSpaceMotionAnalysis/BlendSpaceMotionAnalysis.uplugin" 199
"../../../Engine/Plugins/Animation/ControlRig/ControlRig.uplugin" 200
"../../../Engine/Plugins/Animation/DeformerGraph/DeformerGraph.uplugin" 201
"../../../Engine/Plugins/Animation/GeneSplicer/GeneSplicer.uplugin" 202
"../../../Engine/Plugins/Animation/EaseCurveTool/EaseCurveTool.uplugin" 203
"../../../Engine/Plugins/Animation/ControlRigModules/ControlRigModules.uplugin" 204
"../../../Engine/Plugins/Animation/LiveLink/LiveLink.uplugin" 205
"../../../Engine/Plugins/Animation/IKRig/IKRig.uplugin" 206
"../../../Engine/Plugins/Animation/DNACalib/DNACalib.uplugin" 207
"../../../Engine/Plugins/Animation/AnimatorKit/AnimatorKit.uplugin" 208
"../../../Engine/Plugins/Animation/MotionWarping/MotionWarping.uplugin" 209
"../../../Engine/Plugins/Animation/GameplayInsights/GameplayInsights.uplugin" 210
"../../../Engine/Plugins/Animation/LiveLinkDevice/LiveLinkDevice.uplugin" 211
"../../../Engine/Plugins/Animation/LiveLinkUnrealDevice/LiveLinkUnrealDevice.uplugin" 212
"../../../Engine/Plugins/Animation/RigLogic/RigLogic.uplugin" 213
"../../../Engine/Plugins/Animation/PerformanceCaptureCore/PerformanceCaptureCore.uplugin" 214
"../../../Engine/Plugins/Cameras/EngineCameras/EngineCameras.uplugin" 215
"../../../Engine/Plugins/Compositing/Composite/Composite.uplugin" 216
"../../../Engine/Plugins/Animation/LiveLinkHub/LiveLinkHub.uplugin" 217
"../../../Engine/Plugins/Animation/TweeningUtils/TweeningUtils.uplugin" 218
"../../../Engine/Plugins/Compositing/Composure/Composure.uplugin" 219
"../../../Engine/Plugins/Animation/SkeletalMeshModelingTools/SkeletalMeshModelingTools.uplugin" 220
"../../../Engine/Plugins/Animation/LiveLinkExampleDevice/LiveLinkExampleDevice.uplugin" 221
"../../../Engine/Plugins/Compositing/HoldoutComposite/HoldoutComposite.uplugin" 222
"../../../Engine/Plugins/Compositing/LensDistortion/LensDistortion.uplugin" 223
"../../../Engine/Plugins/Animation/PoseSearch/PoseSearch.uplugin" 224
"../../../Engine/Plugins/Cameras/GameplayCameras/GameplayCameras.uplugin" 225
"../../../Engine/Plugins/Compositing/OpenColorIO/OpenColorIO.uplugin" 226
"../../../Engine/Plugins/Compositing/CompositeCore/CompositeCore.uplugin" 227
"../../../Engine/Plugins/Animation/LiveLinkCurveDebugUI/LiveLinkCurveDebugUI.uplugin" 228
"../../../Engine/Plugins/Compression/OodleNetwork/OodleNetwork.uplugin" 229
"../../../Engine/Plugins/Developer/BlankPlugin/BlankPlugin.uplugin" 230
"../../../Engine/Plugins/Developer/DirectoryPlaceholder/DirectoryPlaceholder.uplugin" 231
"../../../Engine/Plugins/Compositing/OpenCVLensDistortion/OpenCVLensDistortion.uplugin" 232
"../../../Engine/Plugins/Developer/DumpGPUServices/DumpGPUServices.uplugin" 233
"../../../Engine/Plugins/Developer/CLionSourceCodeAccess/CLionSourceCodeAccess.uplugin" 234
"../../../Engine/Plugins/Developer/GPUReshape/GPUReshape.uplugin" 235
"../../../Engine/Plugins/Developer/GitSourceControl/GitSourceControl.uplugin" 236
"../../../Engine/Plugins/Developer/CodeLiteSourceCodeAccess/CodeLiteSourceCodeAccess.uplugin" 237
"../../../Engine/Plugins/Developer/AnimationSharing/AnimationSharing.uplugin" 238
"../../../Engine/Plugins/Developer/N10XSourceCodeAccess/N10XSourceCodeAccess.uplugin" 239
"../../../Engine/Plugins/Developer/FieldNotificationTrace/FieldNotificationTrace.uplugin" 240
"../../../Engine/Plugins/Developer/OneSkyLocalizationService/OneSkyLocalizationService.uplugin" 241
"../../../Engine/Plugins/Developer/NullSourceCodeAccess/NullSourceCodeAccess.uplugin" 242
"../../../Engine/Plugins/Developer/PlasticSourceControl/PlasticSourceControl.uplugin" 243
"../../../Engine/Plugins/Developer/TraceSourceFiltering/TraceSourceFilters.uplugin" 244
"../../../Engine/Plugins/Developer/TextureFormatOodle/TextureFormatOodle.uplugin" 245
"../../../Engine/Plugins/Developer/RiderSourceCodeAccess/RiderSourceCodeAccess.uplugin" 246
"../../../Engine/Plugins/Developer/PerforceSourceControl/PerforceSourceControl.uplugin" 247
"../../../Engine/Plugins/Developer/NamingTokens/NamingTokens.uplugin" 248
"../../../Engine/Plugins/Developer/PixWinPlugin/PixWinPlugin.uplugin" 249
"../../../Engine/Plugins/Developer/ProjectLauncher/ProjectLauncher.uplugin" 250
"../../../Engine/Plugins/Runtime/NetworkPredictionExtras/NetworkPredictionExtras.uplugin" 251
"../../../Engine/Plugins/Developer/PluginUtils/PluginUtils.uplugin" 252
"../../../Engine/Plugins/Developer/SubversionSourceControl/SubversionSourceControl.uplugin" 253
"../../../Engine/Plugins/Developer/PropertyAccessNode/PropertyAccessNode.uplugin" 254
"../../../Engine/Plugins/Editor/AssetRegistryExport/AssetRegistryExport.uplugin" 255
"../../../Engine/Plugins/Cameras/CameraShakePreviewer/CameraShakePreviewer.uplugin" 256
"../../../Engine/Plugins/Editor/AssetReferenceRestrictions/AssetReferenceRestrictions.uplugin" 257
"../../../Engine/Plugins/Developer/VisualStudioCodeSourceCodeAccess/VisualStudioCodeSourceCodeAccess.uplugin" 258
"../../../Engine/Plugins/Editor/BlueprintMaterialTextureNodes/BlueprintMaterialTextureNodes.uplugin" 259
"../../../Engine/Plugins/Developer/UObjectPlugin/UObjectPlugin.uplugin" 260
"../../../Engine/Plugins/Editor/ChangelistReview/ChangelistReview.uplugin" 261
"../../../Engine/Plugins/Editor/CryptoKeys/CryptoKeys.uplugin" 262
"../../../Engine/Plugins/Editor/BlueprintHeaderView/BlueprintHeaderView.uplugin" 263
"../../../Engine/Plugins/Editor/ConsoleVariablesEditor/ConsoleVariables.uplugin" 264
"../../../Engine/Plugins/Developer/XCodeSourceCodeAccess/XCodeSourceCodeAccess.uplugin" 265
"../../../Engine/Plugins/Editor/DisplayClusterLaunch/DisplayClusterLaunch.uplugin" 266
"../../../Engine/Plugins/Developer/VisualStudioSourceCodeAccess/VisualStudioSourceCodeAccess.uplugin" 267
"../../../Engine/Plugins/Editor/EditorDebugTools/EditorDebugTools.uplugin" 268
"../../../Engine/Plugins/Editor/ColorGrading/ColorGrading.uplugin" 269
"../../../Engine/Plugins/Editor/FacialAnimation/FacialAnimation.uplugin" 270
"../../../Engine/Plugins/Editor/EditorScriptingUtilities/EditorScriptingUtilities.uplugin" 271
"../../../Engine/Plugins/Editor/CurveEditorTools/CurveEditorTools.uplugin" 272
"../../../Engine/Plugins/Editor/DataValidation/DataValidation.uplugin" 273
"../../../Engine/Plugins/Editor/EditorSysConfigAssistant/EditorSysConfigAssistant.uplugin" 274
"../../../Engine/Plugins/Editor/GuidedTutorials/GuidedTutorials.uplugin" 275
"../../../Engine/Plugins/Editor/EngineAssetDefinitions/EngineAssetDefinitions.uplugin" 276
"../../../Engine/Plugins/Editor/GeometryMode/GeometryMode.uplugin" 277
"../../../Engine/Plugins/Editor/MeshLODToolset/MeshLODToolset.uplugin" 278
"../../../Engine/Plugins/Editor/MakeCookedEditorAsDLC/MakeCookedEditorAsDLC.uplugin" 279
"../../../Engine/Plugins/Editor/LiveUpdateForSlate/LiveUpdateForSlate.uplugin" 280
"../../../Engine/Plugins/Editor/LandscapePatch/LandscapePatch.uplugin" 281
"../../../Engine/Plugins/Editor/MaterialAnalyzer/MaterialAnalyzer.uplugin" 282
"../../../Engine/Plugins/Editor/MacGraphicsSwitching/MacGraphicsSwitching.uplugin" 283
"../../../Engine/Plugins/Editor/GameplayTagsEditor/GameplayTagsEditor.uplugin" 284
"../../../Engine/Plugins/Editor/MobileLauncherProfileWizard/MobileLauncherProfileWizard.uplugin" 285
"../../../Engine/Plugins/Editor/ProxyLODPlugin/ProxyLODPlugin.uplugin" 286
"../../../Engine/Plugins/Editor/ModelingToolsEditorMode/ModelingToolsEditorMode.uplugin" 287
"../../../Engine/Plugins/Editor/PluginBrowser/PluginBrowser.uplugin" 288
"../../../Engine/Plugins/Editor/ScriptableToolsEditorMode/ScriptableToolsEditorMode.uplugin" 289
"../../../Engine/Plugins/Editor/SequencerAnimTools/SequencerAnimTools.uplugin" 290
"../../../Engine/Plugins/Editor/ModelViewViewModelPreview/ModelViewViewModelPreview.uplugin" 291
"../../../Engine/Plugins/Editor/SpeedTreeImporter/SpeedTreeImporter.uplugin" 292
"../../../Engine/Plugins/Editor/SampleToolsEditorMode/SampleToolsEditorMode.uplugin" 293
"../../../Engine/Plugins/Editor/WaveformEditor/WaveformEditor.uplugin" 294
"../../../Engine/Plugins/Editor/WorldPartitionHLODUtilities/WorldPartitionHLODUtilities.uplugin" 295
"../../../Engine/Plugins/Editor/UMGWidgetPreview/UMGWidgetPreview.uplugin" 296
"../../../Engine/Plugins/Editor/StaticMeshEditorModeling/StaticMeshEditorModeling.uplugin" 297
"../../../Engine/Plugins/Enterprise/DatasmithC4DImporter/DatasmithC4DImporter.uplugin" 298
"../../../Engine/Plugins/Enterprise/DataprepEditor/DataprepEditor.uplugin" 299
"../../../Engine/Plugins/Editor/StylusInput/StylusInput.uplugin" 300
"../../../Engine/Plugins/Enterprise/AxFImporter/AxFImporter.uplugin" 301
"../../../Engine/Plugins/Enterprise/DatasmithCADImporter/DatasmithCADImporter.uplugin" 302
"../../../Engine/Plugins/Enterprise/LidarPointCloud/LidarPointCloud.uplugin" 303
"../../../Engine/Plugins/Editor/AssetManagerEditor/AssetManagerEditor.uplugin" 304
"../../../Engine/Plugins/Enterprise/DatasmithFBXImporter/DatasmithFBXImporter.uplugin" 305
"../../../Engine/Plugins/Developer/XcodeGPUDebuggerPlugin/XcodeGPUDebuggerPlugin.uplugin" 306
"../../../Engine/Plugins/Developer/KDevelopSourceCodeAccess/KDevelopSourceCodeAccess.uplugin" 307
"../../../Engine/Plugins/Enterprise/VariantManager/VariantManager.uplugin" 308
"../../../Engine/Plugins/Editor/AssetSearch/AssetSearch.uplugin" 309
"../../../Engine/Plugins/Enterprise/GLTFExporter/GLTFExporter.uplugin" 310
"../../../Engine/Plugins/Enterprise/DatasmithContent/DatasmithContent.uplugin" 311
"../../../Engine/Plugins/Enterprise/MDLImporter/MDLImporter.uplugin" 312
"../../../Engine/Plugins/Developer/RenderDocPlugin/RenderDocPlugin.uplugin" 313
"../../../Engine/Plugins/Editor/UVEditor/UVEditor.uplugin" 314
"../../../Engine/Plugins/Experimental/AbilitySystemGameFeatureActions/AbilitySystemGameFeatureActions.uplugin" 315
"../../../Engine/Plugins/Experimental/AutomationUtils/AutomationUtils.uplugin" 316
"../../../Engine/Plugins/Experimental/AsyncMessageSystemTests/AsyncMessageSystemTests.uplugin" 317
"../../../Engine/Plugins/Enterprise/DatasmithImporter/DatasmithImporter.uplugin" 318
"../../../Engine/Plugins/Enterprise/VariantManagerContent/VariantManagerContent.uplugin" 319
"../../../Engine/Plugins/Experimental/BlueprintStats/BlueprintStats.uplugin" 320
"../../../Engine/Plugins/Experimental/AIAssistant/AIAssistant.uplugin" 321
"../../../Engine/Plugins/Experimental/AsyncMessageSystem/AsyncMessageSystem.uplugin" 322
"../../../Engine/Plugins/Experimental/ActorPalette/ActorPalette.uplugin" 323
"../../../Engine/Plugins/Experimental/BlueprintSnapNodes/BlueprintSnapNodes.uplugin" 324
"../../../Engine/Plugins/Experimental/AnimToTexture/AnimToTexture.uplugin" 325
"../../../Engine/Plugins/Experimental/ChaosCachingUSD/ChaosCachingUSD.uplugin" 326
"../../../Engine/Plugins/Experimental/AvalancheDisplayCluster/AvalancheDisplayCluster.uplugin" 327
"../../../Engine/Plugins/Experimental/ChaosCaching/ChaosCaching.uplugin" 328
"../../../Engine/Plugins/Experimental/ChaosFlesh/ChaosFlesh.uplugin" 329
"../../../Engine/Plugins/Experimental/ChaosClothEditor/ChaosClothEditor.uplugin" 330
"../../../Engine/Plugins/Experimental/BackChannel/BackChannel.uplugin" 331
"../../../Engine/Plugins/Experimental/ChaosEditor/ChaosEditor.uplugin" 332
"../../../Engine/Plugins/Experimental/ChaosModularVehicleExamples/ChaosModularVehicleExamples.uplugin" 333
"../../../Engine/Plugins/Experimental/ChaosModularVehicle/ChaosModularVehicle.uplugin" 334
"../../../Engine/Plugins/Experimental/ChaosMover/ChaosMover.uplugin" 335
"../../../Engine/Plugins/Experimental/ChaosOutfitAsset/ChaosOutfitAsset.uplugin" 336
"../../../Engine/Plugins/Experimental/Buoyancy/Buoyancy.uplugin" 337
"../../../Engine/Plugins/Experimental/ChaosNiagara/ChaosNiagara.uplugin" 338
"../../../Engine/Plugins/Experimental/ChaosSolverPlugin/ChaosSolverPlugin.uplugin" 339
"../../../Engine/Plugins/Experimental/CinematicPrestreaming/CinematicPrestreaming.uplugin" 340
"../../../Engine/Plugins/Experimental/ChaosRigidAsset/ChaosRigidAsset.uplugin" 341
"../../../Engine/Plugins/Experimental/AvalancheSequenceNavigator/AvalancheSequenceNavigator.uplugin" 342
"../../../Engine/Plugins/Experimental/ChaosUserDataPT/ChaosUserDataPT.uplugin" 343
"../../../Engine/Plugins/Experimental/CinematicSequenceNavigator/CinematicSequenceNavigator.uplugin" 344
"../../../Engine/Plugins/Experimental/CodeEditor/CodeEditor.uplugin" 345
"../../../Engine/Plugins/Experimental/CineCameraSceneCapture/CineCameraSceneCapture.uplugin" 346
"../../../Engine/Plugins/Experimental/CineCameraRigs/CineCameraRigs.uplugin" 347
"../../../Engine/Plugins/Experimental/ColorCorrectRegions/ColorCorrectRegions.uplugin" 348
"../../../Engine/Plugins/Experimental/CommonConversation/CommonConversation.uplugin" 349
"../../../Engine/Plugins/Experimental/CelestialVault/CelestialVault.uplugin" 350
"../../../Engine/Plugins/Experimental/Dataflow/Dataflow.uplugin" 351
"../../../Engine/Plugins/Experimental/ControlFlows/ControlFlows.uplugin" 352
"../../../Engine/Plugins/Experimental/CodeView/CodeView.uplugin" 353
"../../../Engine/Plugins/Experimental/CharacterAI/CharacterAI.uplugin" 354
"../../../Engine/Plugins/Experimental/DynamicWind/DynamicWind.uplugin" 355
"../../../Engine/Plugins/Experimental/ChaosVehiclesPlugin/ChaosVehiclesPlugin.uplugin" 356
"../../../Engine/Plugins/Experimental/EditorDataStorageFeatures/EditorDataStorageFeatures.uplugin" 357
"../../../Engine/Plugins/Experimental/EditorDataStorage/EditorDataStorage.uplugin" 358
"../../../Engine/Plugins/Experimental/DaySequence/DaySequence.uplugin" 359
"../../../Engine/Plugins/Experimental/DrawDebugLibrary/DrawDebugLibrary.uplugin" 360
"../../../Engine/Plugins/Experimental/AdvancedRenamer/AdvancedRenamer.uplugin" 361
"../../../Engine/Plugins/Experimental/EditorPerformance/EditorPerformance.uplugin" 362
"../../../Engine/Plugins/Experimental/DefaultInstallBundleManager/DefaultInstallBundleManager.uplugin" 363
"../../../Engine/Plugins/Experimental/FieldSystemPlugin/FieldSystemPlugin.uplugin" 364
"../../../Engine/Plugins/Experimental/FullBodyIK/FullBodyIK.uplugin" 365
"../../../Engine/Plugins/Experimental/EditorTelemetry/EditorTelemetry.uplugin" 366
"../../../Engine/Plugins/Experimental/Gauntlet/Gauntlet.uplugin" 367
"../../../Engine/Plugins/Experimental/DynamicMaterialMediaStreamBridge/DynamicMaterialMediaStreamBridge.uplugin" 368
"../../../Engine/Plugins/Experimental/EvaluationNotifies/EvaluationNotifies.uplugin" 369
"../../../Engine/Plugins/Experimental/FloatingProperties/FloatingProperties.uplugin" 370
"../../../Engine/Plugins/Experimental/GeometryDataflow/GeometryDataflow.uplugin" 371
"../../../Engine/Plugins/Experimental/GeometryCacheLevelSequenceBaker/GeometryCacheLevelSequenceBaker.uplugin" 372
"../../../Engine/Plugins/Experimental/GeometryCacheAbcFile/GeometryCacheAbcFile.uplugin" 373
"../../../Engine/Plugins/Experimental/GeometryFlow/GeometryFlow.uplugin" 374
"../../../Engine/Plugins/Experimental/GlobalConfigurationData/GlobalConfigurationData.uplugin" 375
"../../../Engine/Plugins/Experimental/GameplayTargetingSystem/TargetingSystem.uplugin" 376
"../../../Engine/Plugins/Experimental/GameplayGraph/GameplayGraph.uplugin" 377
"../../../Engine/Plugins/Experimental/GeometryCollectionPlugin/GeometryCollectionPlugin.uplugin" 378
"../../../Engine/Plugins/Experimental/Fracture/Fracture.uplugin" 379
"../../../Engine/Plugins/Experimental/GPULightmass/GPULightmass.uplugin" 380
"../../../Engine/Plugins/Experimental/GameInputWindows/GameInputWindows.uplugin" 381
"../../../Engine/Plugins/Experimental/HairStrandsMutable/HairStrandsMutable.uplugin" 382
"../../../Engine/Plugins/Experimental/HairCardGenerator/HairCardGenerator.uplugin" 383
"../../../Engine/Plugins/Experimental/GizmoEdMode/GizmoEdMode.uplugin" 384
"../../../Engine/Plugins/Experimental/GizmoFramework/GizmoFramework.uplugin" 385
"../../../Engine/Plugins/Experimental/ImpostorBaker/ImpostorBaker.uplugin" 386
"../../../Engine/Plugins/Experimental/Iris/Iris.uplugin" 387
"../../../Engine/Plugins/Experimental/InEditorDocumentation/InEditorDocumentation.uplugin" 388
"../../../Engine/Plugins/Experimental/HairModelingToolset/HairModelingToolset.uplugin" 389
"../../../Engine/Plugins/Experimental/ImagePlate/ImagePlate.uplugin" 390
"../../../Engine/Plugins/Experimental/LearningAgents/LearningAgents.uplugin" 391
"../../../Engine/Plugins/Experimental/ImageWidgets/ImageWidgets.uplugin" 392
"../../../Engine/Plugins/Experimental/ControlRigPhysics/ControlRigPhysics.uplugin" 393
"../../../Engine/Plugins/Experimental/GameplayBehaviors/GameplayBehaviors.uplugin" 394
"../../../Engine/Plugins/Experimental/LowLevelNetTrace/LowLevelNetTrace.uplugin" 395
"../../../Engine/Plugins/Experimental/LevelSequenceNavigatorBridge/LevelSequenceNavigatorBridge.uplugin" 396
"../../../Engine/Plugins/Experimental/JWT/JWT.uplugin" 397
"../../../Engine/Plugins/Experimental/FastGeoStreaming/FastGeoStreaming.uplugin" 398
"../../../Engine/Plugins/Experimental/LiveLinkControlRig/LiveLinkControlRig.uplugin" 399
"../../../Engine/Plugins/Experimental/InstanceDataObjectFixupTool/InstanceDataObjectFixupTool.uplugin" 400
"../../../Engine/Plugins/Experimental/MeshResizing/MeshResizing.uplugin" 401
"../../../Engine/Plugins/Experimental/LiveLinkOpenVR/LiveLinkOpenVR.uplugin" 402
"../../../Engine/Plugins/Experimental/MeshModelingToolsetExp/MeshModelingToolsetExp.uplugin" 403
"../../../Engine/Plugins/Experimental/InteractionInterface/InteractionInterface.uplugin" 404
"../../../Engine/Plugins/Experimental/LocalizableMessage/LocalizableMessage.uplugin" 405
"../../../Engine/Plugins/Experimental/MediaStream/MediaStream.uplugin" 406
"../../../Engine/Plugins/Experimental/Landmass/Landmass.uplugin" 407
"../../../Engine/Plugins/Experimental/MoverAnimNext/MoverAnimNext.uplugin" 408
"../../../Engine/Plugins/Experimental/MoverExamples/MoverExamples.uplugin" 409
"../../../Engine/Plugins/Experimental/LiveLinkFaceImporter/LiveLinkFaceImporter.uplugin" 410
"../../../Engine/Plugins/Experimental/MotoSynth/MotoSynth.uplugin" 411
"../../../Engine/Plugins/Experimental/MutableClothing/MutableClothing.uplugin" 412
"../../../Engine/Plugins/Experimental/MoverIntegrations/MoverIntegrations.uplugin" 413
"../../../Engine/Plugins/Experimental/InlineMaterialInstance/InlineMaterialInstance.uplugin" 414
"../../../Engine/Plugins/Experimental/MutableDataflow/MutableDataflow.uplugin" 415
"../../../Engine/Plugins/Experimental/MetasoundExperimental/MetasoundExperimental.uplugin" 416
"../../../Engine/Plugins/Experimental/MotorSimOutputMotoSynth/MotorSimOutputMotoSynth.uplugin" 417
"../../../Engine/Plugins/Experimental/MovieScenePoseSearchTracks/MovieScenePoseSearchTracks.uplugin" 418
"../../../Engine/Plugins/Experimental/MoverTests/MoverTests.uplugin" 419
"../../../Engine/Plugins/Experimental/NFORDenoise/NFORDenoise.uplugin" 420
"../../../Engine/Plugins/Experimental/MLflow/MLflow.uplugin" 421
"../../../Engine/Plugins/Experimental/NaniteAssemblyEditorUtils/NaniteAssemblyEditorUtils.uplugin" 422
"../../../Engine/Plugins/Experimental/MovieSceneAnimMixer/MovieSceneAnimMixer.uplugin" 423
"../../../Engine/Plugins/Experimental/Mover/Mover.uplugin" 424
"../../../Engine/Plugins/Experimental/NNERuntimeRDG/NNERuntimeRDG.uplugin" 425
"../../../Engine/Plugins/Experimental/OptiXDenoise/OptiXDenoise.uplugin" 426
"../../../Engine/Plugins/Experimental/MutablePopulation/MutablePopulation.uplugin" 427
"../../../Engine/Plugins/Experimental/NaniteDisplacedMesh/NaniteDisplacedMesh.uplugin" 428
"../../../Engine/Plugins/Experimental/NNERuntimeIREE/NNERuntimeIREE.uplugin" 429
"../../../Engine/Plugins/Experimental/PanoramicCapture/PanoramicCapture.uplugin" 430
"../../../Engine/Plugins/Experimental/PlainPropsEngine/PlainPropsEngine.uplugin" 431
"../../../Engine/Plugins/Experimental/OpenImageDenoise/OpenImageDenoise.uplugin" 432
"../../../Engine/Plugins/Experimental/NNERuntimeCoreML/NNERuntimeCoreML.uplugin" 433
"../../../Engine/Plugins/Experimental/PlatformCrypto/PlatformCrypto.uplugin" 434
"../../../Engine/Plugins/Experimental/NNERuntimeBasicCpu/NNERuntimeBasicCpu.uplugin" 435
"../../../Engine/Plugins/Experimental/PCGBiomeSample/PCGBiomeSample.uplugin" 436
"../../../Engine/Plugins/Experimental/PluginTemplateTool/PluginTemplateTool.uplugin" 437
"../../../Engine/Plugins/Experimental/PCGBiomeCore/PCGBiomeCore.uplugin" 438
"../../../Engine/Plugins/Experimental/PhysicsControl/PhysicsControl.uplugin" 439
"../../../Engine/Plugins/Experimental/PixelStreamingPlayer/PixelStreamingPlayer.uplugin" 440
"../../../Engine/Plugins/Experimental/PluginReferenceViewer/PluginReferenceViewer.uplugin" 441
"../../../Engine/Plugins/Experimental/PlanarCutPlugin/PlanarCut.uplugin" 442
"../../../Engine/Plugins/Experimental/ProceduralVegetationEditor/ProceduralVegetationEditor.uplugin" 443
"../../../Engine/Plugins/Experimental/PlainProps/PlainProps.uplugin" 444
"../../../Engine/Plugins/Experimental/PluginAudit/PluginAudit.uplugin" 445
"../../../Engine/Plugins/Experimental/PythonMLPackages/PythonMLPackages.uplugin" 446
"../../../Engine/Plugins/Experimental/RemoteControlComponents/RemoteControlComponents.uplugin" 447
"../../../Engine/Plugins/Experimental/RawInput/RawInput.uplugin" 448
"../../../Engine/Plugins/Experimental/PythonScriptPlugin/PythonScriptPlugin.uplugin" 449
"../../../Engine/Plugins/Experimental/QuicMessaging/QuicMessaging.uplugin" 450
"../../../Engine/Plugins/Experimental/PythonFoundationPackages/PythonFoundationPackages.uplugin" 451
"../../../Engine/Plugins/Experimental/RigLogicMutable/RigLogicMutable.uplugin" 452
"../../../Engine/Plugins/Experimental/RazerChromaDevices/RazerChromaDevices.uplugin" 453
"../../../Engine/Plugins/Experimental/RigLogicUAF/RigLogicUAF.uplugin" 454
"../../../Engine/Plugins/Experimental/NeuralRendering/NeuralRendering.uplugin" 455
"../../../Engine/Plugins/Experimental/RemoteControlActorModifierBridge/RemoteControlActorModifierBridge.uplugin" 456
"../../../Engine/Plugins/Experimental/RemoteSession/RemoteSession.uplugin" 457
"../../../Engine/Plugins/Experimental/PostProcessMaterialChainGraph/PostProcessMaterialChainGraph.uplugin" 458
"../../../Engine/Plugins/Experimental/PlainPropsUObject/PlainPropsUObject.uplugin" 459
"../../../Engine/Plugins/Experimental/PSDImporterMaterialDesignerBridge/PSDImporterMaterialDesignerBridge.uplugin" 460
"../../../Engine/Plugins/Experimental/RenderGrid/RenderGrid.uplugin" 461
"../../../Engine/Plugins/Experimental/SerializationUtils/SerializationUtils.uplugin" 462
"../../../Engine/Plugins/Experimental/PSDImporter/PSDImporter.uplugin" 463
"../../../Engine/Plugins/Experimental/RuntimeTelemetry/RuntimeTelemetry.uplugin" 464
"../../../Engine/Plugins/Experimental/ScreenReader/ScreenReader.uplugin" 465
"../../../Engine/Plugins/Experimental/SequenceNavigator/SequenceNavigator.uplugin" 466
"../../../Engine/Plugins/Experimental/SpatialReadiness/SpatialReadiness.uplugin" 467
"../../../Engine/Plugins/Experimental/StateGraph/StateGraph.uplugin" 468
"../../../Engine/Plugins/Experimental/SecuritySandbox/SecuritySandbox.uplugin" 469
"../../../Engine/Plugins/Experimental/SlateIM/SlateIM.uplugin" 470
"../../../Engine/Plugins/Experimental/SubmitToolEditor/SubmitToolEditor.uplugin" 471
"../../../Engine/Plugins/Experimental/SlateScreenReader/SlateScreenReader.uplugin" 472
"../../../Engine/Plugins/Experimental/StructUtils/StructUtils.uplugin" 473
"../../../Engine/Plugins/Experimental/SlateModelViewViewModel/SlateModelViewViewModel.uplugin" 474
"../../../Engine/Plugins/Experimental/TetMeshing/TetMeshing.uplugin" 475
"../../../Engine/Plugins/Experimental/Shotgrid/Shotgrid.uplugin" 476
"../../../Engine/Plugins/Experimental/TargetDeviceServicesScripting/TargetDeviceServicesScripting.uplugin" 477
"../../../Engine/Plugins/Experimental/TechAudioTools/TechAudioTools.uplugin" 478
"../../../Engine/Plugins/Experimental/SurfaceEffects/SurfaceEffects.uplugin" 479
"../../../Engine/Plugins/Experimental/UserToolBoxBasicCommand/UserToolBoxBasicCommand.uplugin" 480
"../../../Engine/Plugins/Experimental/SimpleHMD/SimpleHMD.uplugin" 481
"../../../Engine/Plugins/Experimental/ToolPresets/ToolPresets.uplugin" 482
"../../../Engine/Plugins/Experimental/TextToSpeech/TextToSpeech.uplugin" 483
"../../../Engine/Plugins/Experimental/UIFramework/UIFramework.uplugin" 484
"../../../Engine/Plugins/Experimental/Tensorboard/Tensorboard.uplugin" 485
"../../../Engine/Plugins/Experimental/Water/Water.uplugin" 486
"../../../Engine/Plugins/Experimental/SubtitlesAndClosedCaptions/SubtitlesAndClosedCaptions.uplugin" 487
"../../../Engine/Plugins/Experimental/SkeletalReduction/SkeletalReduction.uplugin" 488
"../../../Engine/Plugins/Experimental/UserToolBoxCore/UserToolBoxCore.uplugin" 489
"../../../Engine/Plugins/Experimental/WaveFunctionCollapse/WaveFunctionCollapse.uplugin" 490
"../../../Engine/Plugins/Experimental/WaterExtras/WaterExtras.uplugin" 491
"../../../Engine/Plugins/Experimental/VirtualProductionUtilities/VirtualProductionUtilities.uplugin" 492
"../../../Engine/Plugins/Experimental/Volumetrics/Volumetrics.uplugin" 493
"../../../Engine/Plugins/Experimental/WebSocketMessaging/WebSocketMessaging.uplugin" 494
"../../../Engine/Plugins/Experimental/VirtualHeightfieldMesh/VirtualHeightfieldMesh.uplugin" 495
"../../../Engine/Plugins/Experimental/WebSocketNetworking/WebSocketNetworking.uplugin" 496
"../../../Engine/Plugins/FX/CascadeToNiagaraConverter/CascadeToNiagaraConverter.uplugin" 497
"../../../Engine/Plugins/FX/NiagaraFluids/NiagaraFluids.uplugin" 498
"../../../Engine/Plugins/Interchange/Runtime/Interchange.uplugin" 499
"../../../Engine/Plugins/Media/AjaMedia/AjaMedia.uplugin" 500
"../../../Engine/Plugins/FX/Cascade/Cascade.uplugin" 501
"../../../Engine/Plugins/Importers/AlembicImporter/AlembicImporter.uplugin" 502
"../../../Engine/Plugins/Interchange/Assets/InterchangeAssets.uplugin" 503
"../../../Engine/Plugins/Importers/USDImporter/USDImporter.uplugin" 504
"../../../Engine/Plugins/FX/NiagaraNanite/NiagaraNanite.uplugin" 505
"../../../Engine/Plugins/Experimental/WidgetEditorToolPalette/WidgetEditorToolPalette.uplugin" 506
"../../../Engine/Plugins/Media/AppleProResMedia/AppleProResMedia.uplugin" 507
"../../../Engine/Plugins/FX/NiagaraMRQ/NiagaraMRQ.uplugin" 508
"../../../Engine/Plugins/Media/AndroidCamera/AndroidCamera.uplugin" 509
"../../../Engine/Plugins/Experimental/WaterAdvanced/WaterAdvanced.uplugin" 510
"../../../Engine/Plugins/Importers/AlembicHairImporter/AlembicHairImporter.uplugin" 511
"../../../Engine/Plugins/Media/AndroidMedia/AndroidMedia.uplugin" 512
"../../../Engine/Plugins/Importers/USDMultiUser/USDMultiUser.uplugin" 513
"../../../Engine/Plugins/FX/NiagaraSimCaching/NiagaraSimCaching.uplugin" 514
"../../../Engine/Plugins/Importers/USDImporterMDL/USDImporterMDL.uplugin" 515
"../../../Engine/Plugins/Media/AppleProResDecoderElectra/AppleProResDecoderElectra.uplugin" 516
"../../../Engine/Plugins/Media/BinkMedia/BinkMedia.uplugin" 517
"../../../Engine/Plugins/Media/AvidDNxMedia/AvidDNxMedia.uplugin" 518
"../../../Engine/Plugins/Media/AvidDNxHDDecoderElectra/AvidDNxHDDecoderElectra.uplugin" 519
"../../../Engine/Plugins/Media/ElectraCodecs/ElectraCodecs.uplugin" 520
"../../../Engine/Plugins/Media/AudioCaptureTimecodeProvider/AudioCaptureTimecodeProvider.uplugin" 521
"../../../Engine/Plugins/Media/BlackmagicMedia/BlackmagicMedia.uplugin" 522
"../../../Engine/Plugins/Media/ElectraCDM/ElectraCDM.uplugin" 523
"../../../Engine/Plugins/Media/HAPDecoderElectra/HAPDecoderElectra.uplugin" 524
"../../../Engine/Plugins/Media/ElectraPlayer/ElectraPlayer.uplugin" 525
"../../../Engine/Plugins/Media/HardwareEncoders/HardwareEncoders.uplugin" 526
"../../../Engine/Plugins/Media/MediaCompositing/MediaCompositing.uplugin" 527
"../../../Engine/Plugins/Media/FlacDecoderElectra/FlacDecoderElectra.uplugin" 528
"../../../Engine/Plugins/Media/LinearTimecode/LinearTimecode.uplugin" 529
"../../../Engine/Plugins/Media/ElectraSubtitles/ElectraSubtitles.uplugin" 530
"../../../Engine/Plugins/Media/MediaFrameworkUtilities/MediaFrameworkUtilities.uplugin" 531
"../../../Engine/Plugins/Media/MediaMovieStreamer/MediaMovieStreamer.uplugin" 532
"../../../Engine/Plugins/Media/AvfMedia/AvfMedia.uplugin" 533
"../../../Engine/Plugins/Media/MediaPlayerEditor/MediaPlayerEditor.uplugin" 534
"../../../Engine/Plugins/Media/HAPMedia/HAPMedia.uplugin" 535
"../../../Engine/Plugins/FX/ExampleCustomDataInterface/ExampleCustomDataInterface.uplugin" 536
"../../../Engine/Plugins/Media/MediaPlate/MediaPlate.uplugin" 537
"../../../Engine/Plugins/Media/OpusDecoderElectra/OpusDecoderElectra.uplugin" 538
"../../../Engine/Plugins/Media/MfMedia/MfMedia.uplugin" 539
"../../../Engine/Plugins/Media/NDIMedia/NDIMedia.uplugin" 540
"../../../Engine/Plugins/Media/WebMMedia/WebMMedia.uplugin" 541
"../../../Engine/Plugins/Media/D3D12VideoDecodersElectra/D3D12VideoDecodersElectra.uplugin" 542
"../../../Engine/Plugins/Messaging/TcpMessaging/TcpMessaging.uplugin" 543
"../../../Engine/Plugins/Messaging/UdpMessaging/UdpMessaging.uplugin" 544
"../../../Engine/Plugins/Media/MJPEGDecoderElectra/MJPEGDecoderElectra.uplugin" 545
"../../../Engine/Plugins/Media/PixelStreaming2/PixelStreaming2.uplugin" 546
"../../../Engine/Plugins/Media/PixelStreaming/PixelStreaming.uplugin" 547
"../../../Engine/Plugins/Media/VPxDecoderElectra/VPxDecoderElectra.uplugin" 548
"../../../Engine/Plugins/Messaging/MessagingDebugger/MessagingDebugger.uplugin" 549
"../../../Engine/Plugins/MovieScene/ActorSequence/ActorSequence.uplugin" 550
"../../../Engine/Plugins/Media/PixelCapture/PixelCapture.uplugin" 551
"../../../Engine/Plugins/Interchange/Editor/InterchangeEditor.uplugin" 552
"../../../Engine/Plugins/FX/Niagara/Niagara.uplugin" 553
"../../../Engine/Plugins/Media/WmfMedia/WmfMedia.uplugin" 554
"../../../Engine/Plugins/Media/ImgMedia/ImgMedia.uplugin" 555
"../../../Engine/Plugins/MovieScene/CustomizableSequencerTracks/CustomizableSequencerTracks.uplugin" 556
"../../../Engine/Plugins/MovieScene/MovieSceneTextTrack/MovieSceneTextTrack.uplugin" 557
"../../../Engine/Plugins/MovieScene/MovieRenderPipeline/MovieRenderPipeline.uplugin" 558
"../../../Engine/Plugins/MovieScene/LevelSequenceEditor/LevelSequenceEditor.uplugin" 559
"../../../Engine/Plugins/MovieScene/SequencerScripting/SequencerScripting.uplugin" 560
"../../../Engine/Plugins/MovieScene/ReplayTracks/ReplayTracks.uplugin" 561
"../../../Engine/Plugins/MovieScene/MoviePipelineMaskRenderPass/MoviePipelineMaskRenderPass.uplugin" 562
"../../../Engine/Plugins/MovieScene/SequenceValidator/SequenceValidator.uplugin" 563
"../../../Engine/Plugins/Media/MediaIOFramework/MediaIOFramework.uplugin" 564
"../../../Engine/Plugins/NNE/NNERuntimeORT/NNERuntimeORT.uplugin" 565
"../../../Engine/Plugins/NNE/NNEDenoiser/NNEDenoiser.uplugin" 566
"../../../Engine/Plugins/PCGInterops/PCGPythonInterop/PCGPythonInterop.uplugin" 567
"../../../Engine/Plugins/Media/TimecodeSynchronizer/TimecodeSynchronizer.uplugin" 568
"../../../Engine/Plugins/Media/MediaViewer/MediaViewer.uplugin" 569
"../../../Engine/Plugins/PCGInterops/PCGGeometryScriptInterop/PCGGeometryScriptInterop.uplugin" 570
"../../../Engine/Plugins/Tests/CQTest/CQTest.uplugin" 571
"../../../Engine/Plugins/Portal/LauncherChunkInstaller/LauncherChunkInstaller.uplugin" 572
"../../../Engine/Plugins/Tests/CQTestEnhancedInput/CQTestEnhancedInput.uplugin" 573
"../../../Engine/Plugins/Slate/SlateScripting/SlateScripting.uplugin" 574
"../../../Engine/Plugins/Tests/AutomationDriverTests/AutomationDriverTests.uplugin" 575
"../../../Engine/Plugins/Slate/SlateInsights/SlateInsights.uplugin" 576
"../../../Engine/Plugins/PCGInterops/PCGExternalDataInterop/PCGExternalDataInterop.uplugin" 577
"../../../Engine/Plugins/Tests/CQTestExperimental/CQTestExperimental.uplugin" 578
"../../../Engine/Plugins/Media/ElectraUtil/ElectraUtil.uplugin" 579
"../../../Engine/Plugins/Tests/PythonAutomationTest/PythonAutomationTest.uplugin" 580
"../../../Engine/Plugins/Tests/WidgetAutomationTests/WidgetAutomationTests.uplugin" 581
"../../../Engine/Plugins/Tests/RHITests/RHITests.uplugin" 582
"../../../Engine/Plugins/Tests/RuntimeTests/RuntimeTests.uplugin" 583
"../../../Engine/Plugins/Tests/FunctionalTestingEditor/FunctionalTestingEditor.uplugin" 584
"../../../Engine/Plugins/Tests/AudioCQTests/AudioCQTests.uplugin" 585
"../../../Engine/Plugins/FX/NiagaraPreviewContent/NiagaraPreviewContent.uplugin" 586
"../../../Engine/Plugins/VirtualProduction/AvalancheSceneState/AvalancheSceneState.uplugin" 587
"../../../Engine/Plugins/Tests/TestSamples/TestSamples.uplugin" 588
"../../../Engine/Plugins/VirtualProduction/CameraCalibration/CameraCalibration.uplugin" 589
"../../../Engine/Plugins/Tests/EditorTests/EditorTests.uplugin" 590
"../../../Engine/Plugins/VirtualProduction/ActorModifierCore/ActorModifierCore.uplugin" 591
"../../../Engine/Plugins/VirtualProduction/CameraCalibrationML/CameraCalibrationML.uplugin" 592
"../../../Engine/Plugins/Experimental/Workspace/Workspace.uplugin" 593
"../../../Engine/Plugins/VirtualProduction/CameraCalibrationCore/CameraCalibrationCore.uplugin" 594
"../../../Engine/Plugins/MovieScene/TemplateSequence/TemplateSequence.uplugin" 595
"../../../Engine/Plugins/VirtualProduction/CompositePlane/CompositePlane.uplugin" 596
"../../../Engine/Plugins/VirtualProduction/Avalanche/Avalanche.uplugin" 597
"../../../Engine/Plugins/VirtualProduction/DataLink/DataLink.uplugin" 598
"../../../Engine/Plugins/VirtualProduction/ActorModifier/ActorModifier.uplugin" 599
"../../../Engine/Plugins/Tests/FbxAutomationTestBuilder/FbxAutomationTestBuilder.uplugin" 600
"../../../Engine/Plugins/VirtualProduction/CaptureData/CaptureData.uplugin" 601
"../../../Engine/Plugins/VirtualProduction/CustomDetailsView/CustomDetailsView.uplugin" 602
"../../../Engine/Plugins/VirtualProduction/CinematicAssemblyTools/CinematicAssemblyTools.uplugin" 603
"../../../Engine/Plugins/Experimental/XRCreativeFramework/XRCreativeFramework.uplugin" 604
"../../../Engine/Plugins/VirtualProduction/DataLinkOAuth/DataLinkOAuth.uplugin" 605
"../../../Engine/Plugins/VirtualProduction/GeometryMask/GeometryMask.uplugin" 606
"../../../Engine/Plugins/VirtualProduction/ICVFX/ICVFX.uplugin" 607
"../../../Engine/Plugins/VirtualProduction/DataCharts/DataCharts.uplugin" 608
"../../../Engine/Plugins/Tests/InterchangeTests/InterchangeTests.uplugin" 609
"../../../Engine/Plugins/VirtualProduction/LiveLinkCamera/LiveLinkCamera.uplugin" 610
"../../../Engine/Plugins/VirtualProduction/DynamicMaterial/DynamicMaterial.uplugin" 611
"../../../Engine/Plugins/VirtualProduction/ICVFXTesting/ICVFXTesting.uplugin" 612
"../../../Engine/Plugins/VirtualProduction/LevelSnapshots/LevelSnapshots.uplugin" 613
"../../../Engine/Plugins/VirtualProduction/LiveLinkMasterLockit/LiveLinkMasterLockit.uplugin" 614
"../../../Engine/Plugins/VirtualProduction/EpicStageApp/EpicStageApp.uplugin" 615
"../../../Engine/Plugins/VirtualProduction/LiveLinkOpenTrackIO/LiveLinkOpenTrackIO.uplugin" 616
"../../../Engine/Plugins/VirtualProduction/LiveLinkFreeD/LiveLinkFreeD.uplugin" 617
"../../../Engine/Plugins/VirtualProduction/LiveLinkXR/LiveLinkXR.uplugin" 618
"../../../Engine/Plugins/VirtualProduction/OperatorStack/OperatorStack.uplugin" 619
"../../../Engine/Plugins/VirtualProduction/LiveLinkInputDevice/LiveLinkInputDevice.uplugin" 620
"../../../Engine/Plugins/VirtualProduction/PropertyAnimator/PropertyAnimator.uplugin" 621
"../../../Engine/Plugins/VirtualProduction/LensComponent/LensComponent.uplugin" 622
"../../../Engine/Plugins/VirtualProduction/LiveLinkVRPN/LiveLinkVRPN.uplugin" 623
"../../../Engine/Plugins/VirtualProduction/LiveLinkPrestonMDR/LiveLinkPrestonMDR.uplugin" 624
"../../../Engine/Plugins/VirtualProduction/RemoteControlProtocolMIDI/RemoteControlProtocolMIDI.uplugin" 625
"../../../Engine/Plugins/VirtualProduction/RemoteControlInterception/RemoteControlInterception.uplugin" 626
"../../../Engine/Plugins/VirtualProduction/ClonerEffector/ClonerEffector.uplugin" 627
"../../../Engine/Plugins/Tests/TestFramework/TestFramework.uplugin" 628
"../../../Engine/Plugins/VirtualProduction/SceneStateDataLink/SceneStateDataLink.uplugin" 629
"../../../Engine/Plugins/VirtualProduction/PerformanceCaptureWorkflow/PerformanceCaptureWorkflow.uplugin" 630
"../../../Engine/Plugins/VirtualProduction/RemoteControlProtocolDMX/RemoteControlProtocolDMX.uplugin" 631
"../../../Engine/Plugins/VirtualProduction/RemoteControlWebInterface/RemoteControlWebInterface.uplugin" 632
"../../../Engine/Plugins/VirtualProduction/StormSync/StormSync.uplugin" 633
"../../../Engine/Plugins/VirtualProduction/SceneState/SceneState.uplugin" 634
"../../../Engine/Plugins/VirtualProduction/Text3D/Text3D.uplugin" 635
"../../../Engine/Plugins/VirtualProduction/Takes/Takes.uplugin" 636
"../../../Engine/Plugins/VirtualProduction/AvalancheDataLink/AvalancheDataLink.uplugin" 637
"../../../Engine/Plugins/VirtualProduction/SVGImporter/SVGImporter.uplugin" 638
"../../../Engine/Plugins/VirtualProduction/VirtualCamera/VirtualCamera.uplugin" 639
"../../../Engine/Plugins/VirtualProduction/RemoteControlProtocolOSC/RemoteControlProtocolOSC.uplugin" 640
"../../../Engine/Plugins/VirtualProduction/TextureShare/TextureShare.uplugin" 641
"../../../Engine/Plugins/VirtualProduction/LiveLinkLens/LiveLinkLens.uplugin" 642
"../../../Engine/Plugins/VirtualProduction/SequencerPlaylists/SequencerPlaylists.uplugin" 643
"../../../Engine/Plugins/VirtualProduction/Switchboard/Switchboard.uplugin" 644
"../../../Engine/Plugins/VirtualProduction/TimedDataMonitor/TimedDataMonitor.uplugin" 645
"../../../Engine/Plugins/VirtualProduction/StormSyncAvalancheBridge/StormSyncAvalancheBridge.uplugin" 646
"../../../Engine/Plugins/VirtualProduction/RemoteControl/RemoteControl.uplugin" 647
"../../../Engine/Plugins/VirtualProduction/VirtualCameraCore/VirtualCameraCore.uplugin" 648
"../../../Engine/Plugins/Runtime/Steam/SteamSockets/SteamSockets.uplugin" 649
"../../../Engine/Plugins/Runtime/Advertising/IOSTapJoy/IOSTapJoy.uplugin" 650
"../../../Engine/Plugins/Runtime/Steam/SteamAudio/SteamAudio.uplugin" 651
"../../../Engine/Plugins/Runtime/XR/XRScribe/XRScribe.uplugin" 652
"../../../Engine/Plugins/Runtime/Steam/SteamShared/SteamShared.uplugin" 653
"../../../Engine/Plugins/Editor/ContentBrowser/ContentBrowserAliasDataSource/ContentBrowserAliasDataSource.uplugin" 654
"../../../Engine/Plugins/Runtime/Steam/SteamController/SteamController.uplugin" 655
"../../../Engine/Plugins/Runtime/XR/XRVisualization/XRVisualization.uplugin" 656
"../../../Engine/Plugins/Animation/MLDeformer/NearestNeighborModel/NearestNeighborModel.uplugin" 657
"../../../Engine/Plugins/VirtualProduction/PropertyAnimatorCore/PropertyAnimatorCore.uplugin" 658
"../../../Engine/Plugins/Editor/ContentBrowser/ContentBrowserClassDataSource/ContentBrowserClassDataSource.uplugin" 659
"../../../Engine/Plugins/Experimental/Animation/HierarchyTableAnimation/HierarchyTableAnimation.uplugin" 660
"../../../Engine/Plugins/Experimental/Animation/HierarchyTable/HierarchyTable.uplugin" 661
"../../../Engine/Plugins/Editor/ContentBrowser/ContentBrowserAssetDataSource/ContentBrowserAssetDataSource.uplugin" 662
"../../../Engine/Plugins/Runtime/AR/ARUtilities/ARUtilities.uplugin" 663
"../../../Engine/Plugins/Animation/MLDeformer/ChaosFleshGenerator/ChaosFleshGenerator.uplugin" 664
"../../../Engine/Plugins/Experimental/Animation/Locomotor/Locomotor.uplugin" 665
"../../../Engine/Plugins/Experimental/Animation/Optimus/Optimus.uplugin" 666
"../../../Engine/Plugins/Experimental/Animation/MotionTrajectory/MotionTrajectory.uplugin" 667
"../../../Engine/Plugins/Editor/ContentBrowser/ContentBrowserFileDataSource/ContentBrowserFileDataSource.uplugin" 668
"../../../Engine/Plugins/Experimental/Animation/ContextualAnimation/ContextualAnimation.uplugin" 669
"../../../Engine/Plugins/Animation/MLDeformer/MLDeformerFramework/MLDeformerFramework.uplugin" 670
"../../../Engine/Plugins/Experimental/Animation/CurveExpression/CurveExpression.uplugin" 671
"../../../Engine/Plugins/Experimental/Animation/PackedAttributes/PackedAttributes.uplugin" 672
"../../../Engine/Plugins/Experimental/Animation/RelativeIKOp/RelativeIKOp.uplugin" 673
"../../../Engine/Plugins/Animation/MLDeformer/ChaosClothGenerator/ChaosClothGenerator.uplugin" 674
"../../../Engine/Plugins/Experimental/Animation/RigMapper/RigMapper.uplugin" 675
"../../../Engine/Plugins/Experimental/Animation/RigMapperOp/RigMapperOp.uplugin" 676
"../../../Engine/Plugins/Online/IOS/OnlineSubsystemIOS/OnlineSubsystemIOS.uplugin" 677
"../../../Engine/Plugins/Experimental/Animation/SkeletalMeshMorphTargetEditingTools/SkeletalMeshMorphTargetEditingTools.uplugin" 678
"../../../Engine/Plugins/Online/VoiceChat/VoiceChat/VoiceChat.uplugin" 679
"../../../Engine/Plugins/Animation/MLDeformer/VertexDeltaModel/VertexDeltaModel.uplugin" 680
"../../../Engine/Plugins/Online/VoiceChat/EOSVoiceChat/EOSVoiceChat.uplugin" 681
"../../../Engine/Plugins/Runtime/Analytics/AnalyticsBlueprintLibrary/AnalyticsBlueprintLibrary.uplugin" 682
"../../../Engine/Plugins/Runtime/Database/ADOSupport/ADOSupport.uplugin" 683
"../../../Engine/Plugins/Experimental/Animation/TrajectoryTools/TrajectoryTools.uplugin" 684
"../../../Engine/Plugins/Animation/MLDeformer/NeuralMorphModel/NeuralMorphModel.uplugin" 685
"../../../Engine/Plugins/Runtime/Database/SQLiteCore/SQLiteCore.uplugin" 686
"../../../Engine/Plugins/Runtime/Database/RemoteDatabaseSupport/RemoteDatabaseSupport.uplugin" 687
"../../../Engine/Plugins/Runtime/Windows/WinVirtualKeyboard/WinVirtualKeyboard.uplugin" 688
"../../../Engine/Plugins/Runtime/Database/SQLiteSupport/SQLiteSupport.uplugin" 689
"../../../Engine/Plugins/Runtime/Analytics/FileLogging/FileLogging.uplugin" 690
"../../../Engine/Plugins/Runtime/Windows/WinDualShock/WinDualShock.uplugin" 691
"../../../Engine/Plugins/Runtime/Analytics/Adjust/Adjust.uplugin" 692
"../../../Engine/Plugins/Runtime/Analytics/AnalyticsMulticast/AnalyticsMulticast.uplugin" 693
"../../../Engine/Plugins/Experimental/Enterprise/DataprepGeometryOperations/DataprepGeometryOperations.uplugin" 694
"../../../Engine/Plugins/Runtime/Windows/XInputDevice/XInputDevice.uplugin" 695
"../../../Engine/Plugins/Experimental/Enterprise/DatasmithRuntime/DatasmithRuntime.uplugin" 696
"../../../Engine/Plugins/Experimental/PCGInterops/PCGInstancedActorsInterop/PCGInstancedActorsInterop.uplugin" 697
"../../../Engine/Plugins/Experimental/PCGInterops/PCGFastGeoInterop/PCGFastGeoInterop.uplugin" 698
"../../../Engine/Plugins/Experimental/PCGInterops/PCGNiagaraInterop/PCGNiagaraInterop.uplugin" 699
"../../../Engine/Plugins/Runtime/Nvidia/Reflex/Reflex.uplugin" 700
"../../../Engine/Plugins/Experimental/Web/WebAPI/WebAPI.uplugin" 701
"../../../Engine/Plugins/Runtime/Database/DatabaseSupport/DatabaseSupport.uplugin" 702
"../../../Engine/Plugins/Runtime/Nvidia/GeForceNOWWrapper/GeForceNOWWrapper.uplugin" 703
"../../../Engine/Plugins/Interchange/Extensions/OpenUSD/InterchangeOpenUSD.uplugin" 704
"../../../Engine/Plugins/Developer/Concert/ConcertMain/ConcertMain.uplugin" 705
"../../../Engine/Plugins/VirtualProduction/CaptureManager/CaptureManagerApp/CaptureManagerApp.uplugin" 706
"../../../Engine/Plugins/Interchange/Extensions/OpenVDB/InterchangeOpenVDB.uplugin" 707
"../../../Engine/Plugins/Editor/ObjectMixer/ObjectMixer/ObjectMixer.uplugin" 708
"../../../Engine/Plugins/VirtualProduction/CaptureManager/CaptureManagerCore/CaptureManagerCore.uplugin" 709
"../../../Engine/Plugins/Experimental/VirtualProduction/LedWallCalibration/LedWallCalibration.uplugin" 710
"../../../Engine/Plugins/Experimental/Enterprise/DatasmithInterchange/DatasmithInterchange.uplugin" 711
"../../../Engine/Plugins/Experimental/UAF/UAF/UAF.uplugin" 712
"../../../Engine/Plugins/Editor/ObjectMixer/LightMixer/LightMixer.uplugin" 713
"../../../Engine/Plugins/Experimental/VirtualProduction/VPSettings/VPSettings.uplugin" 714
"../../../Engine/Plugins/Experimental/PCGInterops/PCGWaterInterop/PCGWaterInterop.uplugin" 715
"../../../Engine/Plugins/Experimental/UAF/UAFAnimGraph/UAFAnimGraph.uplugin" 716
"../../../Engine/Plugins/Experimental/UAF/UAFChooser/UAFChooser.uplugin" 717
"../../../Engine/Plugins/VirtualProduction/CaptureManager/CaptureManagerEditor/CaptureManagerEditor.uplugin" 718
"../../../Engine/Plugins/Experimental/UAF/UAFControlRig/UAFControlRig.uplugin" 719
"../../../Engine/Plugins/Experimental/UAF/UAFPoseSearch/UAFPoseSearch.uplugin" 720
"../../../Engine/Plugins/Experimental/VirtualProduction/VPRoles/VPRoles.uplugin" 721
"../../../Engine/Plugins/Experimental/UAF/UAFMirroring/UAFMirroring.uplugin" 722
"../../../Engine/Plugins/Experimental/UAF/UAFTests/UAFTests.uplugin" 723
"../../../Engine/Plugins/VirtualProduction/CaptureManager/CaptureManagerDevices/CaptureManagerDevices.uplugin" 724
"../../../Engine/Plugins/Experimental/UAF/UAFStateTree/UAFStateTree.uplugin" 725
"../../../Engine/Plugins/Experimental/MetaHuman/MetaHumanCalibrationDiagnostics/MetaHumanCalibrationDiagnostics.uplugin" 726
"../../../Engine/Plugins/VirtualProduction/Rivermax/RivermaxCore/RivermaxCore.uplugin" 727
"../../../Engine/Plugins/VirtualProduction/Rivermax/RivermaxMedia/RivermaxMedia.uplugin" 728
"../../../Engine/Plugins/Runtime/PacketHandlers/AESGCMHandlerComponent/AESGCMHandlerComponent.uplugin" 729
"../../../Engine/Plugins/VirtualProduction/Rivermax/RivermaxSync/RivermaxSync.uplugin" 730
"../../../Engine/Plugins/Experimental/MetaHuman/MetaHumanCharacterUAF/MetaHumanCharacterUAF.uplugin" 731
"../../../Engine/Plugins/Experimental/MetaHuman/MetaHumanRuntime/MetaHumanRuntime.uplugin" 732
"../../../Engine/Plugins/Experimental/UAF/UAFWarping/UAFWarping.uplugin" 733
"../../../Engine/Plugins/VirtualProduction/VirtualScouting/VirtualScouting.uplugin" 734
"../../../Engine/Plugins/Runtime/PacketHandlers/DTLSHandlerComponent/DTLSHandlerComponent.uplugin" 735
"../../../Engine/Plugins/Experimental/AVCodecs/AMFCodecs/AMFCodecs.uplugin" 736
"../../../Engine/Plugins/Editor/Localization/PortableObjectFileDataSource/PortableObjectFileDataSource.uplugin" 737
"../../../Engine/Plugins/Online/Android/OnlineSubsystemGooglePlay/OnlineSubsystemGooglePlay.uplugin" 738
"../../../Engine/Plugins/Experimental/AVCodecs/NVCodecs/NVCodecs.uplugin" 739
"../../../Engine/Plugins/Experimental/AVCodecs/LibVpxCodecs/LibVpxCodecs.uplugin" 740
"../../../Engine/Plugins/Experimental/AVCodecs/AVCodecsCore/AVCodecsCore.uplugin" 741
"../../../Engine/Plugins/Experimental/CharacterFXEditor/BaseCharacterFXEditor/BaseCharacterFXEditor.uplugin" 742
"../../../Engine/Plugins/Online/Android/AndroidFetchBackgroundDownload/AndroidFetchBackgroundDownload.uplugin" 743
"../../../Engine/Plugins/Experimental/AVCodecs/VTCodecs/VTCodecs.uplugin" 744
"../../../Engine/Plugins/Experimental/AVCodecs/WMFCodecs/WMFCodecs.uplugin" 745
"../../../Engine/Plugins/VirtualProduction/DMX/DMXDisplayCluster/DMXDisplayCluster.uplugin" 746
"../../../Engine/Plugins/Experimental/PCGInterops/PCGNaniteAssembliesInterop/PCGNaniteAssembliesInterop.uplugin" 747
"../../../Engine/Plugins/VirtualProduction/DMX/DMXControlConsole/DMXControlConsole.uplugin" 748
"../../../Engine/Plugins/VirtualProduction/DMX/DatasmithMVR/DatasmithMVR.uplugin" 749
"../../../Engine/Plugins/VirtualProduction/MultiUserTakes/MultiUserTakes.uplugin" 750
"../../../Engine/Plugins/VirtualProduction/DMX/DMXEngine/DMXEngine.uplugin" 751
"../../../Engine/Plugins/VirtualProduction/DMX/DMXPixelMapping/DMXPixelMapping.uplugin" 752
"../../../Engine/Plugins/Runtime/AR/Google/GoogleARCoreServices/GoogleARCoreServices.uplugin" 753
"../../../Engine/Plugins/Experimental/Animation/MLDeformer/DetailPoseModel/DetailPoseModel.uplugin" 754
"../../../Engine/Plugins/Developer/Concert/ConcertApp/DisasterRecoveryClient/DisasterRecoveryClient.uplugin" 755
"../../../Engine/Plugins/Runtime/AR/AppleAR/AppleARKitFaceSupport/AppleARKitFaceSupport.uplugin" 756
"../../../Engine/Plugins/Runtime/AR/AppleAR/AppleARKit/AppleARKit.uplugin" 757
"../../../Engine/Plugins/VirtualProduction/DMX/DMXProtocol/DMXProtocol.uplugin" 758
"../../../Engine/Plugins/Developer/Concert/ConcertApp/MultiUserClient/MultiUserClient.uplugin" 759
"../../../Engine/Plugins/Runtime/AR/Google/GoogleARCore/GoogleARCore.uplugin" 760
"../../../Engine/Plugins/Developer/Concert/ConcertUI/ConcertClientSharedSlate/ConcertClientSharedSlate.uplugin" 761
"../../../Engine/Plugins/Developer/Concert/ConcertSync/ConcertSyncCore/ConcertSyncCore.uplugin" 762
"../../../Engine/Plugins/Developer/Concert/ConcertSync/ConcertSyncServer/ConcertSyncServer.uplugin" 763
"../../../Engine/Plugins/Developer/Concert/ConcertUI/ConcertSharedSlate/ConcertSharedSlate.uplugin" 764
"../../../Engine/Plugins/Developer/Concert/ConcertApp/MultiUserServer/MultiUserServer.uplugin" 765
"../../../Engine/Plugins/Developer/Concert/ConcertSync/ConcertSyncClient/ConcertSyncClient.uplugin" 766
"../../../Engine/Plugins/Developer/Concert/ConcertInsights/ConcertInsightsServer/ConcertInsightsServer.uplugin" 767
"../../../Engine/Plugins/Developer/Concert/ConcertInsights/ConcertInsightsVisualizer/ConcertInsightsVisualizer.uplugin" 768
"../../../Engine/Plugins/Developer/Concert/ConcertScripting/ConcertReplicationScripting/ConcertReplicationScripting.uplugin" 769
"../../../Engine/Plugins/Developer/Concert/ConcertInsights/ConcertInsightsCore/ConcertInsightsCore.uplugin" 770
"../../../Engine/Plugins/Experimental/CharacterFXEditor/ExampleCharacterFXEditor/ExampleCharacterFXEditor.uplugin" 771
"../../../Engine/Plugins/Developer/Concert/ConcertSync/ConcertSyncTest/ConcertSyncTest.uplugin" 772
"../../../Engine/Plugins/Developer/Concert/ConcertInsights/ConcertInsightsClient/ConcertInsightsClient.uplugin" 773
"../../../Engine/Plugins/Runtime/PacketHandlers/AESHandlerComponent/AESHandlerComponent.uplugin" 774
"../../../Engine/Plugins/VirtualProduction/StageMonitoring/StageMonitoring.uplugin" 775
"../../../Engine/Plugins/Runtime/MeshReconstruction/DummyMeshReconstructor/DummyMeshReconstructor.uplugin" 776
"../../../Engine/Plugins/VirtualProduction/DMX/DMXGDTF/DMXGDTF.uplugin" 777
"../../../Engine/Plugins/VirtualProduction/DMX/DMXModularFeatures/DMXModularFeatures.uplugin" 778
"../../../Engine/Plugins/VirtualProduction/DMX/DMXFixtures/DMXFixtures.uplugin" 779
"../../../Engine/Platforms/Android/Plugins/Animation/RigLogic/RigLogic_Android.uplugin" 780
"../../../Engine/Platforms/Android/Plugins/Animation/ACLPlugin/ACLPlugin_Android.uplugin" 781
"../../../Engine/Platforms/IOS/Plugins/Animation/RigLogic/RigLogic_IOS.uplugin" 782
"../../../Engine/Content/Internationalization/icudt64l/cnvalias.icu" 783
"../../../Engine/Content/Internationalization/icudt64l/res_index.res" 784
"../../../Engine/Content/Internationalization/icudt64l/plurals.res" 785
"../../../Engine/Content/Internationalization/icudt64l/lang/ja_JP.res" 786
"../../../Engine/Content/Internationalization/icudt64l/lang/pool.res" 787
"../../../Engine/Content/Internationalization/icudt64l/lang/ja.res" 788
"../../../Engine/Content/Internationalization/icudt64l/lang/root.res" 789
"../../../Engine/Content/Internationalization/icudt64l/region/ja_JP.res" 790
"../../../Engine/Content/Internationalization/icudt64l/region/pool.res" 791
"../../../Engine/Content/Internationalization/icudt64l/region/ja.res" 792
"../../../Engine/Content/Internationalization/icudt64l/region/root.res" 793
"../../../Engine/Content/Internationalization/icudt64l/lang/en.res" 794
"../../../Engine/Content/Internationalization/icudt64l/region/en.res" 795
"../../../Engine/Content/Internationalization/icudt64l/windowsZones.res" 796
"../../../Engine/Content/Internationalization/icudt64l/zoneinfo64.res" 797
"../../../Engine/Content/Internationalization/icudt64l/keyTypeData.res" 798
"../../../Engine/Content/Internationalization/icudt64l/timezoneTypes.res" 799
"../../../Engine/Content/Internationalization/icudt64l/likelySubtags.res" 800
"../../../Engine/Content/Internationalization/icudt64l/ja_JP.res" 801
"../../../Engine/Content/Internationalization/icudt64l/pool.res" 802
"../../../Engine/Content/Internationalization/icudt64l/ja.res" 803
"../../../Engine/Content/Internationalization/icudt64l/root.res" 804
"../../../Engine/Content/Internationalization/icudt64l/supplementalData.res" 805
"../../../Engine/Config/ConfigRedirects.ini" 806
"C:/Users/student/AppData/Local/UnrealEngine/5.7/Saved/Config/WindowsEditor/Manifest.ini" 807
"../../../Engine/Config/BaseEngine.ini" 808
"../../../Engine/Config/Windows/BaseWindowsEngine.ini" 809
"D:/24cu0220/KONA_BANANA/Config/DefaultEngine.ini" 810
"../../../Engine/Config/BaseGame.ini" 811
"D:/24cu0220/KONA_BANANA/Config/DefaultGame.ini" 812
"../../../Engine/Config/Windows/WindowsGame.ini" 813
"D:/24cu0220/KONA_BANANA/Saved/Config/WindowsEditor/Game.ini" 814
"../../../Engine/Config/BaseInput.ini" 815
"../../../Engine/Config/Windows/BaseWindowsInput.ini" 816
"D:/24cu0220/KONA_BANANA/Config/DefaultInput.ini" 817
"../../../Engine/Config/Windows/WindowsInput.ini" 818
"../../../Engine/Config/BaseDeviceProfiles.ini" 819
"../../../Engine/Config/BaseGameUserSettings.ini" 820
"D:/24cu0220/KONA_BANANA/Saved/Config/WindowsEditor/GameUserSettings.ini" 821
"../../../Engine/Config/BaseScalability.ini" 822
"../../../Engine/Config/BaseRuntimeOptions.ini" 823
"../../../Engine/Config/BaseInstallBundle.ini" 824
"../../../Engine/Config/BaseHardware.ini" 825
"../../../Engine/Config/BaseCompat.ini" 826
"../../../Engine/Config/BaseLightmass.ini" 827
"../../../Engine/Config/BaseEditor.ini" 828
"D:/24cu0220/KONA_BANANA/Config/DefaultEditor.ini" 829
"D:/24cu0220/KONA_BANANA/Saved/Config/WindowsEditor/Editor.ini" 830
"../../../Engine/Config/BaseMaterialExpressions.ini" 831
"../../../Engine/Config/BaseEditorPerProjectUserSettings.ini" 832
"D:/24cu0220/KONA_BANANA/Config/DefaultEditorPerProjectUserSettings.ini" 833
"../../../Engine/Config/Windows/WindowsEditorPerProjectUserSettings.ini" 834
"D:/24cu0220/KONA_BANANA/Saved/Config/WindowsEditor/EditorPerProjectUserSettings.ini" 835
"../../../Engine/Config/BaseEditorSettings.ini" 836
"../../../Engine/Config/Windows/WindowsEditorSettings.ini" 837
"C:/Users/student/AppData/Local/UnrealEngine/5.7/Saved/Config/WindowsEditor/EditorSettings.ini" 838
"../../../Engine/Config/BaseEditorKeyBindings.ini" 839
"C:/Users/student/AppData/Local/UnrealEngine/5.7/Saved/Config/WindowsEditor/EditorLayout.ini" 840
"D:/24cu0220/KONA_BANANA/Binaries/Win64/BANANA.target" 841
"D:/24cu0220/KONA_BANANA/Binaries/Win64/BANANAEditor.target" 842
"../../../Engine/Config/Android/BaseAndroidEngine.ini" 843
"../../../Engine/Config/Mac/BaseMacEngine.ini" 844
"../../../Engine/Config/Android/AndroidEngine.ini" 845
"../../../Engine/Config/IOS/BaseIOSEngine.ini" 846
"../../../Engine/Config/Linux/BaseLinuxEngine.ini" 847
"../../../Engine/Config/Unix/UnixEngine.ini" 848
"../../../Engine/Platforms/VisionOS/Config/BaseVisionOSEngine.ini" 849
"../../../Engine/Config/Linux/LinuxEngine.ini" 850
"../../../Engine/Config/Mac/MacGame.ini" 851
"../../../Engine/Config/Android/BaseAndroidGame.ini" 852
"../../../Engine/Platforms/VisionOS/Config/VisionOSEngine.ini" 853
"../../../Engine/Config/TVOS/TVOSEngine.ini" 854
"../../../Engine/Config/Mac/BaseMacInput.ini" 855
"../../../Engine/Config/Android/BaseAndroidInput.ini" 856
"../../../Engine/Config/IOS/BaseIOSGame.ini" 857
"../../../Engine/Config/IOS/IOSGame.ini" 858
"../../../Engine/Config/Linux/LinuxGame.ini" 859
"../../../Engine/Config/IOS/BaseIOSInput.ini" 860
"../../../Engine/Config/Android/AndroidScalability.ini" 861
"../../../Engine/Config/Android/BaseAndroidInstallBundle.ini" 862
"../../../Engine/Config/IOS/IOSScalability.ini" 863
"../../../Engine/Config/IOS/BaseIOSInstallBundle.ini" 864
"../../../Engine/Config/PluginBase.ini" 865
"../../../Engine/Plugins/ChaosVD/Config/DefaultChaosVD.ini" 866
"../../../Engine/Plugins/EnhancedInput/Config/BaseEnhancedInput.ini" 867
"../../../Engine/Plugins/Fab/Config/BaseFab.ini" 868
"../../../Engine/Plugins/TraceUtilities/Config/BaseTraceUtilities.ini" 869
"../../../Engine/Plugins/MetaHuman/MetaHumanSDK/Config/BaseMetaHumanSDK.ini" 870
"../../../Engine/Plugins/Runtime/GameplayStateTree/Config/BaseGameplayStateTree.ini" 871
"../../../Engine/Plugins/Runtime/HairStrands/Config/BaseHairStrands.ini" 872
"../../../Engine/Plugins/Runtime/Metasound/Config/BaseMetasound.ini" 873
"../../../Engine/Plugins/Runtime/Metasound/Config/DefaultMetasound.ini" 874
"../../../Engine/Plugins/Runtime/PropertyBindingUtils/Config/BasePropertyBindingUtils.ini" 875
"../../../Engine/Plugins/Runtime/RigVM/Config/BaseRigVM.ini" 876
"../../../Engine/Plugins/Runtime/StateTree/Config/BaseStateTree.ini" 877
"../../../Engine/Plugins/Runtime/Synthesis/Config/BaseSynthesis.ini" 878
"../../../Engine/Plugins/2D/Paper2D/Config/BasePaper2D.ini" 879
"../../../Engine/Plugins/Animation/ControlRig/Config/BaseControlRig.ini" 880
"../../../Engine/Plugins/Animation/DeformerGraph/Config/BaseDeformerGraph.ini" 881
"../../../Engine/Plugins/Animation/IKRig/Config/BaseIKRig.ini" 882
"../../../Engine/Plugins/Cameras/GameplayCameras/Config/BaseGameplayCameras.ini" 883
"../../../Engine/Plugins/Compositing/CompositeCore/Config/BaseCompositeCore.ini" 884
"../../../Engine/Plugins/Editor/EditorScriptingUtilities/Config/BaseEditorScriptingUtilities.ini" 885
"../../../Engine/Plugins/Enterprise/GLTFExporter/Config/BaseGLTFExporter.ini" 886
"../../../Engine/Plugins/Enterprise/GLTFExporter/Config/DefaultGLTFExporter.ini" 887
"../../../Engine/Plugins/Enterprise/DatasmithContent/Config/BaseDatasmithContent.ini" 888
"../../../Engine/Plugins/Enterprise/VariantManagerContent/Config/BaseVariantManagerContent.ini" 889
"../../../Engine/Plugins/Experimental/FullBodyIK/Config/BaseFullBodyIK.ini" 890
"../../../Engine/Plugins/Experimental/ToolPresets/Config/BaseToolPresets.ini" 891
"../../../Engine/Plugins/FX/Niagara/Config/BaseNiagara.ini" 892
"../../../Engine/Plugins/Interchange/Runtime/Config/BaseInterchange.ini" 893
"../../../Engine/Plugins/Interchange/Assets/Config/BaseInterchangeAssets.ini" 894
"../../../Engine/Plugins/VirtualProduction/Takes/Config/BaseTakes.ini" 895
"../../../Engine/Plugins/ChaosVD/Config/Engine.ini" 896
"../../../Engine/Plugins/EnhancedInput/Config/Input.ini" 897
"../../../Engine/Plugins/Runtime/InputDebugging/Config/Input.ini" 898
"../../../Engine/Plugins/Runtime/Windows/XInputDevice/Config/Input.ini" 899
"../../../Engine/Plugins/Online/OnlineSubsystemUtils/Config/Editor.ini" 900
"../../../Engine/Plugins/Runtime/RigVM/Config/Editor.ini" 901
"../../../Engine/Plugins/NNE/NNEDenoiser/Config/Game.ini" 902
"../../../Engine/Plugins/Editor/ModelingToolsEditorMode/Binaries/Win64/UnrealEditor.modules" 903
"../../../Engine/Plugins/Runtime/MeshModelingToolset/Binaries/Win64/UnrealEditor.modules" 904
"../../../Engine/Plugins/Experimental/MeshModelingToolsetExp/Binaries/Win64/UnrealEditor.modules" 905
"../../../Engine/Plugins/Editor/MeshLODToolset/Binaries/Win64/UnrealEditor.modules" 906
"../../../Engine/Plugins/Experimental/ToolPresets/Binaries/Win64/UnrealEditor.modules" 907
"../../../Engine/Plugins/Editor/StylusInput/Binaries/Win64/UnrealEditor.modules" 908
"../../../Engine/Plugins/Runtime/GeometryProcessing/Binaries/Win64/UnrealEditor.modules" 909
"../../../Engine/Plugins/Editor/ProxyLODPlugin/Binaries/Win64/UnrealEditor.modules" 910
"../../../Engine/Plugins/Experimental/PlanarCutPlugin/Binaries/Win64/UnrealEditor.modules" 911
"../../../Engine/Plugins/Runtime/GeometryCache/Binaries/Win64/UnrealEditor.modules" 912
"../../../Engine/Plugins/Experimental/GeometryFlow/Binaries/Win64/UnrealEditor.modules" 913
"../../../Engine/Plugins/Editor/EditorScriptingUtilities/Binaries/Win64/UnrealEditor.modules" 914
"../../../Engine/Plugins/FX/Niagara/Binaries/Win64/UnrealEditor.modules" 915
"../../../Engine/Plugins/Experimental/PythonScriptPlugin/Binaries/Win64/UnrealEditor.modules" 916
"../../../Engine/Plugins/Editor/ContentBrowser/ContentBrowserFileDataSource/Binaries/Win64/UnrealEditor.modules" 917
"../../../Engine/Plugins/Runtime/GameplayStateTree/Binaries/Win64/UnrealEditor.modules" 918
"../../../Engine/Plugins/Runtime/StateTree/Binaries/Win64/UnrealEditor.modules" 919
"../../../Engine/Plugins/Animation/GameplayInsights/Binaries/Win64/UnrealEditor.modules" 920
"../../../Engine/Plugins/Runtime/PropertyAccess/Binaries/Win64/UnrealEditor.modules" 921
"../../../Engine/Plugins/Runtime/PropertyBindingUtils/Binaries/Win64/UnrealEditor.modules" 922
"../../../Engine/Plugins/AudioInsights/Binaries/Win64/UnrealEditor.modules" 923
"../../../Engine/Plugins/Runtime/AudioWidgets/Binaries/Win64/UnrealEditor.modules" 924
"../../../Engine/Plugins/Runtime/AudioSynesthesia/Binaries/Win64/UnrealEditor.modules" 925
"../../../Engine/Plugins/Bridge/Binaries/Win64/UnrealEditor.modules" 926
"../../../Engine/Plugins/MetaHuman/MetaHumanSDK/Binaries/Win64/UnrealEditor.modules" 927
"../../../Engine/Plugins/Animation/ControlRig/Binaries/Win64/UnrealEditor.modules" 928
"../../../Engine/Plugins/Runtime/HairStrands/Binaries/Win64/UnrealEditor.modules" 929
"../../../Engine/Plugins/Animation/RigLogic/Binaries/Win64/UnrealEditor.modules" 930
"../../../Engine/Plugins/Interchange/Runtime/Binaries/Win64/UnrealEditor.modules" 931
"../../../Engine/Plugins/Online/EOSShared/Binaries/Win64/UnrealEditor.modules" 932
"../../../Engine/Plugins/Runtime/RigVM/Binaries/Win64/UnrealEditor.modules" 933
"../../../Engine/Plugins/MovieScene/LevelSequenceEditor/Binaries/Win64/UnrealEditor.modules" 934
"../../../Engine/Plugins/MovieScene/SequencerScripting/Binaries/Win64/UnrealEditor.modules" 935
"../../../Engine/Plugins/Animation/TweeningUtils/Binaries/Win64/UnrealEditor.modules" 936
"../../../Engine/Plugins/Animation/DeformerGraph/Binaries/Win64/UnrealEditor.modules" 937
"../../../Engine/Plugins/Experimental/Dataflow/Binaries/Win64/UnrealEditor.modules" 938
"../../../Engine/Plugins/Runtime/ComputeFramework/Binaries/Win64/UnrealEditor.modules" 939
"../../../Engine/Plugins/Enterprise/VariantManagerContent/Binaries/Win64/UnrealEditor.modules" 940
"../../../Engine/Plugins/Enterprise/VariantManager/Binaries/Win64/UnrealEditor.modules" 941
"../../../Engine/Plugins/Interchange/Assets/Binaries/Win64/UnrealEditor.modules" 942
"../../../Engine/Plugins/Experimental/CharacterFXEditor/BaseCharacterFXEditor/Binaries/Win64/UnrealEditor.modules" 943
"../../../Engine/Plugins/Runtime/ProceduralMeshComponent/Binaries/Win64/UnrealEditor.modules" 944
"../../../Engine/Plugins/Experimental/ChaosCaching/Binaries/Win64/UnrealEditor.modules" 945
"../../../Engine/Plugins/Experimental/EditorDataStorage/Binaries/Win64/UnrealEditor.modules" 946
"../../../Engine/Plugins/Experimental/EditorDataStorageFeatures/Binaries/Win64/UnrealEditor.modules" 947
"../../../Engine/Plugins/Animation/SkeletalMeshModelingTools/Binaries/Win64/UnrealEditor.modules" 948
"../../../Engine/Plugins/VirtualProduction/Takes/Binaries/Win64/UnrealEditor.modules" 949
"../../../Engine/Plugins/Runtime/AudioCapture/Binaries/Win64/UnrealEditor.modules" 950
"../../../Engine/Plugins/Developer/NamingTokens/Binaries/Win64/UnrealEditor.modules" 951
"../../../Engine/Plugins/Editor/EngineAssetDefinitions/Binaries/Win64/UnrealEditor.modules" 952
"../../../Engine/Plugins/ChaosCloth/Binaries/Win64/UnrealEditor.modules" 953
"../../../Engine/Plugins/ChaosInsights/Binaries/Win64/UnrealEditor.modules" 954
"../../../Engine/Plugins/ChaosVD/Binaries/Win64/UnrealEditor.modules" 955
"../../../Engine/Plugins/CmdLinkServer/Binaries/Win64/UnrealEditor.modules" 956
"../../../Engine/Plugins/EnhancedInput/Binaries/Win64/UnrealEditor.modules" 957
"../../../Engine/Plugins/Editor/DataValidation/Binaries/Win64/UnrealEditor.modules" 958
"../../../Engine/Plugins/Fab/Binaries/Win64/UnrealEditor.modules" 959
"../../../Engine/Plugins/IoStoreInsights/Binaries/Win64/UnrealEditor.modules" 960
"../../../Engine/Plugins/MassInsights/Binaries/Win64/UnrealEditor.modules" 961
"../../../Engine/Plugins/MeshPainting/Binaries/Win64/UnrealEditor.modules" 962
"../../../Engine/Plugins/Interchange/Editor/Binaries/Win64/UnrealEditor.modules" 963
"../../../Engine/Plugins/RenderGraphInsights/Binaries/Win64/UnrealEditor.modules" 964
"../../../Engine/Plugins/TraceUtilities/Binaries/Win64/UnrealEditor.modules" 965
"../../../Engine/Plugins/UbaController/Binaries/Win64/UnrealEditor.modules" 966
"../../../Engine/Plugins/WorldMetrics/Binaries/Win64/UnrealEditor.modules" 967
"../../../Engine/Plugins/XGEController/Binaries/Win64/UnrealEditor.modules" 968
"../../../Engine/Plugins/Online/OnlineBase/Binaries/Win64/UnrealEditor.modules" 969
"../../../Engine/Plugins/Online/OnlineSubsystem/Binaries/Win64/UnrealEditor.modules" 970
"../../../Engine/Plugins/Online/OnlineSubsystemUtils/Binaries/Win64/UnrealEditor.modules" 971
"../../../Engine/Plugins/Online/OnlineServices/Binaries/Win64/UnrealEditor.modules" 972
"../../../Engine/Plugins/Online/OnlineSubsystemNull/Binaries/Win64/UnrealEditor.modules" 973
"../../../Engine/Plugins/Runtime/ActorLayerUtilities/Binaries/Win64/UnrealEditor.modules" 974
"../../../Engine/Plugins/Runtime/AndroidDeviceProfileSelector/Binaries/Win64/UnrealEditor.modules" 975
"../../../Engine/Plugins/Runtime/AndroidFileServer/Binaries/Win64/UnrealEditor.modules" 976
"../../../Engine/Plugins/Runtime/AndroidPermission/Binaries/Win64/UnrealEditor.modules" 977
"../../../Engine/Plugins/Runtime/AppleImageUtils/Binaries/Win64/UnrealEditor.modules" 978
"../../../Engine/Plugins/Runtime/AssetTags/Binaries/Win64/UnrealEditor.modules" 979
"../../../Engine/Plugins/Runtime/ArchVisCharacter/Binaries/Win64/UnrealEditor.modules" 980
"../../../Engine/Plugins/Runtime/CableComponent/Binaries/Win64/UnrealEditor.modules" 981
"../../../Engine/Plugins/Runtime/ChunkDownloader/Binaries/Win64/UnrealEditor.modules" 982
"../../../Engine/Plugins/Runtime/CustomMeshComponent/Binaries/Win64/UnrealEditor.modules" 983
"../../../Engine/Plugins/Runtime/ExampleDeviceProfileSelector/Binaries/Win64/UnrealEditor.modules" 984
"../../../Engine/Plugins/Runtime/GooglePAD/Binaries/Win64/UnrealEditor.modules" 985
"../../../Engine/Plugins/Runtime/InputDebugging/Binaries/Win64/UnrealEditor.modules" 986
"../../../Engine/Plugins/Runtime/LocationServicesBPLibrary/Binaries/Win64/UnrealEditor.modules" 987
"../../../Engine/Plugins/Runtime/Metasound/Binaries/Win64/UnrealEditor.modules" 988
"../../../Engine/Plugins/Editor/ContentBrowser/ContentBrowserAssetDataSource/Binaries/Win64/UnrealEditor.modules" 989
"../../../Engine/Plugins/Runtime/WaveTable/Binaries/Win64/UnrealEditor.modules" 990
"../../../Engine/Plugins/Runtime/MsQuic/Binaries/Win64/UnrealEditor.modules" 991
"../../../Engine/Plugins/Runtime/MobilePatchingUtils/Binaries/Win64/UnrealEditor.modules" 992
"../../../Engine/Plugins/Runtime/ResonanceAudio/Binaries/Win64/UnrealEditor.modules" 993
"../../../Engine/Plugins/Runtime/SoundFields/Binaries/Win64/UnrealEditor.modules" 994
"../../../Engine/Plugins/Runtime/Synthesis/Binaries/Win64/UnrealEditor.modules" 995
"../../../Engine/Plugins/Runtime/WebMMoviePlayer/Binaries/Win64/UnrealEditor.modules" 996
"../../../Engine/Plugins/Media/WebMMedia/Binaries/Win64/UnrealEditor.modules" 997
"../../../Engine/Plugins/Runtime/WindowsDeviceProfileSelector/Binaries/Win64/UnrealEditor.modules" 998
"../../../Engine/Plugins/AI/AISupport/Binaries/Win64/UnrealEditor.modules" 999
"../../../Engine/Plugins/2D/Paper2D/Binaries/Win64/UnrealEditor.modules" 1000
"../../../Engine/Plugins/AI/EnvironmentQueryEditor/Binaries/Win64/UnrealEditor.modules" 1001
"../../../Engine/Plugins/Runtime/WindowsMoviePlayer/Binaries/Win64/UnrealEditor.modules" 1002
"../../../Engine/Plugins/Animation/AnimationData/Binaries/Win64/UnrealEditor.modules" 1003
"../../../Engine/Plugins/Animation/ACLPlugin/Binaries/Win64/UnrealEditor.modules" 1004
"../../../Engine/Plugins/Animation/AnimationModifierLibrary/Binaries/Win64/UnrealEditor.modules" 1005
"../../../Engine/Plugins/Animation/BlendSpaceMotionAnalysis/Binaries/Win64/UnrealEditor.modules" 1006
"../../../Engine/Plugins/Animation/ControlRigSpline/Binaries/Win64/UnrealEditor.modules" 1007
"../../../Engine/Plugins/Animation/EaseCurveTool/Binaries/Win64/UnrealEditor.modules" 1008
"../../../Engine/Plugins/Animation/IKRig/Binaries/Win64/UnrealEditor.modules" 1009
"../../../Engine/Plugins/Experimental/FullBodyIK/Binaries/Win64/UnrealEditor.modules" 1010
"../../../Engine/Plugins/Cameras/EngineCameras/Binaries/Win64/UnrealEditor.modules" 1011
"../../../Engine/Plugins/MovieScene/TemplateSequence/Binaries/Win64/UnrealEditor.modules" 1012
"../../../Engine/Plugins/Cameras/CameraShakePreviewer/Binaries/Win64/UnrealEditor.modules" 1013
"../../../Engine/Plugins/Cameras/GameplayCameras/Binaries/Win64/UnrealEditor.modules" 1014
"../../../Engine/Plugins/Compression/OodleNetwork/Binaries/Win64/UnrealEditor.modules" 1015
"../../../Engine/Plugins/Developer/CLionSourceCodeAccess/Binaries/Win64/UnrealEditor.modules" 1016
"../../../Engine/Plugins/Developer/GitSourceControl/Binaries/Win64/UnrealEditor.modules" 1017
"../../../Engine/Plugins/Developer/DumpGPUServices/Binaries/Win64/UnrealEditor.modules" 1018
"../../../Engine/Plugins/Developer/GPUReshape/Binaries/Win64/UnrealEditor.modules" 1019
"../../../Engine/Plugins/Developer/AnimationSharing/Binaries/Win64/UnrealEditor.modules" 1020
"../../../Engine/Plugins/Runtime/SignificanceManager/Binaries/Win64/UnrealEditor.modules" 1021
"../../../Engine/Plugins/Developer/N10XSourceCodeAccess/Binaries/Win64/UnrealEditor.modules" 1022
"../../../Engine/Plugins/Developer/PluginUtils/Binaries/Win64/UnrealEditor.modules" 1023
"../../../Engine/Plugins/Developer/ProjectLauncher/Binaries/Win64/UnrealEditor.modules" 1024
"../../../Engine/Plugins/Developer/PropertyAccessNode/Binaries/Win64/UnrealEditor.modules" 1025
"../../../Engine/Plugins/Developer/RenderDocPlugin/Binaries/Win64/UnrealEditor.modules" 1026
"../../../Engine/Plugins/Developer/PerforceSourceControl/Binaries/Win64/UnrealEditor.modules" 1027
"../../../Engine/Plugins/Developer/RiderSourceCodeAccess/Binaries/Win64/UnrealEditor.modules" 1028
"../../../Engine/Plugins/Developer/PlasticSourceControl/Binaries/Win64/UnrealEditor.modules" 1029
"../../../Engine/Plugins/Developer/PixWinPlugin/Binaries/Win64/UnrealEditor.modules" 1030
"../../../Engine/Plugins/Developer/TextureFormatOodle/Binaries/Win64/UnrealEditor.modules" 1031
"../../../Engine/Plugins/Developer/VisualStudioSourceCodeAccess/Binaries/Win64/UnrealEditor.modules" 1032
"../../../Engine/Plugins/Developer/SubversionSourceControl/Binaries/Win64/UnrealEditor.modules" 1033
"../../../Engine/Plugins/Developer/VisualStudioCodeSourceCodeAccess/Binaries/Win64/UnrealEditor.modules" 1034
"../../../Engine/Plugins/Editor/AssetManagerEditor/Binaries/Win64/UnrealEditor.modules" 1035
"../../../Engine/Plugins/Developer/UObjectPlugin/Binaries/Win64/UnrealEditor.modules" 1036
"../../../Engine/Plugins/Editor/ChangelistReview/Binaries/Win64/UnrealEditor.modules" 1037
"../../../Engine/Plugins/Editor/CryptoKeys/Binaries/Win64/UnrealEditor.modules" 1038
"../../../Engine/Plugins/Editor/BlueprintHeaderView/Binaries/Win64/UnrealEditor.modules" 1039
"../../../Engine/Plugins/Editor/ColorGrading/Binaries/Win64/UnrealEditor.modules" 1040
"../../../Engine/Plugins/Editor/ObjectMixer/ObjectMixer/Binaries/Win64/UnrealEditor.modules" 1041
"../../../Engine/Plugins/Editor/EditorDebugTools/Binaries/Win64/UnrealEditor.modules" 1042
"../../../Engine/Plugins/Editor/CurveEditorTools/Binaries/Win64/UnrealEditor.modules" 1043
"../../../Engine/Plugins/Editor/FacialAnimation/Binaries/Win64/UnrealEditor.modules" 1044
"../../../Engine/Plugins/Editor/GeometryMode/Binaries/Win64/UnrealEditor.modules" 1045
"../../../Engine/Plugins/Editor/MaterialAnalyzer/Binaries/Win64/UnrealEditor.modules" 1046
"../../../Engine/Plugins/Editor/GameplayTagsEditor/Binaries/Win64/UnrealEditor.modules" 1047
"../../../Engine/Plugins/Editor/MobileLauncherProfileWizard/Binaries/Win64/UnrealEditor.modules" 1048
"../../../Engine/Plugins/Editor/PluginBrowser/Binaries/Win64/UnrealEditor.modules" 1049
"../../../Engine/Plugins/Editor/SpeedTreeImporter/Binaries/Win64/UnrealEditor.modules" 1050
"../../../Engine/Plugins/Editor/SequencerAnimTools/Binaries/Win64/UnrealEditor.modules" 1051
"../../../Engine/Plugins/Editor/WorldPartitionHLODUtilities/Binaries/Win64/UnrealEditor.modules" 1052
"../../../Engine/Plugins/Editor/UMGWidgetPreview/Binaries/Win64/UnrealEditor.modules" 1053
"../../../Engine/Plugins/Editor/UVEditor/Binaries/Win64/UnrealEditor.modules" 1054
"../../../Engine/Plugins/Enterprise/GLTFExporter/Binaries/Win64/UnrealEditor.modules" 1055
"../../../Engine/Plugins/Enterprise/DatasmithContent/Binaries/Win64/UnrealEditor.modules" 1056
"../../../Engine/Plugins/Experimental/AdvancedRenamer/Binaries/Win64/UnrealEditor.modules" 1057
"../../../Engine/Plugins/Experimental/AutomationUtils/Binaries/Win64/UnrealEditor.modules" 1058
"../../../Engine/Plugins/Experimental/BackChannel/Binaries/Win64/UnrealEditor.modules" 1059
"../../../Engine/Plugins/Experimental/ChaosEditor/Binaries/Win64/UnrealEditor.modules" 1060
"../../../Engine/Plugins/Experimental/GeometryCollectionPlugin/Binaries/Win64/UnrealEditor.modules" 1061
"../../../Engine/Plugins/Experimental/Fracture/Binaries/Win64/UnrealEditor.modules" 1062
"../../../Engine/Plugins/Experimental/ChaosSolverPlugin/Binaries/Win64/UnrealEditor.modules" 1063
"../../../Engine/Plugins/Experimental/GeometryDataflow/Binaries/Win64/UnrealEditor.modules" 1064
"../../../Engine/Plugins/Experimental/ChaosNiagara/Binaries/Win64/UnrealEditor.modules" 1065
"../../../Engine/Plugins/Experimental/ChaosUserDataPT/Binaries/Win64/UnrealEditor.modules" 1066
"../../../Engine/Plugins/Experimental/CharacterAI/Binaries/Win64/UnrealEditor.modules" 1067
"../../../Engine/Plugins/Experimental/EditorPerformance/Binaries/Win64/UnrealEditor.modules" 1068
"../../../Engine/Plugins/Experimental/EditorTelemetry/Binaries/Win64/UnrealEditor.modules" 1069
"../../../Engine/Plugins/Experimental/GlobalConfigurationData/Binaries/Win64/UnrealEditor.modules" 1070
"../../../Engine/Plugins/Experimental/LevelSequenceNavigatorBridge/Binaries/Win64/UnrealEditor.modules" 1071
"../../../Engine/Plugins/Experimental/SequenceNavigator/Binaries/Win64/UnrealEditor.modules" 1072
"../../../Engine/Plugins/Experimental/LocalizableMessage/Binaries/Win64/UnrealEditor.modules" 1073
"../../../Engine/Plugins/Experimental/NFORDenoise/Binaries/Win64/UnrealEditor.modules" 1074
"../../../Engine/Plugins/Experimental/PlatformCrypto/Binaries/Win64/UnrealEditor.modules" 1075
"../../../Engine/Plugins/Experimental/RuntimeTelemetry/Binaries/Win64/UnrealEditor.modules" 1076
"../../../Engine/Plugins/Experimental/SkeletalReduction/Binaries/Win64/UnrealEditor.modules" 1077
"../../../Engine/Plugins/FX/NiagaraSimCaching/Binaries/Win64/UnrealEditor.modules" 1078
"../../../Engine/Plugins/FX/NiagaraPreviewContent/Binaries/Win64/UnrealEditor.modules" 1079
"../../../Engine/Plugins/Importers/AlembicImporter/Binaries/Win64/UnrealEditor.modules" 1080
"../../../Engine/Plugins/FX/Cascade/Binaries/Win64/UnrealEditor.modules" 1081
"../../../Engine/Plugins/Media/AndroidMedia/Binaries/Win64/UnrealEditor.modules" 1082
"../../../Engine/Plugins/Media/MediaCompositing/Binaries/Win64/UnrealEditor.modules" 1083
"../../../Engine/Plugins/Media/ImgMedia/Binaries/Win64/UnrealEditor.modules" 1084
"../../../Engine/Plugins/Media/MediaPlayerEditor/Binaries/Win64/UnrealEditor.modules" 1085
"../../../Engine/Plugins/Media/AvfMedia/Binaries/Win64/UnrealEditor.modules" 1086
"../../../Engine/Plugins/Media/MediaPlate/Binaries/Win64/UnrealEditor.modules" 1087
"../../../Engine/Plugins/Compositing/CompositeCore/Binaries/Win64/UnrealEditor.modules" 1088
"../../../Engine/Plugins/Messaging/TcpMessaging/Binaries/Win64/UnrealEditor.modules" 1089
"../../../Engine/Plugins/Messaging/UdpMessaging/Binaries/Win64/UnrealEditor.modules" 1090
"../../../Engine/Plugins/Media/WmfMedia/Binaries/Win64/UnrealEditor.modules" 1091
"../../../Engine/Plugins/MovieScene/ActorSequence/Binaries/Win64/UnrealEditor.modules" 1092
"../../../Engine/Plugins/MovieScene/SequenceValidator/Binaries/Win64/UnrealEditor.modules" 1093
"../../../Engine/Plugins/NNE/NNEDenoiser/Binaries/Win64/UnrealEditor.modules" 1094
"../../../Engine/Plugins/NNE/NNERuntimeORT/Binaries/Win64/UnrealEditor.modules" 1095
"../../../Engine/Plugins/Portal/LauncherChunkInstaller/Binaries/Win64/UnrealEditor.modules" 1096
"../../../Engine/Plugins/Tests/InterchangeTests/Binaries/Win64/UnrealEditor.modules" 1097
"../../../Engine/Plugins/Editor/ContentBrowser/ContentBrowserClassDataSource/Binaries/Win64/UnrealEditor.modules" 1098
"../../../Engine/Plugins/Runtime/Windows/XInputDevice/Binaries/Win64/UnrealEditor.modules" 1099
"../../../Engine/Plugins/Editor/ObjectMixer/LightMixer/Binaries/Win64/UnrealEditor.modules" 1100
"../../../Engine/Plugins/Editor/Localization/PortableObjectFileDataSource/Binaries/Win64/UnrealEditor.modules" 1101
"../../../Engine/Config/BaseSourceControlSettings.ini" 1102
"../../../Engine/Content/Internationalization/icudt64l/coll/ucadata.icu" 1103
"../../../Engine/Content/Internationalization/icudt64l/coll/ja.res" 1104
"../../../Engine/Content/Internationalization/icudt64l/coll/root.res" 1105
"../../../Engine/Content/Certificates/ThirdParty/cacert.pem" 1106
"../../../Engine/Config/ConsoleVariables.ini" 1107
"../../../Engine/Binaries/Win64/Android/UnrealEditor.modules" 1108
"../../../Engine/Binaries/Win64/IOS/UnrealEditor.modules" 1109
"../../../Engine/Binaries/Win64/Linux/UnrealEditor.modules" 1110
"../../../Engine/Content/Localization/Editor/ja/Editor.locres" 1111
"../../../Engine/Content/Localization/Keywords/ja/Keywords.locres" 1112
"../../../Engine/Content/Localization/Category/ja/Category.locres" 1113
"../../../Engine/Content/Localization/ToolTips/ja/ToolTips.locres" 1114
"../../../Engine/Content/Localization/PropertyNames/ja/PropertyNames.locres" 1115
"../../../Engine/Content/Localization/Engine/ja/Engine.locres" 1116
"../../../Engine/Plugins/MetaHuman/MetaHumanSDK/Content/Localization/MetaHumanSDK/ja/MetaHumanSDK.locres" 1117
"../../../Engine/Plugins/MetaHuman/MetaHumanSDK/Content/Localization/MetaHumanSDK_Properties/ja/MetaHumanSDK_Properties.locres" 1118
"../../../Engine/Plugins/MetaHuman/MetaHumanSDK/Content/Localization/MetaHumanSDK_Tooltips/ja/MetaHumanSDK_Tooltips.locres" 1119
"../../../Engine/Plugins/Online/OnlineSubsystem/Content/Localization/OnlineSubsystem/ja/OnlineSubsystem.locres" 1120
"../../../Engine/Plugins/Online/OnlineSubsystemUtils/Content/Localization/OnlineSubsystemUtils/ja/OnlineSubsystemUtils.locres" 1121
"../../../Engine/Plugins/Online/IOS/OnlineSubsystemIOS/Content/Localization/OnlineSubsystemIOS/ja/OnlineSubsystemIOS.locres" 1122
"../../../Engine/Plugins/Online/Android/OnlineSubsystemGooglePlay/Content/Localization/OnlineSubsystemGooglePlay/ja/OnlineSubsystemGooglePlay.locres" 1123
"../../../Engine/Content/Internationalization/icudt64l/numberingSystems.res" 1124
"../../../Engine/Content/Internationalization/icudt64l/curr/supplementalData.res" 1125
"../../../Engine/Content/Internationalization/icudt64l/curr/ja_JP.res" 1126
"../../../Engine/Content/Internationalization/icudt64l/curr/pool.res" 1127
"../../../Engine/Content/Internationalization/icudt64l/curr/ja.res" 1128
"../../../Engine/Content/Internationalization/icudt64l/curr/root.res" 1129
"../../../Engine/Content/Internationalization/icudt64l/lang/af.res" 1130
"../../../Engine/Content/Internationalization/icudt64l/region/af.res" 1131
"../../../Engine/Content/Internationalization/icudt64l/lang/agq.res" 1132
"../../../Engine/Content/Internationalization/icudt64l/region/agq.res" 1133
"../../../Engine/Content/Internationalization/icudt64l/lang/ak.res" 1134
"../../../Engine/Content/Internationalization/icudt64l/region/ak.res" 1135
"../../../Engine/Content/Internationalization/icudt64l/lang/am.res" 1136
"../../../Engine/Content/Internationalization/icudt64l/region/am.res" 1137
"../../../Engine/Content/Internationalization/icudt64l/lang/ar.res" 1138
"../../../Engine/Content/Internationalization/icudt64l/region/ar.res" 1139
"../../../Engine/Content/Internationalization/icudt64l/region/ar_AE.res" 1140
"../../../Engine/Content/Internationalization/icudt64l/lang/ar_EG.res" 1141
"../../../Engine/Content/Internationalization/icudt64l/lang/ar_LY.res" 1142
"../../../Engine/Content/Internationalization/icudt64l/region/ar_LY.res" 1143
"../../../Engine/Content/Internationalization/icudt64l/lang/ar_SA.res" 1144
"../../../Engine/Content/Internationalization/icudt64l/region/ar_SA.res" 1145
"../../../Engine/Content/Internationalization/icudt64l/lang/as.res" 1146
"../../../Engine/Content/Internationalization/icudt64l/region/as.res" 1147
"../../../Engine/Content/Internationalization/icudt64l/lang/asa.res" 1148
"../../../Engine/Content/Internationalization/icudt64l/region/asa.res" 1149
"../../../Engine/Content/Internationalization/icudt64l/lang/ast.res" 1150
"../../../Engine/Content/Internationalization/icudt64l/region/ast.res" 1151
"../../../Engine/Content/Internationalization/icudt64l/lang/az.res" 1152
"../../../Engine/Content/Internationalization/icudt64l/lang/az_Cyrl.res" 1153
"../../../Engine/Content/Internationalization/icudt64l/lang/az_AZ.res" 1154
"../../../Engine/Content/Internationalization/icudt64l/lang/az_Latn_AZ.res" 1155
"../../../Engine/Content/Internationalization/icudt64l/lang/az_Latn.res" 1156
"../../../Engine/Content/Internationalization/icudt64l/region/az_AZ.res" 1157
"../../../Engine/Content/Internationalization/icudt64l/region/az_Latn_AZ.res" 1158
"../../../Engine/Content/Internationalization/icudt64l/region/az_Latn.res" 1159
"../../../Engine/Content/Internationalization/icudt64l/region/az.res" 1160
"../../../Engine/Content/Internationalization/icudt64l/region/az_Cyrl.res" 1161
"../../../Engine/Content/Internationalization/icudt64l/lang/bas.res" 1162
"../../../Engine/Content/Internationalization/icudt64l/region/bas.res" 1163
"../../../Engine/Content/Internationalization/icudt64l/lang/be.res" 1164
"../../../Engine/Content/Internationalization/icudt64l/region/be.res" 1165
"../../../Engine/Content/Internationalization/icudt64l/lang/bem.res" 1166
"../../../Engine/Content/Internationalization/icudt64l/region/bem.res" 1167
"../../../Engine/Content/Internationalization/icudt64l/lang/bez.res" 1168
"../../../Engine/Content/Internationalization/icudt64l/region/bez.res" 1169
"../../../Engine/Content/Internationalization/icudt64l/lang/bg.res" 1170
"../../../Engine/Content/Internationalization/icudt64l/region/bg.res" 1171
"../../../Engine/Content/Internationalization/icudt64l/lang/bm.res" 1172
"../../../Engine/Content/Internationalization/icudt64l/region/bm.res" 1173
"../../../Engine/Content/Internationalization/icudt64l/lang/bn.res" 1174
"../../../Engine/Content/Internationalization/icudt64l/region/bn.res" 1175
"../../../Engine/Content/Internationalization/icudt64l/lang/bn_IN.res" 1176
"../../../Engine/Content/Internationalization/icudt64l/region/bn_IN.res" 1177
"../../../Engine/Content/Internationalization/icudt64l/lang/bo.res" 1178
"../../../Engine/Content/Internationalization/icudt64l/region/bo.res" 1179
"../../../Engine/Content/Internationalization/icudt64l/region/bo_IN.res" 1180
"../../../Engine/Content/Internationalization/icudt64l/lang/br.res" 1181
"../../../Engine/Content/Internationalization/icudt64l/region/br.res" 1182
"../../../Engine/Content/Internationalization/icudt64l/lang/brx.res" 1183
"../../../Engine/Content/Internationalization/icudt64l/region/brx.res" 1184
"../../../Engine/Content/Internationalization/icudt64l/lang/bs.res" 1185
"../../../Engine/Content/Internationalization/icudt64l/lang/bs_Cyrl.res" 1186
"../../../Engine/Content/Internationalization/icudt64l/lang/bs_BA.res" 1187
"../../../Engine/Content/Internationalization/icudt64l/lang/bs_Latn_BA.res" 1188
"../../../Engine/Content/Internationalization/icudt64l/lang/bs_Latn.res" 1189
"../../../Engine/Content/Internationalization/icudt64l/region/bs_BA.res" 1190
"../../../Engine/Content/Internationalization/icudt64l/region/bs_Latn_BA.res" 1191
"../../../Engine/Content/Internationalization/icudt64l/region/bs_Latn.res" 1192
"../../../Engine/Content/Internationalization/icudt64l/region/bs.res" 1193
"../../../Engine/Content/Internationalization/icudt64l/region/bs_Cyrl.res" 1194
"../../../Engine/Content/Internationalization/icudt64l/lang/ca.res" 1195
"../../../Engine/Content/Internationalization/icudt64l/region/ca.res" 1196
"../../../Engine/Content/Internationalization/icudt64l/lang/ccp.res" 1197
"../../../Engine/Content/Internationalization/icudt64l/region/ccp.res" 1198
"../../../Engine/Content/Internationalization/icudt64l/lang/ce.res" 1199
"../../../Engine/Content/Internationalization/icudt64l/region/ce.res" 1200
"../../../Engine/Content/Internationalization/icudt64l/lang/ceb.res" 1201
"../../../Engine/Content/Internationalization/icudt64l/region/ceb.res" 1202
"../../../Engine/Content/Internationalization/icudt64l/lang/cgg.res" 1203
"../../../Engine/Content/Internationalization/icudt64l/region/cgg.res" 1204
"../../../Engine/Content/Internationalization/icudt64l/lang/chr.res" 1205
"../../../Engine/Content/Internationalization/icudt64l/region/chr.res" 1206
"../../../Engine/Content/Internationalization/icudt64l/lang/ckb.res" 1207
"../../../Engine/Content/Internationalization/icudt64l/region/ckb.res" 1208
"../../../Engine/Content/Internationalization/icudt64l/lang/cs.res" 1209
"../../../Engine/Content/Internationalization/icudt64l/region/cs.res" 1210
"../../../Engine/Content/Internationalization/icudt64l/lang/cy.res" 1211
"../../../Engine/Content/Internationalization/icudt64l/region/cy.res" 1212
"../../../Engine/Content/Internationalization/icudt64l/lang/da.res" 1213
"../../../Engine/Content/Internationalization/icudt64l/region/da.res" 1214
"../../../Engine/Content/Internationalization/icudt64l/lang/dav.res" 1215
"../../../Engine/Content/Internationalization/icudt64l/region/dav.res" 1216
"../../../Engine/Content/Internationalization/icudt64l/lang/de.res" 1217
"../../../Engine/Content/Internationalization/icudt64l/lang/de_AT.res" 1218
"../../../Engine/Content/Internationalization/icudt64l/region/de_AT.res" 1219
"../../../Engine/Content/Internationalization/icudt64l/region/de.res" 1220
"../../../Engine/Content/Internationalization/icudt64l/lang/de_CH.res" 1221
"../../../Engine/Content/Internationalization/icudt64l/region/de_CH.res" 1222
"../../../Engine/Content/Internationalization/icudt64l/lang/de_LU.res" 1223
"../../../Engine/Content/Internationalization/icudt64l/lang/dje.res" 1224
"../../../Engine/Content/Internationalization/icudt64l/region/dje.res" 1225
"../../../Engine/Content/Internationalization/icudt64l/lang/dsb.res" 1226
"../../../Engine/Content/Internationalization/icudt64l/region/dsb.res" 1227
"../../../Engine/Content/Internationalization/icudt64l/lang/dua.res" 1228
"../../../Engine/Content/Internationalization/icudt64l/region/dua.res" 1229
"../../../Engine/Content/Internationalization/icudt64l/lang/dyo.res" 1230
"../../../Engine/Content/Internationalization/icudt64l/region/dyo.res" 1231
"../../../Engine/Content/Internationalization/icudt64l/lang/dz.res" 1232
"../../../Engine/Content/Internationalization/icudt64l/region/dz.res" 1233
"../../../Engine/Content/Internationalization/icudt64l/lang/ebu.res" 1234
"../../../Engine/Content/Internationalization/icudt64l/region/ebu.res" 1235
"../../../Engine/Content/Internationalization/icudt64l/lang/ee.res" 1236
"../../../Engine/Content/Internationalization/icudt64l/region/ee.res" 1237
"../../../Engine/Content/Internationalization/icudt64l/lang/el.res" 1238
"../../../Engine/Content/Internationalization/icudt64l/region/el.res" 1239
"../../../Engine/Content/Internationalization/icudt64l/lang/en_001.res" 1240
"../../../Engine/Content/Internationalization/icudt64l/lang/en_150.res" 1241
"../../../Engine/Content/Internationalization/icudt64l/region/en_150.res" 1242
"../../../Engine/Content/Internationalization/icudt64l/lang/en_AG.res" 1243
"../../../Engine/Content/Internationalization/icudt64l/region/en_AG.res" 1244
"../../../Engine/Content/Internationalization/icudt64l/lang/en_AI.res" 1245
"../../../Engine/Content/Internationalization/icudt64l/region/en_AI.res" 1246
"../../../Engine/Content/Internationalization/icudt64l/lang/en_AT.res" 1247
"../../../Engine/Content/Internationalization/icudt64l/region/en_AT.res" 1248
"../../../Engine/Content/Internationalization/icudt64l/lang/en_AU.res" 1249
"../../../Engine/Content/Internationalization/icudt64l/region/en_AU.res" 1250
"../../../Engine/Content/Internationalization/icudt64l/lang/en_BB.res" 1251
"../../../Engine/Content/Internationalization/icudt64l/region/en_BB.res" 1252
"../../../Engine/Content/Internationalization/icudt64l/lang/en_BE.res" 1253
"../../../Engine/Content/Internationalization/icudt64l/region/en_BE.res" 1254
"../../../Engine/Content/Internationalization/icudt64l/lang/en_BM.res" 1255
"../../../Engine/Content/Internationalization/icudt64l/region/en_BM.res" 1256
"../../../Engine/Content/Internationalization/icudt64l/lang/en_BS.res" 1257
"../../../Engine/Content/Internationalization/icudt64l/region/en_BS.res" 1258
"../../../Engine/Content/Internationalization/icudt64l/lang/en_BW.res" 1259
"../../../Engine/Content/Internationalization/icudt64l/region/en_BW.res" 1260
"../../../Engine/Content/Internationalization/icudt64l/lang/en_BZ.res" 1261
"../../../Engine/Content/Internationalization/icudt64l/region/en_BZ.res" 1262
"../../../Engine/Content/Internationalization/icudt64l/lang/en_CA.res" 1263
"../../../Engine/Content/Internationalization/icudt64l/region/en_CA.res" 1264
"../../../Engine/Content/Internationalization/icudt64l/lang/en_CC.res" 1265
"../../../Engine/Content/Internationalization/icudt64l/region/en_CC.res" 1266
"../../../Engine/Content/Internationalization/icudt64l/lang/en_CH.res" 1267
"../../../Engine/Content/Internationalization/icudt64l/region/en_CH.res" 1268
"../../../Engine/Content/Internationalization/icudt64l/lang/en_CK.res" 1269
"../../../Engine/Content/Internationalization/icudt64l/region/en_CK.res" 1270
"../../../Engine/Content/Internationalization/icudt64l/lang/en_CM.res" 1271
"../../../Engine/Content/Internationalization/icudt64l/region/en_CM.res" 1272
"../../../Engine/Content/Internationalization/icudt64l/lang/en_CX.res" 1273
"../../../Engine/Content/Internationalization/icudt64l/region/en_CX.res" 1274
"../../../Engine/Content/Internationalization/icudt64l/lang/en_CY.res" 1275
"../../../Engine/Content/Internationalization/icudt64l/region/en_CY.res" 1276
"../../../Engine/Content/Internationalization/icudt64l/lang/en_DE.res" 1277
"../../../Engine/Content/Internationalization/icudt64l/region/en_DE.res" 1278
"../../../Engine/Content/Internationalization/icudt64l/lang/en_DG.res" 1279
"../../../Engine/Content/Internationalization/icudt64l/region/en_DG.res" 1280
"../../../Engine/Content/Internationalization/icudt64l/lang/en_DK.res" 1281
"../../../Engine/Content/Internationalization/icudt64l/region/en_DK.res" 1282
"../../../Engine/Content/Internationalization/icudt64l/lang/en_DM.res" 1283
"../../../Engine/Content/Internationalization/icudt64l/region/en_DM.res" 1284
"../../../Engine/Content/Internationalization/icudt64l/lang/en_ER.res" 1285
"../../../Engine/Content/Internationalization/icudt64l/region/en_ER.res" 1286
"../../../Engine/Content/Internationalization/icudt64l/lang/en_FI.res" 1287
"../../../Engine/Content/Internationalization/icudt64l/region/en_FI.res" 1288
"../../../Engine/Content/Internationalization/icudt64l/lang/en_FJ.res" 1289
"../../../Engine/Content/Internationalization/icudt64l/region/en_FJ.res" 1290
"../../../Engine/Content/Internationalization/icudt64l/lang/en_FK.res" 1291
"../../../Engine/Content/Internationalization/icudt64l/region/en_FK.res" 1292
"../../../Engine/Content/Internationalization/icudt64l/lang/en_FM.res" 1293
"../../../Engine/Content/Internationalization/icudt64l/region/en_FM.res" 1294
"../../../Engine/Content/Internationalization/icudt64l/lang/en_GB.res" 1295
"../../../Engine/Content/Internationalization/icudt64l/region/en_GB.res" 1296
"../../../Engine/Content/Internationalization/icudt64l/lang/en_GD.res" 1297
"../../../Engine/Content/Internationalization/icudt64l/region/en_GD.res" 1298
"../../../Engine/Content/Internationalization/icudt64l/lang/en_GG.res" 1299
"../../../Engine/Content/Internationalization/icudt64l/region/en_GG.res" 1300
"../../../Engine/Content/Internationalization/icudt64l/lang/en_GH.res" 1301
"../../../Engine/Content/Internationalization/icudt64l/region/en_GH.res" 1302
"../../../Engine/Content/Internationalization/icudt64l/lang/en_GI.res" 1303
"../../../Engine/Content/Internationalization/icudt64l/region/en_GI.res" 1304
"../../../Engine/Content/Internationalization/icudt64l/lang/en_GM.res" 1305
"../../../Engine/Content/Internationalization/icudt64l/region/en_GM.res" 1306
"../../../Engine/Content/Internationalization/icudt64l/lang/en_GY.res" 1307
"../../../Engine/Content/Internationalization/icudt64l/region/en_GY.res" 1308
"../../../Engine/Content/Internationalization/icudt64l/lang/en_HK.res" 1309
"../../../Engine/Content/Internationalization/icudt64l/region/en_HK.res" 1310
"../../../Engine/Content/Internationalization/icudt64l/lang/en_IE.res" 1311
"../../../Engine/Content/Internationalization/icudt64l/region/en_IE.res" 1312
"../../../Engine/Content/Internationalization/icudt64l/lang/en_IL.res" 1313
"../../../Engine/Content/Internationalization/icudt64l/region/en_IL.res" 1314
"../../../Engine/Content/Internationalization/icudt64l/lang/en_IM.res" 1315
"../../../Engine/Content/Internationalization/icudt64l/region/en_IM.res" 1316
"../../../Engine/Content/Internationalization/icudt64l/lang/en_IN.res" 1317
"../../../Engine/Content/Internationalization/icudt64l/region/en_IN.res" 1318
"../../../Engine/Content/Internationalization/icudt64l/lang/en_IO.res" 1319
"../../../Engine/Content/Internationalization/icudt64l/region/en_IO.res" 1320
"../../../Engine/Content/Internationalization/icudt64l/lang/en_JE.res" 1321
"../../../Engine/Content/Internationalization/icudt64l/region/en_JE.res" 1322
"../../../Engine/Content/Internationalization/icudt64l/lang/en_JM.res" 1323
"../../../Engine/Content/Internationalization/icudt64l/region/en_JM.res" 1324
"../../../Engine/Content/Internationalization/icudt64l/lang/en_KE.res" 1325
"../../../Engine/Content/Internationalization/icudt64l/region/en_KE.res" 1326
"../../../Engine/Content/Internationalization/icudt64l/lang/en_KI.res" 1327
"../../../Engine/Content/Internationalization/icudt64l/region/en_KI.res" 1328
"../../../Engine/Content/Internationalization/icudt64l/lang/en_KN.res" 1329
"../../../Engine/Content/Internationalization/icudt64l/region/en_KN.res" 1330
"../../../Engine/Content/Internationalization/icudt64l/lang/en_KY.res" 1331
"../../../Engine/Content/Internationalization/icudt64l/region/en_KY.res" 1332
"../../../Engine/Content/Internationalization/icudt64l/lang/en_LC.res" 1333
"../../../Engine/Content/Internationalization/icudt64l/region/en_LC.res" 1334
"../../../Engine/Content/Internationalization/icudt64l/lang/en_LR.res" 1335
"../../../Engine/Content/Internationalization/icudt64l/region/en_LR.res" 1336
"../../../Engine/Content/Internationalization/icudt64l/lang/en_LS.res" 1337
"../../../Engine/Content/Internationalization/icudt64l/region/en_LS.res" 1338
"../../../Engine/Content/Internationalization/icudt64l/lang/en_MG.res" 1339
"../../../Engine/Content/Internationalization/icudt64l/region/en_MG.res" 1340
"../../../Engine/Content/Internationalization/icudt64l/lang/en_MO.res" 1341
"../../../Engine/Content/Internationalization/icudt64l/region/en_MO.res" 1342
"../../../Engine/Content/Internationalization/icudt64l/lang/en_MS.res" 1343
"../../../Engine/Content/Internationalization/icudt64l/region/en_MS.res" 1344
"../../../Engine/Content/Internationalization/icudt64l/lang/en_MT.res" 1345
"../../../Engine/Content/Internationalization/icudt64l/region/en_MT.res" 1346
"../../../Engine/Content/Internationalization/icudt64l/lang/en_MU.res" 1347
"../../../Engine/Content/Internationalization/icudt64l/region/en_MU.res" 1348
"../../../Engine/Content/Internationalization/icudt64l/lang/en_MW.res" 1349
"../../../Engine/Content/Internationalization/icudt64l/region/en_MW.res" 1350
"../../../Engine/Content/Internationalization/icudt64l/lang/en_MY.res" 1351
"../../../Engine/Content/Internationalization/icudt64l/region/en_MY.res" 1352
"../../../Engine/Content/Internationalization/icudt64l/lang/en_NA.res" 1353
"../../../Engine/Content/Internationalization/icudt64l/region/en_NA.res" 1354
"../../../Engine/Content/Internationalization/icudt64l/lang/en_NF.res" 1355
"../../../Engine/Content/Internationalization/icudt64l/region/en_NF.res" 1356
"../../../Engine/Content/Internationalization/icudt64l/lang/en_NG.res" 1357
"../../../Engine/Content/Internationalization/icudt64l/region/en_NG.res" 1358
"../../../Engine/Content/Internationalization/icudt64l/lang/en_NL.res" 1359
"../../../Engine/Content/Internationalization/icudt64l/region/en_NL.res" 1360
"../../../Engine/Content/Internationalization/icudt64l/lang/en_NR.res" 1361
"../../../Engine/Content/Internationalization/icudt64l/region/en_NR.res" 1362
"../../../Engine/Content/Internationalization/icudt64l/lang/en_NU.res" 1363
"../../../Engine/Content/Internationalization/icudt64l/region/en_NU.res" 1364
"../../../Engine/Content/Internationalization/icudt64l/lang/en_NZ.res" 1365
"../../../Engine/Content/Internationalization/icudt64l/region/en_NZ.res" 1366
"../../../Engine/Content/Internationalization/icudt64l/lang/en_PG.res" 1367
"../../../Engine/Content/Internationalization/icudt64l/region/en_PG.res" 1368
"../../../Engine/Content/Internationalization/icudt64l/lang/en_PH.res" 1369
"../../../Engine/Content/Internationalization/icudt64l/region/en_PH.res" 1370
"../../../Engine/Content/Internationalization/icudt64l/lang/en_PK.res" 1371
"../../../Engine/Content/Internationalization/icudt64l/region/en_PK.res" 1372
"../../../Engine/Content/Internationalization/icudt64l/lang/en_PN.res" 1373
"../../../Engine/Content/Internationalization/icudt64l/region/en_PN.res" 1374
"../../../Engine/Content/Internationalization/icudt64l/lang/en_PW.res" 1375
"../../../Engine/Content/Internationalization/icudt64l/region/en_PW.res" 1376
"../../../Engine/Content/Internationalization/icudt64l/lang/en_RW.res" 1377
"../../../Engine/Content/Internationalization/icudt64l/region/en_RW.res" 1378
"../../../Engine/Content/Internationalization/icudt64l/lang/en_SB.res" 1379
"../../../Engine/Content/Internationalization/icudt64l/region/en_SB.res" 1380
"../../../Engine/Content/Internationalization/icudt64l/lang/en_SC.res" 1381
"../../../Engine/Content/Internationalization/icudt64l/region/en_SC.res" 1382
"../../../Engine/Content/Internationalization/icudt64l/lang/en_SD.res" 1383
"../../../Engine/Content/Internationalization/icudt64l/region/en_SD.res" 1384
"../../../Engine/Content/Internationalization/icudt64l/lang/en_SE.res" 1385
"../../../Engine/Content/Internationalization/icudt64l/region/en_SE.res" 1386
"../../../Engine/Content/Internationalization/icudt64l/lang/en_SG.res" 1387
"../../../Engine/Content/Internationalization/icudt64l/region/en_SG.res" 1388
"../../../Engine/Content/Internationalization/icudt64l/lang/en_SH.res" 1389
"../../../Engine/Content/Internationalization/icudt64l/region/en_SH.res" 1390
"../../../Engine/Content/Internationalization/icudt64l/lang/en_SI.res" 1391
"../../../Engine/Content/Internationalization/icudt64l/region/en_SI.res" 1392
"../../../Engine/Content/Internationalization/icudt64l/lang/en_SL.res" 1393
"../../../Engine/Content/Internationalization/icudt64l/region/en_SL.res" 1394
"../../../Engine/Content/Internationalization/icudt64l/lang/en_SS.res" 1395
"../../../Engine/Content/Internationalization/icudt64l/region/en_SS.res" 1396
"../../../Engine/Content/Internationalization/icudt64l/lang/en_SX.res" 1397
"../../../Engine/Content/Internationalization/icudt64l/region/en_SX.res" 1398
"../../../Engine/Content/Internationalization/icudt64l/lang/en_SZ.res" 1399
"../../../Engine/Content/Internationalization/icudt64l/region/en_SZ.res" 1400
"../../../Engine/Content/Internationalization/icudt64l/lang/en_TC.res" 1401
"../../../Engine/Content/Internationalization/icudt64l/region/en_TC.res" 1402
"../../../Engine/Content/Internationalization/icudt64l/lang/en_TK.res" 1403
"../../../Engine/Content/Internationalization/icudt64l/region/en_TK.res" 1404
"../../../Engine/Content/Internationalization/icudt64l/lang/en_TO.res" 1405
"../../../Engine/Content/Internationalization/icudt64l/region/en_TO.res" 1406
"../../../Engine/Content/Internationalization/icudt64l/lang/en_TT.res" 1407
"../../../Engine/Content/Internationalization/icudt64l/region/en_TT.res" 1408
"../../../Engine/Content/Internationalization/icudt64l/lang/en_TV.res" 1409
"../../../Engine/Content/Internationalization/icudt64l/region/en_TV.res" 1410
"../../../Engine/Content/Internationalization/icudt64l/lang/en_TZ.res" 1411
"../../../Engine/Content/Internationalization/icudt64l/region/en_TZ.res" 1412
"../../../Engine/Content/Internationalization/icudt64l/lang/en_UG.res" 1413
"../../../Engine/Content/Internationalization/icudt64l/region/en_UG.res" 1414
"../../../Engine/Content/Internationalization/icudt64l/lang/en_VC.res" 1415
"../../../Engine/Content/Internationalization/icudt64l/region/en_VC.res" 1416
"../../../Engine/Content/Internationalization/icudt64l/lang/en_VG.res" 1417
"../../../Engine/Content/Internationalization/icudt64l/region/en_VG.res" 1418
"../../../Engine/Content/Internationalization/icudt64l/lang/en_VU.res" 1419
"../../../Engine/Content/Internationalization/icudt64l/region/en_VU.res" 1420
"../../../Engine/Content/Internationalization/icudt64l/lang/en_WS.res" 1421
"../../../Engine/Content/Internationalization/icudt64l/region/en_WS.res" 1422
"../../../Engine/Content/Internationalization/icudt64l/lang/en_ZA.res" 1423
"../../../Engine/Content/Internationalization/icudt64l/region/en_ZA.res" 1424
"../../../Engine/Content/Internationalization/icudt64l/lang/en_ZM.res" 1425
"../../../Engine/Content/Internationalization/icudt64l/region/en_ZM.res" 1426
"../../../Engine/Content/Internationalization/icudt64l/lang/en_ZW.res" 1427
"../../../Engine/Content/Internationalization/icudt64l/region/en_ZW.res" 1428
"../../../Engine/Content/Internationalization/icudt64l/lang/eo.res" 1429
"../../../Engine/Content/Internationalization/icudt64l/region/eo.res" 1430
"../../../Engine/Content/Internationalization/icudt64l/lang/es.res" 1431
"../../../Engine/Content/Internationalization/icudt64l/lang/es_419.res" 1432
"../../../Engine/Content/Internationalization/icudt64l/region/es_419.res" 1433
"../../../Engine/Content/Internationalization/icudt64l/region/es.res" 1434
"../../../Engine/Content/Internationalization/icudt64l/lang/es_AR.res" 1435
"../../../Engine/Content/Internationalization/icudt64l/region/es_AR.res" 1436
"../../../Engine/Content/Internationalization/icudt64l/lang/es_BO.res" 1437
"../../../Engine/Content/Internationalization/icudt64l/region/es_BO.res" 1438
"../../../Engine/Content/Internationalization/icudt64l/lang/es_BR.res" 1439
"../../../Engine/Content/Internationalization/icudt64l/region/es_BR.res" 1440
"../../../Engine/Content/Internationalization/icudt64l/lang/es_BZ.res" 1441
"../../../Engine/Content/Internationalization/icudt64l/region/es_BZ.res" 1442
"../../../Engine/Content/Internationalization/icudt64l/lang/es_CL.res" 1443
"../../../Engine/Content/Internationalization/icudt64l/region/es_CL.res" 1444
"../../../Engine/Content/Internationalization/icudt64l/lang/es_CO.res" 1445
"../../../Engine/Content/Internationalization/icudt64l/region/es_CO.res" 1446
"../../../Engine/Content/Internationalization/icudt64l/lang/es_CR.res" 1447
"../../../Engine/Content/Internationalization/icudt64l/region/es_CR.res" 1448
"../../../Engine/Content/Internationalization/icudt64l/lang/es_CU.res" 1449
"../../../Engine/Content/Internationalization/icudt64l/region/es_CU.res" 1450
"../../../Engine/Content/Internationalization/icudt64l/lang/es_DO.res" 1451
"../../../Engine/Content/Internationalization/icudt64l/region/es_DO.res" 1452
"../../../Engine/Content/Internationalization/icudt64l/lang/es_EC.res" 1453
"../../../Engine/Content/Internationalization/icudt64l/region/es_EC.res" 1454
"../../../Engine/Content/Internationalization/icudt64l/lang/es_GT.res" 1455
"../../../Engine/Content/Internationalization/icudt64l/region/es_GT.res" 1456
"../../../Engine/Content/Internationalization/icudt64l/lang/es_HN.res" 1457
"../../../Engine/Content/Internationalization/icudt64l/region/es_HN.res" 1458
"../../../Engine/Content/Internationalization/icudt64l/lang/es_MX.res" 1459
"../../../Engine/Content/Internationalization/icudt64l/region/es_MX.res" 1460
"../../../Engine/Content/Internationalization/icudt64l/lang/es_NI.res" 1461
"../../../Engine/Content/Internationalization/icudt64l/region/es_NI.res" 1462
"../../../Engine/Content/Internationalization/icudt64l/lang/es_PA.res" 1463
"../../../Engine/Content/Internationalization/icudt64l/region/es_PA.res" 1464
"../../../Engine/Content/Internationalization/icudt64l/lang/es_PE.res" 1465
"../../../Engine/Content/Internationalization/icudt64l/region/es_PE.res" 1466
"../../../Engine/Content/Internationalization/icudt64l/lang/es_PR.res" 1467
"../../../Engine/Content/Internationalization/icudt64l/region/es_PR.res" 1468
"../../../Engine/Content/Internationalization/icudt64l/lang/es_PY.res" 1469
"../../../Engine/Content/Internationalization/icudt64l/region/es_PY.res" 1470
"../../../Engine/Content/Internationalization/icudt64l/lang/es_SV.res" 1471
"../../../Engine/Content/Internationalization/icudt64l/region/es_SV.res" 1472
"../../../Engine/Content/Internationalization/icudt64l/lang/es_US.res" 1473
"../../../Engine/Content/Internationalization/icudt64l/region/es_US.res" 1474
"../../../Engine/Content/Internationalization/icudt64l/lang/es_UY.res" 1475
"../../../Engine/Content/Internationalization/icudt64l/region/es_UY.res" 1476
"../../../Engine/Content/Internationalization/icudt64l/lang/es_VE.res" 1477
"../../../Engine/Content/Internationalization/icudt64l/region/es_VE.res" 1478
"../../../Engine/Content/Internationalization/icudt64l/lang/et.res" 1479
"../../../Engine/Content/Internationalization/icudt64l/region/et.res" 1480
"../../../Engine/Content/Internationalization/icudt64l/lang/eu.res" 1481
"../../../Engine/Content/Internationalization/icudt64l/region/eu.res" 1482
"../../../Engine/Content/Internationalization/icudt64l/lang/ewo.res" 1483
"../../../Engine/Content/Internationalization/icudt64l/region/ewo.res" 1484
"../../../Engine/Content/Internationalization/icudt64l/lang/fa.res" 1485
"../../../Engine/Content/Internationalization/icudt64l/lang/fa_AF.res" 1486
"../../../Engine/Content/Internationalization/icudt64l/region/fa_AF.res" 1487
"../../../Engine/Content/Internationalization/icudt64l/region/fa.res" 1488
"../../../Engine/Content/Internationalization/icudt64l/lang/ff.res" 1489
"../../../Engine/Content/Internationalization/icudt64l/lang/ff_Latn.res" 1490
"../../../Engine/Content/Internationalization/icudt64l/region/ff.res" 1491
"../../../Engine/Content/Internationalization/icudt64l/region/ff_Latn.res" 1492
"../../../Engine/Content/Internationalization/icudt64l/lang/ff_CM.res" 1493
"../../../Engine/Content/Internationalization/icudt64l/lang/ff_Latn_CM.res" 1494
"../../../Engine/Content/Internationalization/icudt64l/region/ff_CM.res" 1495
"../../../Engine/Content/Internationalization/icudt64l/region/ff_Latn_CM.res" 1496
"../../../Engine/Content/Internationalization/icudt64l/lang/ff_GN.res" 1497
"../../../Engine/Content/Internationalization/icudt64l/lang/ff_Latn_GN.res" 1498
"../../../Engine/Content/Internationalization/icudt64l/region/ff_GN.res" 1499
"../../../Engine/Content/Internationalization/icudt64l/region/ff_Latn_GN.res" 1500
"../../../Engine/Content/Internationalization/icudt64l/lang/ff_MR.res" 1501
"../../../Engine/Content/Internationalization/icudt64l/lang/ff_Latn_MR.res" 1502
"../../../Engine/Content/Internationalization/icudt64l/region/ff_MR.res" 1503
"../../../Engine/Content/Internationalization/icudt64l/region/ff_Latn_MR.res" 1504
"../../../Engine/Content/Internationalization/icudt64l/lang/ff_SN.res" 1505
"../../../Engine/Content/Internationalization/icudt64l/lang/ff_Latn_SN.res" 1506
"../../../Engine/Content/Internationalization/icudt64l/region/ff_SN.res" 1507
"../../../Engine/Content/Internationalization/icudt64l/region/ff_Latn_SN.res" 1508
"../../../Engine/Content/Internationalization/icudt64l/lang/fi.res" 1509
"../../../Engine/Content/Internationalization/icudt64l/region/fi.res" 1510
"../../../Engine/Content/Internationalization/icudt64l/lang/fil.res" 1511
"../../../Engine/Content/Internationalization/icudt64l/lang/fil_PH.res" 1512
"../../../Engine/Content/Internationalization/icudt64l/region/fil_PH.res" 1513
"../../../Engine/Content/Internationalization/icudt64l/region/fil.res" 1514
"../../../Engine/Content/Internationalization/icudt64l/lang/fo.res" 1515
"../../../Engine/Content/Internationalization/icudt64l/region/fo.res" 1516
"../../../Engine/Content/Internationalization/icudt64l/lang/fr.res" 1517
"../../../Engine/Content/Internationalization/icudt64l/lang/fr_BE.res" 1518
"../../../Engine/Content/Internationalization/icudt64l/region/fr_BE.res" 1519
"../../../Engine/Content/Internationalization/icudt64l/region/fr.res" 1520
"../../../Engine/Content/Internationalization/icudt64l/lang/fr_CA.res" 1521
"../../../Engine/Content/Internationalization/icudt64l/region/fr_CA.res" 1522
"../../../Engine/Content/Internationalization/icudt64l/lang/fr_CH.res" 1523
"../../../Engine/Content/Internationalization/icudt64l/lang/fur.res" 1524
"../../../Engine/Content/Internationalization/icudt64l/region/fur.res" 1525
"../../../Engine/Content/Internationalization/icudt64l/lang/fy.res" 1526
"../../../Engine/Content/Internationalization/icudt64l/region/fy.res" 1527
"../../../Engine/Content/Internationalization/icudt64l/lang/ga.res" 1528
"../../../Engine/Content/Internationalization/icudt64l/region/ga.res" 1529
"../../../Engine/Content/Internationalization/icudt64l/lang/gd.res" 1530
"../../../Engine/Content/Internationalization/icudt64l/region/gd.res" 1531
"../../../Engine/Content/Internationalization/icudt64l/lang/gl.res" 1532
"../../../Engine/Content/Internationalization/icudt64l/region/gl.res" 1533
"../../../Engine/Content/Internationalization/icudt64l/lang/gsw.res" 1534
"../../../Engine/Content/Internationalization/icudt64l/region/gsw.res" 1535
"../../../Engine/Content/Internationalization/icudt64l/lang/gu.res" 1536
"../../../Engine/Content/Internationalization/icudt64l/region/gu.res" 1537
"../../../Engine/Content/Internationalization/icudt64l/lang/guz.res" 1538
"../../../Engine/Content/Internationalization/icudt64l/region/guz.res" 1539
"../../../Engine/Content/Internationalization/icudt64l/lang/gv.res" 1540
"../../../Engine/Content/Internationalization/icudt64l/region/gv.res" 1541
"../../../Engine/Content/Internationalization/icudt64l/lang/ha.res" 1542
"../../../Engine/Content/Internationalization/icudt64l/region/ha.res" 1543
"../../../Engine/Content/Internationalization/icudt64l/lang/ha_NE.res" 1544
"../../../Engine/Content/Internationalization/icudt64l/region/ha_NE.res" 1545
"../../../Engine/Content/Internationalization/icudt64l/lang/haw.res" 1546
"../../../Engine/Content/Internationalization/icudt64l/region/haw.res" 1547
"../../../Engine/Content/Internationalization/icudt64l/lang/he.res" 1548
"../../../Engine/Content/Internationalization/icudt64l/lang/he_IL.res" 1549
"../../../Engine/Content/Internationalization/icudt64l/region/he_IL.res" 1550
"../../../Engine/Content/Internationalization/icudt64l/region/he.res" 1551
"../../../Engine/Content/Internationalization/icudt64l/lang/hi.res" 1552
"../../../Engine/Content/Internationalization/icudt64l/region/hi.res" 1553
"../../../Engine/Content/Internationalization/icudt64l/lang/hr.res" 1554
"../../../Engine/Content/Internationalization/icudt64l/region/hr.res" 1555
"../../../Engine/Content/Internationalization/icudt64l/lang/hsb.res" 1556
"../../../Engine/Content/Internationalization/icudt64l/region/hsb.res" 1557
"../../../Engine/Content/Internationalization/icudt64l/lang/hu.res" 1558
"../../../Engine/Content/Internationalization/icudt64l/region/hu.res" 1559
"../../../Engine/Content/Internationalization/icudt64l/lang/hy.res" 1560
"../../../Engine/Content/Internationalization/icudt64l/region/hy.res" 1561
"../../../Engine/Content/Internationalization/icudt64l/lang/ia.res" 1562
"../../../Engine/Content/Internationalization/icudt64l/region/ia.res" 1563
"../../../Engine/Content/Internationalization/icudt64l/lang/id.res" 1564
"../../../Engine/Content/Internationalization/icudt64l/lang/id_ID.res" 1565
"../../../Engine/Content/Internationalization/icudt64l/region/id_ID.res" 1566
"../../../Engine/Content/Internationalization/icudt64l/region/id.res" 1567
"../../../Engine/Content/Internationalization/icudt64l/lang/ig.res" 1568
"../../../Engine/Content/Internationalization/icudt64l/region/ig.res" 1569
"../../../Engine/Content/Internationalization/icudt64l/lang/ii.res" 1570
"../../../Engine/Content/Internationalization/icudt64l/region/ii.res" 1571
"../../../Engine/Content/Internationalization/icudt64l/lang/is.res" 1572
"../../../Engine/Content/Internationalization/icudt64l/region/is.res" 1573
"../../../Engine/Content/Internationalization/icudt64l/lang/it.res" 1574
"../../../Engine/Content/Internationalization/icudt64l/region/it.res" 1575
"../../../Engine/Content/Internationalization/icudt64l/lang/jgo.res" 1576
"../../../Engine/Content/Internationalization/icudt64l/region/jgo.res" 1577
"../../../Engine/Content/Internationalization/icudt64l/lang/jmc.res" 1578
"../../../Engine/Content/Internationalization/icudt64l/region/jmc.res" 1579
"../../../Engine/Content/Internationalization/icudt64l/lang/jv.res" 1580
"../../../Engine/Content/Internationalization/icudt64l/region/jv.res" 1581
"../../../Engine/Content/Internationalization/icudt64l/lang/ka.res" 1582
"../../../Engine/Content/Internationalization/icudt64l/region/ka.res" 1583
"../../../Engine/Content/Internationalization/icudt64l/lang/kab.res" 1584
"../../../Engine/Content/Internationalization/icudt64l/region/kab.res" 1585
"../../../Engine/Content/Internationalization/icudt64l/lang/kam.res" 1586
"../../../Engine/Content/Internationalization/icudt64l/region/kam.res" 1587
"../../../Engine/Content/Internationalization/icudt64l/lang/kde.res" 1588
"../../../Engine/Content/Internationalization/icudt64l/region/kde.res" 1589
"../../../Engine/Content/Internationalization/icudt64l/lang/kea.res" 1590
"../../../Engine/Content/Internationalization/icudt64l/region/kea.res" 1591
"../../../Engine/Content/Internationalization/icudt64l/lang/khq.res" 1592
"../../../Engine/Content/Internationalization/icudt64l/region/khq.res" 1593
"../../../Engine/Content/Internationalization/icudt64l/lang/ki.res" 1594
"../../../Engine/Content/Internationalization/icudt64l/region/ki.res" 1595
"../../../Engine/Content/Internationalization/icudt64l/lang/kk.res" 1596
"../../../Engine/Content/Internationalization/icudt64l/region/kk.res" 1597
"../../../Engine/Content/Internationalization/icudt64l/lang/kkj.res" 1598
"../../../Engine/Content/Internationalization/icudt64l/region/kkj.res" 1599
"../../../Engine/Content/Internationalization/icudt64l/lang/kl.res" 1600
"../../../Engine/Content/Internationalization/icudt64l/region/kl.res" 1601
"../../../Engine/Content/Internationalization/icudt64l/lang/kln.res" 1602
"../../../Engine/Content/Internationalization/icudt64l/region/kln.res" 1603
"../../../Engine/Content/Internationalization/icudt64l/lang/km.res" 1604
"../../../Engine/Content/Internationalization/icudt64l/region/km.res" 1605
"../../../Engine/Content/Internationalization/icudt64l/lang/kn.res" 1606
"../../../Engine/Content/Internationalization/icudt64l/region/kn.res" 1607
"../../../Engine/Content/Internationalization/icudt64l/lang/ko.res" 1608
"../../../Engine/Content/Internationalization/icudt64l/region/ko_KP.res" 1609
"../../../Engine/Content/Internationalization/icudt64l/region/ko.res" 1610
"../../../Engine/Content/Internationalization/icudt64l/lang/kok.res" 1611
"../../../Engine/Content/Internationalization/icudt64l/region/kok.res" 1612
"../../../Engine/Content/Internationalization/icudt64l/lang/ks.res" 1613
"../../../Engine/Content/Internationalization/icudt64l/region/ks.res" 1614
"../../../Engine/Content/Internationalization/icudt64l/lang/ksb.res" 1615
"../../../Engine/Content/Internationalization/icudt64l/region/ksb.res" 1616
"../../../Engine/Content/Internationalization/icudt64l/lang/ksf.res" 1617
"../../../Engine/Content/Internationalization/icudt64l/region/ksf.res" 1618
"../../../Engine/Content/Internationalization/icudt64l/lang/ksh.res" 1619
"../../../Engine/Content/Internationalization/icudt64l/region/ksh.res" 1620
"../../../Engine/Content/Internationalization/icudt64l/lang/ku.res" 1621
"../../../Engine/Content/Internationalization/icudt64l/region/ku.res" 1622
"../../../Engine/Content/Internationalization/icudt64l/lang/kw.res" 1623
"../../../Engine/Content/Internationalization/icudt64l/region/kw.res" 1624
"../../../Engine/Content/Internationalization/icudt64l/lang/ky.res" 1625
"../../../Engine/Content/Internationalization/icudt64l/region/ky.res" 1626
"../../../Engine/Content/Internationalization/icudt64l/lang/lag.res" 1627
"../../../Engine/Content/Internationalization/icudt64l/region/lag.res" 1628
"../../../Engine/Content/Internationalization/icudt64l/lang/lb.res" 1629
"../../../Engine/Content/Internationalization/icudt64l/region/lb.res" 1630
"../../../Engine/Content/Internationalization/icudt64l/lang/lg.res" 1631
"../../../Engine/Content/Internationalization/icudt64l/region/lg.res" 1632
"../../../Engine/Content/Internationalization/icudt64l/lang/lkt.res" 1633
"../../../Engine/Content/Internationalization/icudt64l/region/lkt.res" 1634
"../../../Engine/Content/Internationalization/icudt64l/lang/ln.res" 1635
"../../../Engine/Content/Internationalization/icudt64l/region/ln.res" 1636
"../../../Engine/Content/Internationalization/icudt64l/lang/lo.res" 1637
"../../../Engine/Content/Internationalization/icudt64l/region/lo.res" 1638
"../../../Engine/Content/Internationalization/icudt64l/lang/lrc.res" 1639
"../../../Engine/Content/Internationalization/icudt64l/region/lrc.res" 1640
"../../../Engine/Content/Internationalization/icudt64l/lang/lt.res" 1641
"../../../Engine/Content/Internationalization/icudt64l/region/lt.res" 1642
"../../../Engine/Content/Internationalization/icudt64l/lang/lu.res" 1643
"../../../Engine/Content/Internationalization/icudt64l/region/lu.res" 1644
"../../../Engine/Content/Internationalization/icudt64l/lang/luo.res" 1645
"../../../Engine/Content/Internationalization/icudt64l/region/luo.res" 1646
"../../../Engine/Content/Internationalization/icudt64l/lang/luy.res" 1647
"../../../Engine/Content/Internationalization/icudt64l/region/luy.res" 1648
"../../../Engine/Content/Internationalization/icudt64l/lang/lv.res" 1649
"../../../Engine/Content/Internationalization/icudt64l/region/lv.res" 1650
"../../../Engine/Content/Internationalization/icudt64l/lang/mas.res" 1651
"../../../Engine/Content/Internationalization/icudt64l/region/mas.res" 1652
"../../../Engine/Content/Internationalization/icudt64l/lang/mer.res" 1653
"../../../Engine/Content/Internationalization/icudt64l/region/mer.res" 1654
"../../../Engine/Content/Internationalization/icudt64l/lang/mfe.res" 1655
"../../../Engine/Content/Internationalization/icudt64l/region/mfe.res" 1656
"../../../Engine/Content/Internationalization/icudt64l/lang/mg.res" 1657
"../../../Engine/Content/Internationalization/icudt64l/region/mg.res" 1658
"../../../Engine/Content/Internationalization/icudt64l/lang/mgh.res" 1659
"../../../Engine/Content/Internationalization/icudt64l/region/mgh.res" 1660
"../../../Engine/Content/Internationalization/icudt64l/lang/mgo.res" 1661
"../../../Engine/Content/Internationalization/icudt64l/region/mgo.res" 1662
"../../../Engine/Content/Internationalization/icudt64l/lang/mi.res" 1663
"../../../Engine/Content/Internationalization/icudt64l/region/mi.res" 1664
"../../../Engine/Content/Internationalization/icudt64l/lang/mk.res" 1665
"../../../Engine/Content/Internationalization/icudt64l/region/mk.res" 1666
"../../../Engine/Content/Internationalization/icudt64l/lang/ml.res" 1667
"../../../Engine/Content/Internationalization/icudt64l/region/ml.res" 1668
"../../../Engine/Content/Internationalization/icudt64l/lang/mn.res" 1669
"../../../Engine/Content/Internationalization/icudt64l/region/mn.res" 1670
"../../../Engine/Content/Internationalization/icudt64l/lang/mr.res" 1671
"../../../Engine/Content/Internationalization/icudt64l/region/mr.res" 1672
"../../../Engine/Content/Internationalization/icudt64l/lang/ms.res" 1673
"../../../Engine/Content/Internationalization/icudt64l/region/ms.res" 1674
"../../../Engine/Content/Internationalization/icudt64l/lang/mt.res" 1675
"../../../Engine/Content/Internationalization/icudt64l/region/mt.res" 1676
"../../../Engine/Content/Internationalization/icudt64l/lang/mua.res" 1677
"../../../Engine/Content/Internationalization/icudt64l/region/mua.res" 1678
"../../../Engine/Content/Internationalization/icudt64l/lang/my.res" 1679
"../../../Engine/Content/Internationalization/icudt64l/region/my.res" 1680
"../../../Engine/Content/Internationalization/icudt64l/lang/mzn.res" 1681
"../../../Engine/Content/Internationalization/icudt64l/region/mzn.res" 1682
"../../../Engine/Content/Internationalization/icudt64l/lang/naq.res" 1683
"../../../Engine/Content/Internationalization/icudt64l/region/naq.res" 1684
"../../../Engine/Content/Internationalization/icudt64l/lang/nb.res" 1685
"../../../Engine/Content/Internationalization/icudt64l/lang/nb_NO.res" 1686
"../../../Engine/Content/Internationalization/icudt64l/region/nb_NO.res" 1687
"../../../Engine/Content/Internationalization/icudt64l/region/nb.res" 1688
"../../../Engine/Content/Internationalization/icudt64l/lang/nd.res" 1689
"../../../Engine/Content/Internationalization/icudt64l/region/nd.res" 1690
"../../../Engine/Content/Internationalization/icudt64l/lang/nds.res" 1691
"../../../Engine/Content/Internationalization/icudt64l/region/nds.res" 1692
"../../../Engine/Content/Internationalization/icudt64l/lang/ne.res" 1693
"../../../Engine/Content/Internationalization/icudt64l/region/ne.res" 1694
"../../../Engine/Content/Internationalization/icudt64l/lang/nl.res" 1695
"../../../Engine/Content/Internationalization/icudt64l/region/nl.res" 1696
"../../../Engine/Content/Internationalization/icudt64l/lang/nmg.res" 1697
"../../../Engine/Content/Internationalization/icudt64l/region/nmg.res" 1698
"../../../Engine/Content/Internationalization/icudt64l/lang/nn.res" 1699
"../../../Engine/Content/Internationalization/icudt64l/lang/nn_NO.res" 1700
"../../../Engine/Content/Internationalization/icudt64l/region/nn_NO.res" 1701
"../../../Engine/Content/Internationalization/icudt64l/region/nn.res" 1702
"../../../Engine/Content/Internationalization/icudt64l/lang/nnh.res" 1703
"../../../Engine/Content/Internationalization/icudt64l/region/nnh.res" 1704
"../../../Engine/Content/Internationalization/icudt64l/lang/nus.res" 1705
"../../../Engine/Content/Internationalization/icudt64l/region/nus.res" 1706
"../../../Engine/Content/Internationalization/icudt64l/lang/nyn.res" 1707
"../../../Engine/Content/Internationalization/icudt64l/region/nyn.res" 1708
"../../../Engine/Content/Internationalization/icudt64l/lang/om.res" 1709
"../../../Engine/Content/Internationalization/icudt64l/region/om.res" 1710
"../../../Engine/Content/Internationalization/icudt64l/lang/or.res" 1711
"../../../Engine/Content/Internationalization/icudt64l/region/or.res" 1712
"../../../Engine/Content/Internationalization/icudt64l/lang/os.res" 1713
"../../../Engine/Content/Internationalization/icudt64l/region/os.res" 1714
"../../../Engine/Content/Internationalization/icudt64l/lang/pa.res" 1715
"../../../Engine/Content/Internationalization/icudt64l/lang/pa_Arab.res" 1716
"../../../Engine/Content/Internationalization/icudt64l/lang/pa_PK.res" 1717
"../../../Engine/Content/Internationalization/icudt64l/lang/pa_Arab_PK.res" 1718
"../../../Engine/Content/Internationalization/icudt64l/region/pa_PK.res" 1719
"../../../Engine/Content/Internationalization/icudt64l/region/pa_Arab_PK.res" 1720
"../../../Engine/Content/Internationalization/icudt64l/region/pa_Arab.res" 1721
"../../../Engine/Content/Internationalization/icudt64l/lang/pa_Guru.res" 1722
"../../../Engine/Content/Internationalization/icudt64l/lang/pa_IN.res" 1723
"../../../Engine/Content/Internationalization/icudt64l/lang/pa_Guru_IN.res" 1724
"../../../Engine/Content/Internationalization/icudt64l/region/pa_IN.res" 1725
"../../../Engine/Content/Internationalization/icudt64l/region/pa_Guru_IN.res" 1726
"../../../Engine/Content/Internationalization/icudt64l/region/pa_Guru.res" 1727
"../../../Engine/Content/Internationalization/icudt64l/region/pa.res" 1728
"../../../Engine/Content/Internationalization/icudt64l/lang/pl.res" 1729
"../../../Engine/Content/Internationalization/icudt64l/region/pl.res" 1730
"../../../Engine/Content/Internationalization/icudt64l/lang/ps.res" 1731
"../../../Engine/Content/Internationalization/icudt64l/region/ps.res" 1732
"../../../Engine/Content/Internationalization/icudt64l/lang/ps_PK.res" 1733
"../../../Engine/Content/Internationalization/icudt64l/region/ps_PK.res" 1734
"../../../Engine/Content/Internationalization/icudt64l/lang/pt.res" 1735
"../../../Engine/Content/Internationalization/icudt64l/lang/pt_AO.res" 1736
"../../../Engine/Content/Internationalization/icudt64l/lang/pt_PT.res" 1737
"../../../Engine/Content/Internationalization/icudt64l/region/pt_AO.res" 1738
"../../../Engine/Content/Internationalization/icudt64l/region/pt_PT.res" 1739
"../../../Engine/Content/Internationalization/icudt64l/region/pt.res" 1740
"../../../Engine/Content/Internationalization/icudt64l/lang/pt_CH.res" 1741
"../../../Engine/Content/Internationalization/icudt64l/region/pt_CH.res" 1742
"../../../Engine/Content/Internationalization/icudt64l/lang/pt_CV.res" 1743
"../../../Engine/Content/Internationalization/icudt64l/region/pt_CV.res" 1744
"../../../Engine/Content/Internationalization/icudt64l/lang/pt_GQ.res" 1745
"../../../Engine/Content/Internationalization/icudt64l/region/pt_GQ.res" 1746
"../../../Engine/Content/Internationalization/icudt64l/lang/pt_GW.res" 1747
"../../../Engine/Content/Internationalization/icudt64l/region/pt_GW.res" 1748
"../../../Engine/Content/Internationalization/icudt64l/lang/pt_LU.res" 1749
"../../../Engine/Content/Internationalization/icudt64l/region/pt_LU.res" 1750
"../../../Engine/Content/Internationalization/icudt64l/lang/pt_MO.res" 1751
"../../../Engine/Content/Internationalization/icudt64l/region/pt_MO.res" 1752
"../../../Engine/Content/Internationalization/icudt64l/lang/pt_MZ.res" 1753
"../../../Engine/Content/Internationalization/icudt64l/region/pt_MZ.res" 1754
"../../../Engine/Content/Internationalization/icudt64l/lang/pt_ST.res" 1755
"../../../Engine/Content/Internationalization/icudt64l/region/pt_ST.res" 1756
"../../../Engine/Content/Internationalization/icudt64l/lang/pt_TL.res" 1757
"../../../Engine/Content/Internationalization/icudt64l/region/pt_TL.res" 1758
"../../../Engine/Content/Internationalization/icudt64l/lang/qu.res" 1759
"../../../Engine/Content/Internationalization/icudt64l/region/qu.res" 1760
"../../../Engine/Content/Internationalization/icudt64l/lang/rm.res" 1761
"../../../Engine/Content/Internationalization/icudt64l/region/rm.res" 1762
"../../../Engine/Content/Internationalization/icudt64l/lang/rn.res" 1763
"../../../Engine/Content/Internationalization/icudt64l/region/rn.res" 1764
"../../../Engine/Content/Internationalization/icudt64l/lang/ro.res" 1765
"../../../Engine/Content/Internationalization/icudt64l/lang/ro_MD.res" 1766
"../../../Engine/Content/Internationalization/icudt64l/region/ro_MD.res" 1767
"../../../Engine/Content/Internationalization/icudt64l/region/ro.res" 1768
"../../../Engine/Content/Internationalization/icudt64l/lang/rof.res" 1769
"../../../Engine/Content/Internationalization/icudt64l/region/rof.res" 1770
"../../../Engine/Content/Internationalization/icudt64l/lang/ru.res" 1771
"../../../Engine/Content/Internationalization/icudt64l/region/ru.res" 1772
"../../../Engine/Content/Internationalization/icudt64l/region/ru_UA.res" 1773
"../../../Engine/Content/Internationalization/icudt64l/lang/rw.res" 1774
"../../../Engine/Content/Internationalization/icudt64l/region/rw.res" 1775
"../../../Engine/Content/Internationalization/icudt64l/lang/rwk.res" 1776
"../../../Engine/Content/Internationalization/icudt64l/region/rwk.res" 1777
"../../../Engine/Content/Internationalization/icudt64l/lang/sah.res" 1778
"../../../Engine/Content/Internationalization/icudt64l/region/sah.res" 1779
"../../../Engine/Content/Internationalization/icudt64l/lang/saq.res" 1780
"../../../Engine/Content/Internationalization/icudt64l/region/saq.res" 1781
"../../../Engine/Content/Internationalization/icudt64l/lang/sbp.res" 1782
"../../../Engine/Content/Internationalization/icudt64l/region/sbp.res" 1783
"../../../Engine/Content/Internationalization/icudt64l/lang/sd.res" 1784
"../../../Engine/Content/Internationalization/icudt64l/region/sd.res" 1785
"../../../Engine/Content/Internationalization/icudt64l/lang/se.res" 1786
"../../../Engine/Content/Internationalization/icudt64l/lang/se_FI.res" 1787
"../../../Engine/Content/Internationalization/icudt64l/region/se_FI.res" 1788
"../../../Engine/Content/Internationalization/icudt64l/region/se.res" 1789
"../../../Engine/Content/Internationalization/icudt64l/lang/seh.res" 1790
"../../../Engine/Content/Internationalization/icudt64l/region/seh.res" 1791
"../../../Engine/Content/Internationalization/icudt64l/lang/ses.res" 1792
"../../../Engine/Content/Internationalization/icudt64l/region/ses.res" 1793
"../../../Engine/Content/Internationalization/icudt64l/lang/sg.res" 1794
"../../../Engine/Content/Internationalization/icudt64l/region/sg.res" 1795
"../../../Engine/Content/Internationalization/icudt64l/lang/shi.res" 1796
"../../../Engine/Content/Internationalization/icudt64l/lang/shi_Latn.res" 1797
"../../../Engine/Content/Internationalization/icudt64l/lang/shi_MA.res" 1798
"../../../Engine/Content/Internationalization/icudt64l/lang/shi_Tfng_MA.res" 1799
"../../../Engine/Content/Internationalization/icudt64l/lang/shi_Tfng.res" 1800
"../../../Engine/Content/Internationalization/icudt64l/region/shi_MA.res" 1801
"../../../Engine/Content/Internationalization/icudt64l/region/shi_Tfng_MA.res" 1802
"../../../Engine/Content/Internationalization/icudt64l/region/shi_Tfng.res" 1803
"../../../Engine/Content/Internationalization/icudt64l/region/shi.res" 1804
"../../../Engine/Content/Internationalization/icudt64l/region/shi_Latn.res" 1805
"../../../Engine/Content/Internationalization/icudt64l/lang/si.res" 1806
"../../../Engine/Content/Internationalization/icudt64l/region/si.res" 1807
"../../../Engine/Content/Internationalization/icudt64l/lang/sk.res" 1808
"../../../Engine/Content/Internationalization/icudt64l/region/sk.res" 1809
"../../../Engine/Content/Internationalization/icudt64l/lang/sl.res" 1810
"../../../Engine/Content/Internationalization/icudt64l/region/sl.res" 1811
"../../../Engine/Content/Internationalization/icudt64l/lang/smn.res" 1812
"../../../Engine/Content/Internationalization/icudt64l/region/smn.res" 1813
"../../../Engine/Content/Internationalization/icudt64l/lang/sn.res" 1814
"../../../Engine/Content/Internationalization/icudt64l/region/sn.res" 1815
"../../../Engine/Content/Internationalization/icudt64l/lang/so.res" 1816
"../../../Engine/Content/Internationalization/icudt64l/region/so.res" 1817
"../../../Engine/Content/Internationalization/icudt64l/lang/sq.res" 1818
"../../../Engine/Content/Internationalization/icudt64l/region/sq.res" 1819
"../../../Engine/Content/Internationalization/icudt64l/lang/sr.res" 1820
"../../../Engine/Content/Internationalization/icudt64l/lang/sr_Cyrl.res" 1821
"../../../Engine/Content/Internationalization/icudt64l/lang/sr_BA.res" 1822
"../../../Engine/Content/Internationalization/icudt64l/lang/sr_Cyrl_BA.res" 1823
"../../../Engine/Content/Internationalization/icudt64l/region/sr_BA.res" 1824
"../../../Engine/Content/Internationalization/icudt64l/region/sr_Cyrl_BA.res" 1825
"../../../Engine/Content/Internationalization/icudt64l/region/sr_Cyrl.res" 1826
"../../../Engine/Content/Internationalization/icudt64l/region/sr.res" 1827
"../../../Engine/Content/Internationalization/icudt64l/lang/sr_ME.res" 1828
"../../../Engine/Content/Internationalization/icudt64l/lang/sr_Latn_ME.res" 1829
"../../../Engine/Content/Internationalization/icudt64l/lang/sr_Latn.res" 1830
"../../../Engine/Content/Internationalization/icudt64l/region/sr_ME.res" 1831
"../../../Engine/Content/Internationalization/icudt64l/region/sr_Latn_ME.res" 1832
"../../../Engine/Content/Internationalization/icudt64l/region/sr_Latn.res" 1833
"../../../Engine/Content/Internationalization/icudt64l/lang/sr_Cyrl_ME.res" 1834
"../../../Engine/Content/Internationalization/icudt64l/region/sr_Cyrl_ME.res" 1835
"../../../Engine/Content/Internationalization/icudt64l/lang/sr_RS.res" 1836
"../../../Engine/Content/Internationalization/icudt64l/lang/sr_Cyrl_RS.res" 1837
"../../../Engine/Content/Internationalization/icudt64l/region/sr_RS.res" 1838
"../../../Engine/Content/Internationalization/icudt64l/region/sr_Cyrl_RS.res" 1839
"../../../Engine/Content/Internationalization/icudt64l/lang/sr_XK.res" 1840
"../../../Engine/Content/Internationalization/icudt64l/lang/sr_Cyrl_XK.res" 1841
"../../../Engine/Content/Internationalization/icudt64l/region/sr_XK.res" 1842
"../../../Engine/Content/Internationalization/icudt64l/region/sr_Cyrl_XK.res" 1843
"../../../Engine/Content/Internationalization/icudt64l/lang/sr_Latn_BA.res" 1844
"../../../Engine/Content/Internationalization/icudt64l/region/sr_Latn_BA.res" 1845
"../../../Engine/Content/Internationalization/icudt64l/lang/sr_Latn_RS.res" 1846
"../../../Engine/Content/Internationalization/icudt64l/region/sr_Latn_RS.res" 1847
"../../../Engine/Content/Internationalization/icudt64l/lang/sr_Latn_XK.res" 1848
"../../../Engine/Content/Internationalization/icudt64l/region/sr_Latn_XK.res" 1849
"../../../Engine/Content/Internationalization/icudt64l/lang/sv.res" 1850
"../../../Engine/Content/Internationalization/icudt64l/region/sv.res" 1851
"../../../Engine/Content/Internationalization/icudt64l/lang/sv_FI.res" 1852
"../../../Engine/Content/Internationalization/icudt64l/lang/sw.res" 1853
"../../../Engine/Content/Internationalization/icudt64l/lang/sw_CD.res" 1854
"../../../Engine/Content/Internationalization/icudt64l/region/sw_CD.res" 1855
"../../../Engine/Content/Internationalization/icudt64l/region/sw.res" 1856
"../../../Engine/Content/Internationalization/icudt64l/lang/sw_KE.res" 1857
"../../../Engine/Content/Internationalization/icudt64l/region/sw_KE.res" 1858
"../../../Engine/Content/Internationalization/icudt64l/lang/ta.res" 1859
"../../../Engine/Content/Internationalization/icudt64l/region/ta.res" 1860
"../../../Engine/Content/Internationalization/icudt64l/lang/te.res" 1861
"../../../Engine/Content/Internationalization/icudt64l/region/te.res" 1862
"../../../Engine/Content/Internationalization/icudt64l/lang/teo.res" 1863
"../../../Engine/Content/Internationalization/icudt64l/region/teo.res" 1864
"../../../Engine/Content/Internationalization/icudt64l/lang/tg.res" 1865
"../../../Engine/Content/Internationalization/icudt64l/region/tg.res" 1866
"../../../Engine/Content/Internationalization/icudt64l/lang/th.res" 1867
"../../../Engine/Content/Internationalization/icudt64l/lang/th_TH.res" 1868
"../../../Engine/Content/Internationalization/icudt64l/region/th_TH.res" 1869
"../../../Engine/Content/Internationalization/icudt64l/region/th.res" 1870
"../../../Engine/Content/Internationalization/icudt64l/lang/ti.res" 1871
"../../../Engine/Content/Internationalization/icudt64l/region/ti.res" 1872
"../../../Engine/Content/Internationalization/icudt64l/lang/tk.res" 1873
"../../../Engine/Content/Internationalization/icudt64l/region/tk.res" 1874
"../../../Engine/Content/Internationalization/icudt64l/lang/to.res" 1875
"../../../Engine/Content/Internationalization/icudt64l/region/to.res" 1876
"../../../Engine/Content/Internationalization/icudt64l/lang/tr.res" 1877
"../../../Engine/Content/Internationalization/icudt64l/region/tr.res" 1878
"../../../Engine/Content/Internationalization/icudt64l/lang/tt.res" 1879
"../../../Engine/Content/Internationalization/icudt64l/region/tt.res" 1880
"../../../Engine/Content/Internationalization/icudt64l/lang/twq.res" 1881
"../../../Engine/Content/Internationalization/icudt64l/region/twq.res" 1882
"../../../Engine/Content/Internationalization/icudt64l/lang/tzm.res" 1883
"../../../Engine/Content/Internationalization/icudt64l/region/tzm.res" 1884
"../../../Engine/Content/Internationalization/icudt64l/lang/ug.res" 1885
"../../../Engine/Content/Internationalization/icudt64l/region/ug.res" 1886
"../../../Engine/Content/Internationalization/icudt64l/lang/uk.res" 1887
"../../../Engine/Content/Internationalization/icudt64l/region/uk.res" 1888
"../../../Engine/Content/Internationalization/icudt64l/lang/ur.res" 1889
"../../../Engine/Content/Internationalization/icudt64l/lang/ur_IN.res" 1890
"../../../Engine/Content/Internationalization/icudt64l/region/ur_IN.res" 1891
"../../../Engine/Content/Internationalization/icudt64l/region/ur.res" 1892
"../../../Engine/Content/Internationalization/icudt64l/lang/uz.res" 1893
"../../../Engine/Content/Internationalization/icudt64l/lang/uz_Arab.res" 1894
"../../../Engine/Content/Internationalization/icudt64l/lang/uz_AF.res" 1895
"../../../Engine/Content/Internationalization/icudt64l/lang/uz_Arab_AF.res" 1896
"../../../Engine/Content/Internationalization/icudt64l/region/uz_AF.res" 1897
"../../../Engine/Content/Internationalization/icudt64l/region/uz_Arab_AF.res" 1898
"../../../Engine/Content/Internationalization/icudt64l/region/uz_Arab.res" 1899
"../../../Engine/Content/Internationalization/icudt64l/lang/uz_Cyrl.res" 1900
"../../../Engine/Content/Internationalization/icudt64l/lang/uz_UZ.res" 1901
"../../../Engine/Content/Internationalization/icudt64l/lang/uz_Latn_UZ.res" 1902
"../../../Engine/Content/Internationalization/icudt64l/lang/uz_Latn.res" 1903
"../../../Engine/Content/Internationalization/icudt64l/region/uz_UZ.res" 1904
"../../../Engine/Content/Internationalization/icudt64l/region/uz_Latn_UZ.res" 1905
"../../../Engine/Content/Internationalization/icudt64l/region/uz_Latn.res" 1906
"../../../Engine/Content/Internationalization/icudt64l/region/uz.res" 1907
"../../../Engine/Content/Internationalization/icudt64l/region/uz_Cyrl.res" 1908
"../../../Engine/Content/Internationalization/icudt64l/lang/vai.res" 1909
"../../../Engine/Content/Internationalization/icudt64l/lang/vai_Latn.res" 1910
"../../../Engine/Content/Internationalization/icudt64l/lang/vai_LR.res" 1911
"../../../Engine/Content/Internationalization/icudt64l/lang/vai_Vaii_LR.res" 1912
"../../../Engine/Content/Internationalization/icudt64l/lang/vai_Vaii.res" 1913
"../../../Engine/Content/Internationalization/icudt64l/region/vai_LR.res" 1914
"../../../Engine/Content/Internationalization/icudt64l/region/vai_Vaii_LR.res" 1915
"../../../Engine/Content/Internationalization/icudt64l/region/vai_Vaii.res" 1916
"../../../Engine/Content/Internationalization/icudt64l/region/vai.res" 1917
"../../../Engine/Content/Internationalization/icudt64l/region/vai_Latn.res" 1918
"../../../Engine/Content/Internationalization/icudt64l/lang/vi.res" 1919
"../../../Engine/Content/Internationalization/icudt64l/region/vi.res" 1920
"../../../Engine/Content/Internationalization/icudt64l/lang/vun.res" 1921
"../../../Engine/Content/Internationalization/icudt64l/region/vun.res" 1922
"../../../Engine/Content/Internationalization/icudt64l/lang/wae.res" 1923
"../../../Engine/Content/Internationalization/icudt64l/region/wae.res" 1924
"../../../Engine/Content/Internationalization/icudt64l/lang/wo.res" 1925
"../../../Engine/Content/Internationalization/icudt64l/region/wo.res" 1926
"../../../Engine/Content/Internationalization/icudt64l/lang/xh.res" 1927
"../../../Engine/Content/Internationalization/icudt64l/region/xh.res" 1928
"../../../Engine/Content/Internationalization/icudt64l/lang/xog.res" 1929
"../../../Engine/Content/Internationalization/icudt64l/region/xog.res" 1930
"../../../Engine/Content/Internationalization/icudt64l/lang/yav.res" 1931
"../../../Engine/Content/Internationalization/icudt64l/region/yav.res" 1932
"../../../Engine/Content/Internationalization/icudt64l/lang/yi.res" 1933
"../../../Engine/Content/Internationalization/icudt64l/region/yi.res" 1934
"../../../Engine/Content/Internationalization/icudt64l/lang/yo.res" 1935
"../../../Engine/Content/Internationalization/icudt64l/lang/yo_BJ.res" 1936
"../../../Engine/Content/Internationalization/icudt64l/region/yo_BJ.res" 1937
"../../../Engine/Content/Internationalization/icudt64l/region/yo.res" 1938
"../../../Engine/Content/Internationalization/icudt64l/lang/yue.res" 1939
"../../../Engine/Content/Internationalization/icudt64l/lang/yue_Hans.res" 1940
"../../../Engine/Content/Internationalization/icudt64l/lang/yue_CN.res" 1941
"../../../Engine/Content/Internationalization/icudt64l/lang/yue_Hans_CN.res" 1942
"../../../Engine/Content/Internationalization/icudt64l/region/yue_CN.res" 1943
"../../../Engine/Content/Internationalization/icudt64l/region/yue_Hans_CN.res" 1944
"../../../Engine/Content/Internationalization/icudt64l/region/yue_Hans.res" 1945
"../../../Engine/Content/Internationalization/icudt64l/lang/yue_Hant.res" 1946
"../../../Engine/Content/Internationalization/icudt64l/lang/yue_HK.res" 1947
"../../../Engine/Content/Internationalization/icudt64l/lang/yue_Hant_HK.res" 1948
"../../../Engine/Content/Internationalization/icudt64l/region/yue_HK.res" 1949
"../../../Engine/Content/Internationalization/icudt64l/region/yue_Hant_HK.res" 1950
"../../../Engine/Content/Internationalization/icudt64l/region/yue_Hant.res" 1951
"../../../Engine/Content/Internationalization/icudt64l/region/yue.res" 1952
"../../../Engine/Content/Internationalization/icudt64l/lang/zgh.res" 1953
"../../../Engine/Content/Internationalization/icudt64l/region/zgh.res" 1954
"../../../Engine/Content/Internationalization/icudt64l/lang/zh.res" 1955
"../../../Engine/Content/Internationalization/icudt64l/lang/zh_Hans.res" 1956
"../../../Engine/Content/Internationalization/icudt64l/lang/zh_CN.res" 1957
"../../../Engine/Content/Internationalization/icudt64l/lang/zh_Hans_CN.res" 1958
"../../../Engine/Content/Internationalization/icudt64l/region/zh_CN.res" 1959
"../../../Engine/Content/Internationalization/icudt64l/region/zh_Hans_CN.res" 1960
"../../../Engine/Content/Internationalization/icudt64l/region/zh_Hans.res" 1961
"../../../Engine/Content/Internationalization/icudt64l/region/zh.res" 1962
"../../../Engine/Content/Internationalization/icudt64l/lang/zh_HK.res" 1963
"../../../Engine/Content/Internationalization/icudt64l/lang/zh_Hant_HK.res" 1964
"../../../Engine/Content/Internationalization/icudt64l/lang/zh_Hant.res" 1965
"../../../Engine/Content/Internationalization/icudt64l/region/zh_HK.res" 1966
"../../../Engine/Content/Internationalization/icudt64l/region/zh_Hant_HK.res" 1967
"../../../Engine/Content/Internationalization/icudt64l/region/zh_Hant.res" 1968
"../../../Engine/Content/Internationalization/icudt64l/lang/zh_MO.res" 1969
"../../../Engine/Content/Internationalization/icudt64l/lang/zh_Hant_MO.res" 1970
"../../../Engine/Content/Internationalization/icudt64l/region/zh_MO.res" 1971
"../../../Engine/Content/Internationalization/icudt64l/region/zh_Hant_MO.res" 1972
"../../../Engine/Content/Internationalization/icudt64l/lang/zh_SG.res" 1973
"../../../Engine/Content/Internationalization/icudt64l/lang/zh_Hans_SG.res" 1974
"../../../Engine/Content/Internationalization/icudt64l/region/zh_SG.res" 1975
"../../../Engine/Content/Internationalization/icudt64l/region/zh_Hans_SG.res" 1976
"../../../Engine/Content/Internationalization/icudt64l/lang/zh_TW.res" 1977
"../../../Engine/Content/Internationalization/icudt64l/lang/zh_Hant_TW.res" 1978
"../../../Engine/Content/Internationalization/icudt64l/region/zh_TW.res" 1979
"../../../Engine/Content/Internationalization/icudt64l/region/zh_Hant_TW.res" 1980
"../../../Engine/Content/Internationalization/icudt64l/lang/zu.res" 1981
"../../../Engine/Content/Internationalization/icudt64l/region/zu.res" 1982
"../../../Engine/Content/Internationalization/icudt64l/lang/no.res" 1983
"../../../Engine/Content/Internationalization/icudt64l/lang/tl.res" 1984
"../../../Engine/Config/Android/DataDrivenPlatformInfo.ini" 1985
"../../../Engine/Config/IOS/DataDrivenPlatformInfo.ini" 1986
"../../../Engine/Config/Linux/DataDrivenPlatformInfo.ini" 1987
"../../../Engine/Config/Mac/DataDrivenPlatformInfo.ini" 1988
"../../../Engine/Config/TVOS/DataDrivenPlatformInfo.ini" 1989
"../../../Engine/Config/Unix/DataDrivenPlatformInfo.ini" 1990
"../../../Engine/Config/VulkanPC/DataDrivenPlatformInfo.ini" 1991
"../../../Engine/Config/Windows/DataDrivenPlatformInfo.ini" 1992
"../../../Engine/Platforms/VisionOS/Config/DataDrivenPlatformInfo.ini" 1993
"../../../Engine/Content/Renderer/TessellationTable.bin" 1994
"../../../Engine/DerivedDataCache/Compressed.ddp" 1995
"C:/Users/student/AppData/Local/UnrealEngine/5.7/Saved/Zen/zen.version" 1996
"C:/Users/student/AppData/Local/UnrealEngine/Common/Zen/Install/zen.version" 1997
"C:/Users/student/AppData/Local/UnrealEngine/Common/Zen/Install/zenserver.runcontext" 1998
"C:/Users/student/AppData/Local/UnrealEngine/Common/DerivedDataCache/TestData/0/TestData_4kb.dat" 1999
"C:/Users/student/AppData/Local/UnrealEngine/Common/DerivedDataCache/TestData/1/TestData_4kb.dat" 2000
"C:/Users/student/AppData/Local/UnrealEngine/Common/DerivedDataCache/TestData/0/TestData_8kb.dat" 2001
"C:/Users/student/AppData/Local/UnrealEngine/Common/DerivedDataCache/TestData/1/TestData_8kb.dat" 2002
"C:/Users/student/AppData/Local/UnrealEngine/Common/DerivedDataCache/TestData/0/TestData_16kb.dat" 2003
"C:/Users/student/AppData/Local/UnrealEngine/Common/DerivedDataCache/TestData/1/TestData_16kb.dat" 2004
"C:/Users/student/AppData/Local/UnrealEngine/Common/DerivedDataCache/TestData/0/TestData_64kb.dat" 2005
"C:/Users/student/AppData/Local/UnrealEngine/Common/DerivedDataCache/TestData/1/TestData_64kb.dat" 2006
"C:/Users/student/AppData/Local/UnrealEngine/Common/DerivedDataCache/TestData/0/TestData_128kb.dat" 2007
"C:/Users/student/AppData/Local/UnrealEngine/Common/DerivedDataCache/TestData/1/TestData_128kb.dat" 2008
"C:/Users/student/AppData/Local/UnrealEngine/Common/DerivedDataCache/TestData/0/TestData_256kb.dat" 2009
"C:/Users/student/AppData/Local/UnrealEngine/Common/DerivedDataCache/TestData/1/TestData_256kb.dat" 2010
"C:/Users/student/AppData/Roaming/Unreal Engine/UnrealBuildTool/BuildConfiguration.xml" 2011
"D:/24cu0220/KONA_BANANA/Intermediate/ShaderAutogen/PCD3D_SM6/AutogenShaderHeaders.ush" 2012
"../../../Engine/Shaders/Private/HairStrands/HairStrandsVertexFactory.ush" 2013
"../../../Engine/Shaders/Private/VertexFactoryCommon.ush" 2014
"../../../Engine/Shaders/Private/Common.ush" 2015
"../../../Engine/Shaders/Public/Platform.ush" 2016
"../../../Engine/Shaders/Public/FP16Math.ush" 2017
"../../../Engine/Shaders/Public/Platform/D3D/D3DCommon.ush" 2018
"../../../Engine/Shaders/Shared/HLSLReservedSpaces.h" 2019
"../../../Engine/Shaders/Public/BindlessResources.ush" 2020
"../../../Engine/Shaders/Public/Platform/D3D/PlatformBindlessResources.ush" 2021
"../../../Engine/Shaders/Shared/RayTracingBuiltInResources.h" 2022
"../../../Engine/Shaders/Shared/RayTracingDefinitions.h" 2023
"../../../Engine/Shaders/Shared/MaterialCacheDefinitions.h" 2024
"../../../Engine/Shaders/Shared/HLSLTypeAliases.h" 2025
"../../../Engine/Shaders/Public/IndirectVirtualTexture.ush" 2026
"../../../Engine/Shaders/Shared/IndirectVirtualTextureDefinitions.h" 2027
"../../../Engine/Shaders/Public/OverloadMacros.ush" 2028
"../../../Engine/Shaders/Public/ShaderVersion.ush" 2029
"../../../Engine/Shaders/Shared/ThirdParty/NVIDIA/nvHLSLExtns.h" 2030
"../../../Engine/Shaders/Shared/ThirdParty/NVIDIA/nvHLSLExtnsInternal.h" 2031
"../../../Engine/Shaders/Shared/ThirdParty/NVIDIA/nvShaderExtnEnums.h" 2032
"../../../Engine/Shaders/Private/PackUnpack.ush" 2033
"../../../Engine/Shaders/Private/GeneratedUniformBufferTypes.ush" 2034
"../../../Engine/Shaders/Private/Nanite/NanitePackedNaniteView.ush" 2035
"../../../Engine/Shaders/Private/HairStrands/HairStrandsVisibilityCommonStruct.ush" 2036
"../../../Engine/Shaders/Private/HairStrands/HairStrandsVoxelPageCommonStruct.ush" 2037
"../../../Engine/Shaders/Private/HairStrands/HairStrandsDeepShadowCommonStruct.ush" 2038
"../../../Engine/Shaders/Shared/LightSceneData.h" 2039
"../../../Engine/Shaders/Private/LargeWorldCoordinates.ush" 2040
"../../../Engine/Shaders/Private/DoubleFloat.ush" 2041
"../../../Engine/Shaders/Private/RandomPCG.ush" 2042
"../../../Engine/Shaders/Private/DoubleFloatOperations.ush" 2043
"../../../Engine/Shaders/Private/DoubleFloatVectorDefinition.ush" 2044
"../../../Engine/Shaders/Private/LWCOperations.ush" 2045
"../../../Engine/Shaders/Shared/LightViewData.h" 2046
"../../../Engine/Shaders/Shared/RayTracingTypes.h" 2047
"../../../Engine/Shaders/Shared/HLSLStaticAssert.h" 2048
"../../../Engine/Shaders/Private/CommonViewUniformBuffer.ush" 2049
"../../../Engine/Shaders/Private/InstancedStereo.ush" 2050
"../../../Engine/Shaders/Private/Definitions.usf" 2051
"../../../Engine/Shaders/Private/AssertionMacros.ush" 2052
"../../../Engine/Shaders/Private/FastMath.ush" 2053
"../../../Engine/Shaders/Private/FastMathThirdParty.ush" 2054
"../../../Engine/Shaders/Private/Random.ush" 2055
"../../../Engine/Shaders/Private/RandomInterleavedGradientNoise.ush" 2056
"../../../Engine/Shaders/Private/SceneData.ush" 2057
"../../../Engine/Shaders/Private/OctahedralCommon.ush" 2058
"../../../Engine/Shaders/Private/WaveOpUtil.ush" 2059
"../../../Engine/Shaders/Private/ByteBuffer.ush" 2060
"../../../Engine/Shaders/Shared/SceneDefinitions.h" 2061
"../../../Engine/Shaders/Private/SceneDataMobileLoader.ush" 2062
"../../../Engine/Shaders/Private/LocalVertexFactoryCommon.ush" 2063
"../../../Engine/Shaders/Private/HairStrands/HairStrandsVisibilityCommon.ush" 2064
"../../../Engine/Shaders/Shared/HairStrandsDefinitions.h" 2065
"../../../Engine/Shaders/Private/HairStrands/HairStrandsVertexFactoryCommon.ush" 2066
"../../../Engine/Shaders/Private/HairStrands/HairStrandsPack.ush" 2067
"../../../Engine/Shaders/Private/HairStrands/HairStrandsAttributeCommon.ush" 2068
"../../../Engine/Shaders/Private/HairStrands/HairStrandsAttributeTemplate.ush" 2069
"../../../Engine/Shaders/Private/VertexFactoryDefaultInterface.ush" 2070
"../../../Engine/Shaders/Private/HairStrands/HairCardsVertexFactory.ush" 2071
"../../../Engine/Shaders/Private/HairStrands/HairCardsAttributeCommon.ush" 2072
"../../../Engine/Shaders/Private/RayTracing/RayTracingCommon.ush" 2073
"../../../Engine/Shaders/Private/ShadingCommon.ush" 2074
"../../../Engine/Shaders/Shared/RayTracingPayloadType.h" 2075
"../../../Engine/Shaders/Private/RayTracing/RayTracingRayCone.ush" 2076
"../../../Engine/Shaders/Private/Substrate/Substrate.ush" 2077
"../../../Engine/Shaders/Private/ShadingEnergyConservation.ush" 2078
"../../../Engine/Shaders/Private/ShadingEnergyConservationTemplate.ush" 2079
"../../../Engine/Shaders/Private/BRDF.ush" 2080
"../../../Engine/Shaders/Private/ColorSpace.ush" 2081
"../../../Engine/Shaders/Private/DeferredShadingCommon.ush" 2082
"../../../Engine/Shaders/Private/LightAccumulator.ush" 2083
"../../../Engine/Shaders/Private/SceneTexturesCommon.ush" 2084
"../../../Engine/Shaders/Private/MonteCarlo.ush" 2085
"../../../Engine/Shaders/Private/GBufferHelpers.ush" 2086
"../../../Engine/Shaders/Private/SceneTextureParameters.ush" 2087
"../../../Engine/Shaders/Private/ParticipatingMediaCommon.ush" 2088
"../../../Engine/Shaders/Private/ThinFilmBSDF.ush" 2089
"../../../Engine/Shaders/Private/MortonCode.ush" 2090
"../../../Engine/Shaders/Private/SubsurfaceProfileCommon.ush" 2091
"../../../Engine/Shaders/Private/BurleyNormalizedSSSCommon.ush" 2092
"../../../Engine/Shaders/Private/GammaCorrectionCommon.ush" 2093
"../../../Engine/Shaders/Shared/SubstrateDefinitions.h" 2094
"../../../Engine/Shaders/Private/Substrate/SubstrateStatisticalOperators.ush" 2095
"../../../Engine/Shaders/Private/Substrate/SubstrateSubsurface.ush" 2096
"../../../Engine/Shaders/Private/TransmissionCommon.ush" 2097
"../../../Engine/Shaders/Private/Substrate/SubstrateExportCommon.ush" 2098
"../../../Engine/Shaders/Private/SpecularProfileCommon.ush" 2099
"../../../Engine/Shaders/Private/RayTracing/RayTracingCommonMetal.ush" 2100
"../../../Engine/Shaders/Private/PositionReconstructionCommon.ush" 2101
"../../../Engine/Shaders/Private/RayTracing/TraceRayInline.ush" 2102
"../../../Engine/Shaders/Private/RayTracing/TraceRayInlineCommon.ush" 2103
"../../../Engine/Shaders/Private/RayTracing/TraceRayInlineVulkan.ush" 2104
"../../../Engine/Shaders/Private/RayTracing/TraceRayInlineMetal.ush" 2105
"../../../Engine/Shaders/Private/RayTracing/RayTracingHitGroupCommon.ush" 2106
"../../../Engine/Shaders/Private/Nanite/NaniteRayTrace.ush" 2107
"../../../Engine/Shaders/Private/Nanite/NaniteDataDecode.ush" 2108
"../../../Engine/Shaders/Private/BitPacking.ush" 2109
"../../../Engine/Shaders/Private/BitStreamReaderImplementation.ush" 2110
"../../../Engine/Shaders/Private/BoneTransform.ush" 2111
"../../../Engine/Shaders/Private/Quaternion.ush" 2112
"../../../Engine/Shaders/Private/Skinning/SkinningDataDecode.ush" 2113
"../../../Engine/Shaders/Private/GpuSkinCommon.ush" 2114
"../../../Engine/Shaders/Shared/SkinningDefinitions.h" 2115
"../../../Engine/Shaders/Shared/NaniteDefinitions.h" 2116
"../../../Engine/Shaders/Private/Nanite/NaniteAttributeDecode.ush" 2117
"../../../Engine/Shaders/Private/Barycentrics.ush" 2118
"../../../Engine/Shaders/Private/DualNumber.ush" 2119
"../../../Engine/Shaders/Shared/ThirdParty/RayTriangleIntersection.h" 2120
"../../../Engine/Shaders/Private/Nanite/NaniteVertexFetch.ush" 2121
"../../../Engine/Shaders/Private/ViewData.ush" 2122
"../../../Engine/Shaders/Shared/ViewDefinitions.h" 2123
"../../../Engine/Shaders/Private/Nanite/NaniteSceneCommon.ush" 2124
"../../../Engine/Shaders/Private/RayTracing/TraceRayInlineD3D12.ush" 2125
"../../../Engine/Plugins/FX/Niagara/Shaders/Private/NiagaraSpriteVertexFactory.ush" 2126
"../../../Engine/Shaders/Private/ParticleVertexFactoryCommon.ush" 2127
"../../../Engine/Plugins/FX/Niagara/Shaders/Private/NiagaraVFCommon.usf" 2128
"../../../Engine/Plugins/FX/Niagara/Shaders/Private/NiagaraVFParticleAccess.usf" 2129
"../../../Engine/Plugins/FX/Niagara/Shaders/Private/NiagaraParticleAccess.ush" 2130
"../../../Engine/Plugins/FX/Niagara/Shaders/Private/NiagaraRibbonVertexFactory.ush" 2131
"../../../Engine/Plugins/FX/Niagara/Shaders/Private/NiagaraMeshVertexFactory.ush" 2132
"../../../Engine/Plugins/FX/Niagara/Shaders/Private/NiagaraCommon.ush" 2133
"../../../Engine/Plugins/FX/Niagara/Shaders/Private/NiagaraMeshParticleUtils.ush" 2134
"../../../Engine/Shaders/Private/VectorFieldVisualizationVertexFactory.ush" 2135
"../../../Engine/Shaders/Private/Nanite/NaniteVertexFactory.ush" 2136
"../../../Engine/Shaders/Private/LightmapData.ush" 2137
"../../../Engine/Shaders/Private/SplineMeshCommon.ush" 2138
"../../../Engine/Shaders/Shared/SplineMeshShaderParams.h" 2139
"../../../Engine/Shaders/Private/ShaderPrint.ush" 2140
"../../../Engine/Shaders/Private/ShaderPrintCommon.ush" 2141
"../../../Engine/Shaders/Private/MiniFontCommon.ush" 2142
"../../../Engine/Shaders/Private/SGGX.ush" 2143
"../../../Engine/Shaders/Private/MaterialCache/MaterialCacheCommon.ush" 2144
"../../../Engine/Shaders/Private/Nanite/NaniteVertexDeformation.ush" 2145
"../../../Engine/Shaders/Private/Matrices.ush" 2146
"../../../Engine/Shaders/Private/ParticleSpriteVertexFactory.ush" 2147
"../../../Engine/Shaders/Private/ParticleGPUSpriteVertexFactory.ush" 2148
"../../../Engine/Shaders/Private/ParticleSimulationCommon.ush" 2149
"../../../Engine/Shaders/Private/ParticleBeamTrailVertexFactory.ush" 2150
"../../../Engine/Shaders/Private/MeshParticleVertexFactory.ush" 2151
"../../../Engine/Shaders/Private/LocalVertexFactory.ush" 2152
"../../../Engine/Shaders/Private/GpuSkinVertexFactory.ush" 2153
"../../../Engine/Shaders/Private/GeometryCollectionVertexFactory.ush" 2154
"../../../Engine/Shaders/Private/GeometryCacheVertexFactory.ush" 2155
"../../../Engine/Shaders/Private/LandscapeVertexFactory.ush" 2156
"../../../Engine/Plugins/NNE/NNEDenoiser/Shaders/NNEDenoiserShadersTransferFunctionOidn.usf" 2157
"../../../Engine/Plugins/NNE/NNEDenoiser/Shaders/NNEDenoiserShadersMappedCopy.usf" 2158
"../../../Engine/Plugins/NNE/NNEDenoiser/Shaders/NNEDenoiserShadersDefaultIOProcess.usf" 2159
"../../../Engine/Plugins/NNE/NNEDenoiser/Shaders/NNEDenoiserShadersAutoExposureReduceFinal.usf" 2160
"../../../Engine/Plugins/NNE/NNEDenoiser/Shaders/NNEDenoiserShadersAutoExposureReduce.usf" 2161
"../../../Engine/Plugins/NNE/NNEDenoiser/Shaders/NNEDenoiserShadersAutoExposureDownsample.usf" 2162
"../../../Engine/Plugins/Media/ImgMedia/Shaders/Private/ExrSwizzler.usf" 2163
"../../../Engine/Plugins/Media/WmfMedia/Shaders/Private/MediaHardwareVideoDecoding.usf" 2164
"../../../Engine/Shaders/Private/ColorUtils.ush" 2165
"../../../Engine/Plugins/Experimental/NFORDenoise/Shaders/NFORDenoise.usf" 2166
"../../../Engine/Shaders/Private/ScreenPass.ush" 2167
"../../../Engine/Plugins/Experimental/NFORDenoise/Shaders/NFORRegressionCommon.ush" 2168
"../../../Engine/Plugins/Experimental/NFORDenoise/Shaders/NFORRegression.ush" 2169
"../../../Engine/Plugins/Enterprise/GLTFExporter/Shaders/Private/SimpleTexture2DPS.usf" 2170
"../../../Engine/Shaders/Private/SimpleElementNormalMapPixelShader.usf" 2171
"../../../Engine/Plugins/Compositing/CompositeCore/Shaders/Private/CompositeCoreMerge.usf" 2172
"../../../Engine/Shaders/Private/LensDistortion.ush" 2173
"../../../Engine/Plugins/Compositing/CompositeCore/Shaders/Private/CompositeCoreBlending.ush" 2174
"../../../Engine/Plugins/Compositing/CompositeCore/Shaders/Private/CompositeCoreDisplayTransform.usf" 2175
"../../../Engine/Plugins/Compositing/CompositeCore/Shaders/Private/CompositeCoreDilate.usf" 2176
"../../../Engine/Plugins/Runtime/HairStrands/Shaders/Private/NiagaraCopyVelocityGrid.usf" 2177
"../../../Engine/Plugins/Runtime/HairStrands/Shaders/Private/NiagaraClearVelocityGrid.usf" 2178
"../../../Engine/Plugins/Runtime/HairStrands/Shaders/Private/NiagaraClearPressureGrid.usf" 2179
"../../../Engine/Plugins/Runtime/HairStrands/Shaders/Private/NiagaraInterpolateGroomGuides.usf" 2180
"../../../Engine/Plugins/Runtime/HairStrands/Shaders/Private/NiagaraGroomInterpolationUtils.ush" 2181
"../../../Engine/Plugins/FX/Niagara/Shaders/Private/NiagaraQuaternionUtils.ush" 2182
"../../../Engine/Shaders/Private/HairStrands/HairStrandsMesh.usf" 2183
"../../../Engine/Shaders/Private/HairStrands/HairStrandsBindingCommon.ush" 2184
"../../../Engine/Shaders/Private/HairStrands/HairStrandsFollicleMask.usf" 2185
"../../../Engine/Shaders/Private/HairStrands/HairStrandsSkinUpdate.usf" 2186
"../../../Engine/Shaders/Private/HairStrands/HairStrandsClusterCulling.usf" 2187
"../../../Engine/Shaders/Private/ColorMap.ush" 2188
"../../../Engine/Shaders/Private/HairStrands/HairStrandsAABBCommon.ush" 2189
"../../../Engine/Shaders/Private/HairStrands/HairStrandsClusterCommon.ush" 2190
"../../../Engine/Shaders/Private/ThreadGroupPrefixSum.ush" 2191
"../../../Engine/Shaders/Private/HairStrands/HairStrandsRaytracingGeometry.usf" 2192
"../../../Engine/Shaders/Private/HairStrands/HairStrandsTangent.usf" 2193
"../../../Engine/Shaders/Private/HairStrands/HairCardsDeformation.usf" 2194
"../../../Engine/Shaders/Private/HairStrands/HairStrandsInterpolation.usf" 2195
"../../../Engine/Shaders/Private/HairStrands/HairStrandsGuideDeform.usf" 2196
"../../../Engine/Shaders/Private/HairStrands/HairStrandsTexturesGeneration.usf" 2197
"../../../Engine/Shaders/Private/HairStrands/HairCardsTextureCommon.ush" 2198
"../../../Engine/Shaders/Private/HairStrands/HairStrandsTranscode.usf" 2199
"../../../Engine/Shaders/Private/HairStrands/HairStrandsDebug.usf" 2200
"../../../Engine/Shaders/Private/HairShadingCommon.ush" 2201
"../../../Engine/Shaders/Private/PostProcessCommon.ush" 2202
"../../../Engine/Shaders/Private/ShadingModels.ush" 2203
"../../../Engine/Shaders/Private/CapsuleLight.ush" 2204
"../../../Engine/Shaders/Private/RectLight.ush" 2205
"../../../Engine/Shaders/Private/LightData.ush" 2206
"../../../Engine/Shaders/Shared/LightDefinitions.h" 2207
"../../../Engine/Shaders/Private/AreaLightCommon.ush" 2208
"../../../Engine/Shaders/Private/HairBsdf.ush" 2209
"../../../Engine/Shaders/Private/PathTracing/Utilities/PathTracingRandomSequence.ush" 2210
"../../../Engine/Shaders/Private/MobileGGX.ush" 2211
"../../../Engine/Shaders/Private/HairStrands/HairStrandsCommon.ush" 2212
"../../../Engine/Shaders/Private/HairStrands/HairStrandsEnvironmentLightingCommon.ush" 2213
"../../../Engine/Shaders/Private/HairStrands/HairStrandsDeepTransmittanceCommon.ush" 2214
"../../../Engine/Shaders/Private/HairStrands/HairStrandsDeepTransmittanceDualScattering.ush" 2215
"../../../Engine/Shaders/Private/HairStrands/HairStrandsDeepShadowCommon.ush" 2216
"../../../Engine/Shaders/Private/HairStrands/HairStrandsDebugCommonStruct.ush" 2217
"../../../Engine/Plugins/FX/Niagara/Shaders/Private/NiagaraVertexFactoryExport.usf" 2218
"../../../Engine/Shaders/Private/ComputeShaderUtils.ush" 2219
"../../../Engine/Shaders/Private/MaterialTemplate.ush" 2220
"../../../Engine/Shaders/Private/WorldSpaceMath.ush" 2221
"../../../Engine/Shaders/Private/EyeAdaptationCommon.ush" 2222
"../../../Engine/Shaders/Private/SobolRandom.ush" 2223
"../../../Engine/Shaders/Private/DepthOfFieldCommon.ush" 2224
"../../../Engine/Shaders/Private/CircleDOFCommon.ush" 2225
"../../../Engine/Shaders/Private/DistanceField/GlobalDistanceFieldShared.ush" 2226
"../../../Engine/Shaders/Private/PhysicsFieldSampler.ush" 2227
"../../../Engine/Shaders/Private/PhysicsFieldShared.ush" 2228
"../../../Engine/Shaders/Private/SparseVolumeTexture/SparseVolumeTextureCommon.ush" 2229
"../../../Engine/Shaders/Shared/EnvironmentComponentsFlags.h" 2230
"../../../Engine/Shaders/Private/MeshPaintTextureCommon.ush" 2231
"../../../Engine/Shaders/Private/VirtualTextureMaterial.ush" 2232
"../../../Engine/Shaders/Private/MaterialCache/MaterialCacheMaterialCommon.ush" 2233
"../../../Engine/Shaders/Private/Quantization.ush" 2234
"../../../Engine/Shaders/Private/SpeedTreeCommon.ush" 2235
"../../../Engine/Shaders/Private/VirtualTextureCommon.ush" 2236
"../../../Engine/Shaders/Public/IndirectVirtualTextureCommon.ush" 2237
"../../../Engine/Shaders/Private/MaterialTexture.ush" 2238
"../../../Engine/Shaders/Private/MinMaterialTexCoords.ush" 2239
"../../../Engine/Shaders/Private/SkyAtmosphereCommon.ush" 2240
"../../../Engine/Shaders/Private/SingleLayerWaterCommon.ush" 2241
"../../../Engine/Shaders/Private/TextureSampling.ush" 2242
"../../../Engine/Shaders/Private/PaniniProjection.ush" 2243
"../../../Engine/Shaders/Private/DBufferNormalReprojection.ush" 2244
"../../../Engine/Shaders/Public/SubstratePublic.ush" 2245
"../../../Engine/Shaders/Private/Substrate/SubstrateRead.ush" 2246
"../../../Engine/Shaders/Private/Substrate/SubstrateTree.ush" 2247
"../../../Engine/Shaders/Private/Substrate/SubstrateEvaluation.ush" 2248
"../../../Engine/Shaders/Private/Substrate/Glint/GlintThirdParty.ush" 2249
"../../../Engine/Shaders/Private/BlueNoise.ush" 2250
"../../../Engine/Shaders/Private/SHCommon.ush" 2251
"../../../Engine/Shaders/Private/ShadingModelsSampling.ush" 2252
"../../../Engine/Shaders/Private/HairStrands/HairBsdfSample.ush" 2253
"../../../Engine/Shaders/Private/Substrate/SubstrateLegacyConversion.ush" 2254
"../../../Engine/Shaders/Private/DBufferDecalShared.ush" 2255
"../../../Engine/Plugins/FX/Niagara/Shaders/Private/NiagaraSortKeyGen.usf" 2256
"../../../Engine/Plugins/FX/Niagara/Shaders/Private/NiagaraGPURayTracingTransforms.usf" 2257
"../../../Engine/Plugins/FX/Niagara/Shaders/Private/NiagaraDrawIndirectArgsGen.usf" 2258
"../../../Engine/Plugins/FX/Niagara/Shaders/Private/NiagaraDispatchIndirectArgsGen.usf" 2259
"../../../Engine/Plugins/FX/Niagara/Shaders/Private/Stateless/NiagaraStatelessSimulationDefault.usf" 2260
"../../../Engine/Plugins/FX/Niagara/Shaders/Private/Stateless/NiagaraStatelessCommon.ush" 2261
"../../../Engine/Plugins/FX/Niagara/Shaders/Shared/NiagaraStatelessDefinitions.h" 2262
"../../../Engine/Plugins/FX/Niagara/Shaders/Shared/NiagaraStatelessBuiltDistribution.h" 2263
"../../../Engine/Plugins/FX/Niagara/Shaders/Private/Stateless/NiagaraStatelessDistribution.ush" 2264
"../../../Engine/Plugins/FX/Niagara/Shaders/Private/Stateless/Template/GenerateCS_PreModules.ush" 2265
"../../../Engine/Plugins/FX/Niagara/Shaders/Private/Stateless/Modules/NiagaraStatelessModule_CalculateAccurateVelocity.ush" 2266
"../../../Engine/Plugins/FX/Niagara/Shaders/Private/Stateless/Modules/NiagaraStatelessModule_CameraOffset.ush" 2267
"../../../Engine/Plugins/FX/Niagara/Shaders/Private/Stateless/Modules/NiagaraStatelessModule_DynamicMaterialParameters.ush" 2268
"../../../Engine/Plugins/FX/Niagara/Shaders/Private/Stateless/Modules/NiagaraStatelessModule_InitializeParticle.ush" 2269
"../../../Engine/Plugins/FX/Niagara/Shaders/Private/Stateless/Modules/NiagaraStatelessModule_InitialMeshOrientation.ush" 2270
"../../../Engine/Plugins/FX/Niagara/Shaders/Private/Stateless/Modules/NiagaraStatelessModule_MeshIndex.ush" 2271
"../../../Engine/Plugins/FX/Niagara/Shaders/Private/Stateless/Modules/NiagaraStatelessModule_MeshRotationRate.ush" 2272
"../../../Engine/Plugins/FX/Niagara/Shaders/Private/Stateless/Modules/NiagaraStatelessModule_RotateAroundPoint.ush" 2273
"../../../Engine/Plugins/FX/Niagara/Shaders/Private/Stateless/Modules/NiagaraStatelessModule_ShapeLocation.ush" 2274
"../../../Engine/Plugins/FX/Niagara/Shaders/Private/Stateless/Modules/NiagaraStatelessModule_ScaleColor.ush" 2275
"../../../Engine/Plugins/FX/Niagara/Shaders/Private/Stateless/Modules/NiagaraStatelessModule_ScaleRibbonWidth.ush" 2276
"../../../Engine/Plugins/FX/Niagara/Shaders/Private/Stateless/Modules/NiagaraStatelessModule_ScaleSpriteSize.ush" 2277
"../../../Engine/Plugins/FX/Niagara/Shaders/Private/Stateless/Modules/NiagaraStatelessModule_ScaleSpriteSizeBySpeed.ush" 2278
"../../../Engine/Plugins/FX/Niagara/Shaders/Private/Stateless/Modules/NiagaraStatelessModule_ScaleMeshSize.ush" 2279
"../../../Engine/Plugins/FX/Niagara/Shaders/Private/Stateless/Modules/NiagaraStatelessModule_ScaleMeshSizebySpeed.ush" 2280
"../../../Engine/Plugins/FX/Niagara/Shaders/Private/Stateless/Modules/NiagaraStatelessModule_SolveVelocitiesAndForces.ush" 2281
"../../../Engine/Plugins/FX/Niagara/Shaders/Private/Stateless/Modules/NiagaraStatelessModule_SpriteFacingAndAlignment.ush" 2282
"../../../Engine/Plugins/FX/Niagara/Shaders/Private/Stateless/Modules/NiagaraStatelessModule_SpriteRotationRate.ush" 2283
"../../../Engine/Plugins/FX/Niagara/Shaders/Private/Stateless/Modules/NiagaraStatelessModule_SubUVAnimation.ush" 2284
"../../../Engine/Plugins/FX/Niagara/Shaders/Private/Stateless/Template/GenerateCS_PostModules.ush" 2285
"../../../Engine/Plugins/FX/Niagara/Shaders/Private/NiagaraBlendSVTsToDenseBuffer.usf" 2286
"../../../Engine/Plugins/FX/Niagara/Shaders/Private/NiagaraSVTToDenseBuffer.usf" 2287
"../../../Engine/Plugins/FX/Niagara/Shaders/Private/NiagaraFillIntBuffer.usf" 2288
"../../../Engine/Plugins/FX/Niagara/Shaders/Private/NiagaraComputeFreeIDs.usf" 2289
"../../../Engine/Plugins/FX/Niagara/Shaders/Private/NiagaraInitFreeIDBuffer.usf" 2290
"../../../Engine/Plugins/FX/Niagara/Shaders/Private/NiagaraEmitterInstanceShader.usf" 2291
"../../../Engine/Plugins/FX/Niagara/Shaders/Private/NiagaraShaderVersion.ush" 2292
"../../../Engine/Plugins/FX/Niagara/Shaders/Private/NiagaraPhysicsCommon.ush" 2293
"../../../Engine/Plugins/FX/Niagara/Shaders/Private/Ribbons/NiagaraRibbonAggregationApply.usf" 2294
"../../../Engine/Plugins/FX/Niagara/Shaders/Private/Ribbons/NiagaraRibbonCommon.ush" 2295
"../../../Engine/Plugins/FX/Niagara/Shaders/Shared/NiagaraRibbonShared.h" 2296
"../../../Engine/Plugins/FX/Niagara/Shaders/Private/Ribbons/NiagaraRibbonAggregationStep.usf" 2297
"../../../Engine/Plugins/FX/Niagara/Shaders/Private/Ribbons/NiagaraRibbonGenerateIndices.usf" 2298
"../../../Engine/Plugins/FX/Niagara/Shaders/Private/Ribbons/NiagaraRibbonInitializeIndices.usf" 2299
"../../../Engine/Plugins/FX/Niagara/Shaders/Private/Ribbons/NiagaraRibbonRibbonUVParamCalculation.usf" 2300
"../../../Engine/Plugins/FX/Niagara/Shaders/Private/Ribbons/NiagaraRibbonVertexReductionFinalization.usf" 2301
"../../../Engine/Plugins/FX/Niagara/Shaders/Private/Ribbons/NiagaraRibbonVertexReductionInitialization.usf" 2302
"../../../Engine/Plugins/FX/Niagara/Shaders/Private/Ribbons/NiagaraRibbonSortParticles.usf" 2303
"../../../Engine/Plugins/FX/Niagara/Shaders/Private/NiagaraLWCHelper.usf" 2304
"../../../Engine/Plugins/FX/Niagara/Shaders/Private/NiagaraUpdateMeshGPUSceneInstances.usf" 2305
"../../../Engine/Shaders/Private/GPUScene/GPUSceneWriter.ush" 2306
"../../../Engine/Plugins/FX/Niagara/Shaders/Private/NiagaraGenerateMips.usf" 2307
"../../../Engine/Plugins/FX/Niagara/Shaders/Private/NiagaraDebugDraw.usf" 2308
"../../../Engine/Plugins/FX/Niagara/Shaders/Private/NiagaraDebugDraw.ush" 2309
"../../../Engine/Plugins/FX/Niagara/Shaders/Private/NiagaraVisualizeTexture.usf" 2310
"../../../Engine/Plugins/FX/Niagara/Shaders/Private/NiagaraClearCounts.usf" 2311
"../../../Engine/Plugins/FX/Niagara/Shaders/Private/NiagaraBatchedElements.usf" 2312
"../../../Engine/Plugins/FX/Niagara/Shaders/Private/NiagaraRayTracingShaders.usf" 2313
"../../../Engine/Plugins/FX/Niagara/Shaders/Private/NiagaraAsyncGpuTraceCommon.ush" 2314
"../../../Engine/Shaders/Private/HashTable.ush" 2315
"../../../Engine/Shaders/Private/Hash.ush" 2316
"../../../Engine/Shaders/Private/RayTracing/VFXTraceRay.ush" 2317
"../../../Engine/Plugins/FX/Niagara/Shaders/Private/NiagaraRayMarchingShaders.usf" 2318
"../../../Engine/Plugins/FX/Niagara/Shaders/Private/NiagaraRayTraceCollisionGroupShaders.usf" 2319
"../../../Engine/Plugins/FX/Niagara/Shaders/Private/NiagaraAsyncGpuTraceUtils.usf" 2320
"../../../Engine/Plugins/Runtime/ComputeFramework/Shaders/Private/ComputeKernel.usf" 2321
"../../../Engine/Plugins/Runtime/ComputeFramework/Shaders/Private/ComputeKernelCommon.ush" 2322
"../../../Engine/Shaders/Private/VirtualTextureAdapter.usf" 2323
"../../../Engine/Shaders/Private/BlockCompressionCommon.ush" 2324
"../../../Engine/Shaders/Private/BCCompressionCommon.ush" 2325
"../../../Engine/Shaders/Private/TranslucentLightingShaders.usf" 2326
"../../../Engine/Shaders/Private/TranslucencyVolumeInjectionCommon.ush" 2327
"../../../Engine/Shaders/Private/CubemapCommon.ush" 2328
"../../../Engine/Shaders/Private/VectorFieldCompositeShaders.usf" 2329
"../../../Engine/Shaders/Private/UpdateTextureShaders.usf" 2330
"../../../Engine/Shaders/Private/StereoLayerShader.usf" 2331
"../../../Engine/Shaders/Private/SparseVolumeTexture/UpdateSparseVolumeTexture.usf" 2332
"../../../Engine/Shaders/Private/MorphTargets.usf" 2333
"../../../Engine/Shaders/Private/SimpleElementColorChannelMaskPixelShader.usf" 2334
"../../../Engine/Shaders/Private/SimpleElementHitProxyPixelShader.usf" 2335
"../../../Engine/Shaders/Private/SimpleElementPixelShader.usf" 2336
"../../../Engine/Shaders/Private/IESLightProfilesCommon.ush" 2337
"../../../Engine/Shaders/Private/SimpleElementVertexShader.usf" 2338
"../../../Engine/Shaders/Private/ScreenPixelShaderOES.usf" 2339
"../../../Engine/Shaders/Private/ScreenVertexShader.usf" 2340
"../../../Engine/Shaders/Private/ScreenPixelShader.usf" 2341
"../../../Engine/Shaders/Private/SSProfilePreIntegratedMobile.usf" 2342
"../../../Engine/Shaders/Private/SpecularProfile.usf" 2343
"../../../Engine/Shaders/Private/Nanite/NaniteStreaming.usf" 2344
"../../../Engine/Shaders/Private/Nanite/NaniteStreaming.ush" 2345
"../../../Engine/Shaders/Private/VolumetricLightmapStreaming.usf" 2346
"../../../Engine/Shaders/Private/PhysicsFieldReset.usf" 2347
"../../../Engine/Shaders/Private/PhysicsFieldBuilder.usf" 2348
"../../../Engine/Shaders/Private/PhysicsFieldEval.ush" 2349
"../../../Engine/Shaders/Private/ParticleSortKeyGen.usf" 2350
"../../../Engine/Shaders/Private/ParticleBoundsShader.usf" 2351
"../../../Engine/Shaders/Private/ParticleSimVisualizeShader.usf" 2352
"../../../Engine/Shaders/Private/ParticleInjectionShader.usf" 2353
"../../../Engine/Shaders/Private/ParticleSimulationShader.usf" 2354
"../../../Engine/Shaders/Private/ParticleCurveInjectionShader.usf" 2355
"../../../Engine/Shaders/Private/Nanite/NaniteTranscode.usf" 2356
"../../../Engine/Shaders/Private/Nanite/NaniteScatterUpdates.usf" 2357
"../../../Engine/Shaders/Private/CopyUIntBuffer.usf" 2358
"../../../Engine/Shaders/Private/RadixSortShaders.usf" 2359
"../../../Engine/Shaders/Private/RecomputeTangentsPerVertexPass.usf" 2360
"../../../Engine/Shaders/Private/RecomputeTangentsCommon.ush" 2361
"../../../Engine/Shaders/Private/RecomputeTangentsPerTrianglePass.usf" 2362
"../../../Engine/Shaders/Private/DynamicMeshBounds.usf" 2363
"../../../Engine/Shaders/Private/GpuSkinCacheComputeShader.usf" 2364
"../../../Engine/Shaders/Private/DynamicMeshBounds.ush" 2365
"../../../Engine/Shaders/Private/HeightFieldAtlasManagement.usf" 2366
"../../../Engine/Shaders/Private/Landscape/LandscapeEditLayersUtils.usf" 2367
"../../../Engine/Shaders/Private/Landscape/LandscapeCommon.ush" 2368
"../../../Engine/Shaders/Private/Landscape/LandscapeEditLayersWeightmaps.usf" 2369
"../../../Engine/Shaders/Private/Landscape/LandscapeEditLayersHeightmaps.usf" 2370
"../../../Engine/Shaders/Private/LandscapeLayersPS.usf" 2371
"../../../Engine/Shaders/Private/LandscapePhysicalMaterial.usf" 2372
"../../../Engine/Shaders/Private/LandscapeGrassWeight.usf" 2373
"../../../Engine/Shaders/Private/Landscape/LandscapeCulling.usf" 2374
"../../../Engine/Shaders/Private/Nanite/NaniteHZBCull.ush" 2375
"../../../Engine/Shaders/Private/HZB.ush" 2376
"../../../Engine/Shaders/Private/Landscape/LandscapeMergeTexturesPS.usf" 2377
"../../../Engine/Shaders/Private/WideCustomResolveShaders.usf" 2378
"../../../Engine/Shaders/Private/WideCustomResolve_Wide.ush" 2379
"../../../Engine/Shaders/Private/WideCustomResolve_Wider.ush" 2380
"../../../Engine/Shaders/Private/WideCustomResolve_Widest.ush" 2381
"../../../Engine/Shaders/Private/WaterInfoTextureBlur.usf" 2382
"../../../Engine/Shaders/Private/WaterInfoTextureMerge.usf" 2383
"../../../Engine/Shaders/Private/PageTableUpdate.usf" 2384
"../../../Engine/Shaders/Private/VirtualTextureCompress.usf" 2385
"../../../Engine/Shaders/Private/ASTCCompressionCommon.ush" 2386
"../../../Engine/Shaders/Private/IntegerSequenceEncoding.ush" 2387
"../../../Engine/Shaders/Private/ETCCompressionCommon.ush" 2388
"../../../Engine/Shaders/Private/VirtualTextureMaterial.usf" 2389
"../../../Engine/Shaders/Private/PixelShaderOutputCommon.ush" 2390
"../../../Engine/Shaders/Private/ShaderOutputCommon.ush" 2391
"../../../Engine/Shaders/Private/VolumetricRenderTarget.usf" 2392
"../../../Engine/Shaders/Private/HeightFogCommon.ush" 2393
"../../../Engine/Shaders/Private/LocalFogVolumes/LocalFogVolumeCommon.ush" 2394
"../../../Engine/Shaders/Private/ReflectionEnvironmentShared.ush" 2395
"../../../Engine/Shaders/Private/VolumetricFogVoxelization.usf" 2396
"../../../Engine/Shaders/Private/VolumetricCloudMaterialPixelCommon.ush" 2397
"../../../Engine/Shaders/Private/VolumetricFogLightFunction.usf" 2398
"../../../Engine/Shaders/Private/LightFunctionCommon.ush" 2399
"../../../Engine/Shaders/Private/VolumetricFog.usf" 2400
"../../../Engine/Shaders/Private/DeferredLightingCommon.ush" 2401
"../../../Engine/Shaders/Private/DynamicLightingCommon.ush" 2402
"../../../Engine/Shaders/Private/CapsuleLightIntegrate.ush" 2403
"../../../Engine/Shaders/Private/CapsuleLightSampling.ush" 2404
"../../../Engine/Shaders/Private/RectLightIntegrate.ush" 2405
"../../../Engine/Shaders/Private/ScreenSpaceShadowRayCast.ush" 2406
"../../../Engine/Shaders/Private/LightFunctionAtlas/LightFunctionAtlasCommon.usf" 2407
"../../../Engine/Shaders/Private/LightGridCommon.ush" 2408
"../../../Engine/Shaders/Private/DistanceFieldAOShared.ush" 2409
"../../../Engine/Shaders/Private/IntersectionUtils.ush" 2410
"../../../Engine/Shaders/Private/VolumeLightingCommon.ush" 2411
"../../../Engine/Shaders/Private/ShadowProjectionCommon.ush" 2412
"../../../Engine/Shaders/Private/ShadowFilteringCommon.ush" 2413
"../../../Engine/Shaders/Private/PixelQuadMessagePassing.ush" 2414
"../../../Engine/Shaders/Private/VolumeLightingCommonSampling.ush" 2415
"../../../Engine/Shaders/Private/VolumetricLightmapShared.ush" 2416
"../../../Engine/Shaders/Private/ForwardShadowingCommon.ush" 2417
"../../../Engine/Shaders/Private/LightDataUniforms.ush" 2418
"../../../Engine/Shaders/Private/Lumen/LumenTranslucencyVolumeShared.ush" 2419
"../../../Engine/Shaders/Private/Lumen/LumenRadianceCacheInterpolation.ush" 2420
"../../../Engine/Shaders/Private/VirtualShadowMaps/VirtualShadowMapProjectionCommon.ush" 2421
"../../../Engine/Shaders/Private/VirtualShadowMaps/VirtualShadowMapPageAccessCommon.ush" 2422
"../../../Engine/Shaders/Shared/VirtualShadowMapDefinitions.h" 2423
"../../../Engine/Shaders/Shared/HLSLMathAliases.h" 2424
"../../../Engine/Shaders/Private/VirtualShadowMaps/VirtualShadowMapHandle.ush" 2425
"../../../Engine/Shaders/Private/VirtualShadowMaps/VirtualShadowMapProjectionStructs.ush" 2426
"../../../Engine/Shaders/Private/DiaphragmDOF/DOFCommon.ush" 2427
"../../../Engine/Shaders/Private/VolumetricCloudCommon.ush" 2428
"../../../Engine/Shaders/Private/VolumetricCloud.usf" 2429
"../../../Engine/Shaders/Private/VisualizeVolumetricLightmap.usf" 2430
"../../../Engine/Shaders/Private/VirtualShadowMaps/VirtualShadowMapProjectionComposite.usf" 2431
"../../../Engine/Shaders/Private/LightShaderParameters.ush" 2432
"../../../Engine/Shaders/Private/VirtualShadowMaps/VirtualShadowMapMaskBitsCommon.ush" 2433
"../../../Engine/Shaders/Private/VirtualShadowMaps/VirtualShadowMapLightGrid.ush" 2434
"../../../Engine/Shaders/Private/VirtualShadowMaps/VirtualShadowMapProjection.usf" 2435
"../../../Engine/Shaders/Private/Visualization.ush" 2436
"../../../Engine/Shaders/Private/VirtualShadowMaps/VirtualShadowMapProjectionFilter.ush" 2437
"../../../Engine/Shaders/Private/VirtualShadowMaps/VirtualShadowMapProjectionDirectional.ush" 2438
"../../../Engine/Shaders/Private/VirtualShadowMaps/VirtualShadowMapSMRTCommon.ush" 2439
"../../../Engine/Shaders/Private/VirtualShadowMaps/VirtualShadowMapSMRTTemplate.ush" 2440
"../../../Engine/Shaders/Private/VirtualShadowMaps/VirtualShadowMapProjectionSpot.ush" 2441
"../../../Engine/Shaders/Private/VirtualShadowMaps/VirtualShadowMapTransmissionCommon.ush" 2442
"../../../Engine/Shaders/Private/VirtualShadowMaps/VirtualShadowMapScreenRayTrace.ush" 2443
"../../../Engine/Shaders/Private/VirtualShadowMaps/VirtualShadowMapStats.ush" 2444
"../../../Engine/Shaders/Private/HairStrands/HairStrandsVoxelPageCommon.ush" 2445
"../../../Engine/Shaders/Private/HairStrands/HairStrandsVoxelPageTraversal.ush" 2446
"../../../Engine/Shaders/Private/VirtualShadowMaps/VirtualShadowMapCacheGPUInvalidation.usf" 2447
"../../../Engine/Shaders/Private/VirtualShadowMaps/VirtualShadowMapPageCacheCommon.ush" 2448
"../../../Engine/Shaders/Private/VirtualShadowMaps/VirtualShadowMapCacheInvalidation.ush" 2449
"../../../Engine/Shaders/Private/VirtualShadowMaps/VirtualShadowMapPageOverlap.ush" 2450
"../../../Engine/Shaders/Private/ScreenSpaceDenoise/SSDDefinitions.ush" 2451
"../../../Engine/Shaders/Private/InstanceCulling/InstanceCullingLoadBalancer.ush" 2452
"../../../Engine/Shaders/Private/VirtualShadowMaps/VirtualShadowMapCacheLoadBalancer.usf" 2453
"../../../Engine/Shaders/Private/VirtualShadowMaps/VirtualShadowMapCopyStats.usf" 2454
"../../../Engine/Shaders/Private/VirtualShadowMaps/VirtualShadowMapShadowCasterBounds.usf" 2455
"../../../Engine/Shaders/Private/VirtualShadowMaps/VirtualShadowMapVisualize.ush" 2456
"../../../Engine/Shaders/Private/VirtualShadowMaps/VirtualShadowMapShadowCasterColor.usf" 2457
"../../../Engine/Shaders/Private/VirtualShadowMaps/VirtualShadowMapDebug.usf" 2458
"../../../Engine/Shaders/Private/VirtualShadowMaps/Desaturate.usf" 2459
"../../../Engine/Shaders/Private/VirtualShadowMaps/VirtualShadowMapPhysicalPageManagement.usf" 2460
"../../../Engine/Shaders/Private/ReductionCommon.ush" 2461
"../../../Engine/Shaders/Private/GPUMessaging.ush" 2462
"../../../Engine/Shaders/Private/VirtualShadowMaps/VirtualShadowMapPerPageDispatch.ush" 2463
"../../../Engine/Shaders/Private/VirtualShadowMaps/VirtualShadowMapComputeExplicitChunkDrawsViewMask.usf" 2464
"../../../Engine/Shaders/Shared/SceneCullingDefinitions.h" 2465
"../../../Engine/Shaders/Private/VirtualShadowMaps/VirtualShadowMapCompactViews.usf" 2466
"../../../Engine/Shaders/Private/VirtualShadowMaps/VirtualShadowMapBuildPerPageDrawCommands.usf" 2467
"../../../Engine/Shaders/Private/Nanite/NaniteCullingCommon.ush" 2468
"../../../Engine/Shaders/Private/Nanite/NaniteCulling.ush" 2469
"../../../Engine/Shaders/Private/Nanite/NaniteHierarchyTraversalCommon.ush" 2470
"../../../Engine/Shaders/Private/InstanceCulling/InstanceCullingCommon.ush" 2471
"../../../Engine/Shaders/Shared/InstanceCullingDefinitions.h" 2472
"../../../Engine/Shaders/Private/VirtualShadowMaps/VirtualShadowMapPrintStats.usf" 2473
"../../../Engine/Shaders/Private/VirtualShadowMaps/VirtualShadowMapPageManagement.usf" 2474
"../../../Engine/Shaders/Private/VirtualShadowMaps/VirtualShadowMapPageMarking.usf" 2475
"../../../Engine/Shaders/Private/VirtualShadowMaps/VirtualShadowMapPageMarking.ush" 2476
"../../../Engine/Shaders/Shared/SingleLayerWaterDefinitions.h" 2477
"../../../Engine/Shaders/Private/HairStrands/HairStrandsTileCommon.ush" 2478
"../../../Engine/Shaders/Private/Froxel/Froxel.ush" 2479
"../../../Engine/Shaders/Shared/FroxelDefinitions.h" 2480
"../../../Engine/Shaders/Private/VirtualShadowMaps/VirtualShadowMapThrottle.usf" 2481
"../../../Engine/Shaders/Private/VelocityUpdate.usf" 2482
"../../../Engine/Shaders/Private/VelocityCommon.ush" 2483
"../../../Engine/Shaders/Private/VelocityShader.usf" 2484
"../../../Engine/Shaders/Private/VariableRateShading/VRSShadingRatePreview.usf" 2485
"../../../Engine/Shaders/Private/VariableRateShading/VRSShadingRateCommon.ush" 2486
"../../../Engine/Shaders/Private/VariableRateShading/VRSShadingRateCombine.usf" 2487
"../../../Engine/Shaders/Private/VariableRateShading/VRSShadingRateFoveated.usf" 2488
"../../../Engine/Shaders/Private/VariableRateShading/VRSShadingRateReproject.usf" 2489
"../../../Engine/Shaders/Private/VariableRateShading/VRSShadingRateCalculate.usf" 2490
"../../../Engine/Shaders/Private/TranslucencyUpsampling.usf" 2491
"../../../Engine/Shaders/Private/ComposeSeparateTranslucency.usf" 2492
"../../../Engine/Shaders/Private/SeparateTranslucency.ush" 2493
"../../../Engine/Shaders/Private/TranslucencyVolumeVisualize.usf" 2494
"../../../Engine/Shaders/Private/TranslucencyVolumeCommon.ush" 2495
"../../../Engine/Shaders/Private/TranslucentLightInjectionShaders.usf" 2496
"../../../Engine/Shaders/Private/HeterogeneousVolumes/HeterogeneousVolumesAdaptiveVolumetricShadowMapSampling.ush" 2497
"../../../Engine/Shaders/Private/HeterogeneousVolumes/HeterogeneousVolumesAdaptiveVolumetricShadowMapUtils.ush" 2498
"../../../Engine/Shaders/Private/HeterogeneousVolumes/HeterogeneousVolumesBeerShadowMapUtils.ush" 2499
"../../../Engine/Shaders/Private/TranslucentShadowDepthShaders.usf" 2500
"../../../Engine/Shaders/Private/ShadowDepthCommon.ush" 2501
"../../../Engine/Shaders/Private/RayTracing/RayTracingTest.usf" 2502
"../../../Engine/Shaders/Private/PostprocessSubsurfaceTile.usf" 2503
"../../../Engine/Shaders/Private/PostProcessSubsurfaceCommon.ush" 2504
"../../../Engine/Shaders/Private/Substrate/SubstrateVisualize.usf" 2505
"../../../Engine/Shaders/Private/Substrate/SubstrateTile.ush" 2506
"../../../Engine/Shaders/Shared/SubstrateVisualizeDefinitions.h" 2507
"../../../Engine/Shaders/Private/Substrate/SubstrateVisualizeCommon.ush" 2508
"../../../Engine/Shaders/Private/SkyLightingDiffuseShared.ush" 2509
"../../../Engine/Shaders/Private/SkyLightingShared.ush" 2510
"../../../Engine/Shaders/Private/ClearCoatCommon.ush" 2511
"../../../Engine/Shaders/Private/ReflectionEnvironmentComposite.ush" 2512
"../../../Engine/Shaders/Private/Substrate/SubstrateLightingCommon.ush" 2513
"../../../Engine/Shaders/Private/Substrate/SubstrateRoughRefraction.usf" 2514
"../../../Engine/Shaders/Private/PathTracing/Material/PathTracingFresnel.ush" 2515
"../../../Engine/Shaders/Private/PathTracing/Material/PathTracingGlossy.ush" 2516
"../../../Engine/Shaders/Private/Substrate/SubstrateMaterialSampling.usf" 2517
"../../../Engine/Shaders/Private/Substrate/SubstrateMaterialSampling.ush" 2518
"../../../Engine/Shaders/Private/Lumen/LumenPosition.ush" 2519
"../../../Engine/Shaders/Private/Substrate/SubstrateTile.usf" 2520
"../../../Engine/Shaders/Private/Substrate/SubstrateMaterialClassification.usf" 2521
"../../../Engine/Shaders/Private/Substrate/SubstrateDBuffer.usf" 2522
"../../../Engine/Shaders/Private/StochasticLighting/StochasticLightingTileClassification.usf" 2523
"../../../Engine/Shaders/Private/Lumen/LumenMaterial.ush" 2524
"../../../Engine/Shaders/Private/HairStrands/HairStrandsVisibilityUtils.ush" 2525
"../../../Engine/Shaders/Private/Lumen/LumenReflectionCommon.ush" 2526
"../../../Engine/Shaders/Private/Lumen/LumenReflectionsCombine.ush" 2527
"../../../Engine/Shaders/Private/Lumen/LumenScreenProbeTileClassication.ush" 2528
"../../../Engine/Shaders/Private/MegaLights/MegaLightsTileClassification.ush" 2529
"../../../Engine/Shaders/Private/StochasticLighting/StochasticLightingUpsample.ush" 2530
"../../../Engine/Shaders/Private/StochasticLighting/StochasticLightingCommon.ush" 2531
"../../../Engine/Shaders/Private/SplineMeshSceneTexture.usf" 2532
"../../../Engine/Shaders/Private/SparseVolumeTexture/VisualizeSparseVolumeTexture.usf" 2533
"../../../Engine/Shaders/Private/SkyAtmosphere.usf" 2534
"../../../Engine/Shaders/Private/Nanite/NaniteSkinningUpdateViewData.usf" 2535
"../../../Engine/Shaders/Private/SceneCulling/SceneCulling.ush" 2536
"../../../Engine/Shaders/Private/Skinning/TransformProviders.usf" 2537
"../../../Engine/Shaders/Private/Skinning/SkinnedMeshDebug.usf" 2538
"../../../Engine/Shaders/Private/Skinning/AnimBankEval.usf" 2539
"../../../Engine/Shaders/Private/SingleLayerWaterComposite.usf" 2540
"../../../Engine/Shaders/Private/Froxel/FroxelBuild.ush" 2541
"../../../Engine/Shaders/Private/SingleLayerWaterRefractionCulling.usf" 2542
"../../../Engine/Shaders/Private/ScreenSpaceShadows.usf" 2543
"../../../Engine/Shaders/Private/bend_sss_gpu.ush" 2544
"../../../Engine/Shaders/Private/ShadowFactorsUpsampleCommon.ush" 2545
"../../../Engine/Shaders/Private/FirstPersonSelfShadow.usf" 2546
"../../../Engine/Shaders/Private/HZBTracing.ush" 2547
"../../../Engine/Shaders/Private/LateZDummyPS.usf" 2548
"../../../Engine/Shaders/Private/ShadowProjectionVertexShader.usf" 2549
"../../../Engine/Shaders/Private/ShadowProjectionPixelShader.usf" 2550
"../../../Engine/Shaders/Private/MobileLightingCommon.ush" 2551
"../../../Engine/Shaders/Private/PlanarReflectionShared.ush" 2552
"../../../Engine/Shaders/Private/MobileSSR.ush" 2553
"../../../Engine/Shaders/Private/SSRT/SSRTRayCast.ush" 2554
"../../../Engine/Shaders/Private/ShadowPercentageCloserFiltering.ush" 2555
"../../../Engine/Shaders/Private/TransmissionThickness.ush" 2556
"../../../Engine/Shaders/Private/CopyShadowMaps.usf" 2557
"../../../Engine/Shaders/Private/ShadowDepthPixelShader.usf" 2558
"../../../Engine/Shaders/Private/ShadowDepthVertexShader.usf" 2559
"../../../Engine/Shaders/Private/ShadingEnergyConservationTable.usf" 2560
"../../../Engine/Shaders/Shared/PathTracingDefinitions.h" 2561
"../../../Engine/Shaders/Private/ShadingFurnaceTest.usf" 2562
"../../../Engine/Shaders/Private/Substrate/SubstrateDeferredLighting.ush" 2563
"../../../Engine/Shaders/Private/ShaderPrintDraw.usf" 2564
"../../../Engine/Shaders/Private/ShaderPrintDrawPrimitive.usf" 2565
"../../../Engine/Shaders/Private/DefaultSSRTiles.usf" 2566
"../../../Engine/Shaders/Private/ScreenSpaceReflectionTileCommons.ush" 2567
"../../../Engine/Shaders/Private/SSRT/SSRTDiffuseIndirect.usf" 2568
"../../../Engine/Shaders/Private/SSRT/SSRTTileClassificationBuffer.ush" 2569
"../../../Engine/Shaders/Private/SSRT/SSRTReflections.usf" 2570
"../../../Engine/Shaders/Private/ScreenSpaceDenoise/SSDPublic.ush" 2571
"../../../Engine/Shaders/Private/SSRT/SSRTTileClassification.usf" 2572
"../../../Engine/Shaders/Private/SSRT/SSRTPrevFrameReduction.usf" 2573
"../../../Engine/Shaders/Private/ScreenSpaceDenoise/SSDComposeHarmonics.usf" 2574
"../../../Engine/Shaders/Private/ScreenSpaceDenoise/SSDPublicHarmonics.ush" 2575
"../../../Engine/Shaders/Private/ScreenSpaceDenoise/SSDSignalFramework.ush" 2576
"../../../Engine/Shaders/Private/ScreenSpaceDenoise/SSDCommon.ush" 2577
"../../../Engine/Shaders/Private/SphericalGaussian.ush" 2578
"../../../Engine/Shaders/Public/WaveBroadcastIntrinsics.ush" 2579
"../../../Engine/Shaders/Private/ScreenSpaceDenoise/SSDMetadata.ush" 2580
"../../../Engine/Shaders/Private/ScreenSpaceDenoise/SSDSignalCore.ush" 2581
"../../../Engine/Shaders/Private/ScreenSpaceDenoise/DenoisingCommon.ush" 2582
"../../../Engine/Shaders/Private/ScreenSpaceDenoise/SSDSignalArray.ush" 2583
"../../../Engine/Shaders/Private/ScreenSpaceDenoise/SSDSignalBufferEncoding.ush" 2584
"../../../Engine/Shaders/Private/ScreenSpaceDenoise/SSDPublicBufferEncoding.ush" 2585
"../../../Engine/Shaders/Private/Lumen/LumenBufferEncoding.ush" 2586
"../../../Engine/Shaders/Private/ScreenSpaceDenoise/SSDTemporalAccumulation.usf" 2587
"../../../Engine/Shaders/Private/ScreenSpaceDenoise/SSDSpatialKernel.ush" 2588
"../../../Engine/Shaders/Private/ScreenSpaceDenoise/SSDSignalAccumulatorArray.ush" 2589
"../../../Engine/Shaders/Private/ScreenSpaceDenoise/SSDSignalAccumulator.ush" 2590
"../../../Engine/Shaders/Private/ScreenSpaceDenoise/SSDSignalCompression.ush" 2591
"../../../Engine/Shaders/Private/ScreenSpaceDenoise/SSDSpatialAccumulation.usf" 2592
"../../../Engine/Shaders/Private/ScreenSpaceDenoise/SSDInjest.usf" 2593
"../../../Engine/Shaders/Private/ScreenSpaceDenoise/SSDCompressMetadata.usf" 2594
"../../../Engine/Shaders/Private/DownsampleDepthPixelShader.usf" 2595
"../../../Engine/Shaders/Private/ScreenPass.usf" 2596
"../../../Engine/Shaders/Private/HZB.usf" 2597
"../../../Engine/Shaders/Private/OcclusionFeedbackShaders.usf" 2598
"../../../Engine/Shaders/Private/HZBOcclusion.usf" 2599
"../../../Engine/Shaders/Private/OcclusionQueryPixelShader.usf" 2600
"../../../Engine/Shaders/Private/OcclusionQueryVertexShader.usf" 2601
"../../../Engine/Shaders/Private/HitProxyCopy.usf" 2602
"../../../Engine/Shaders/Private/HitProxyPixelShader.usf" 2603
"../../../Engine/Shaders/Private/HitProxyVertexShader.usf" 2604
"../../../Engine/Shaders/Private/SceneCulling/SceneCullingDebugRender.usf" 2605
"../../../Engine/Shaders/Private/SceneCulling/SceneCullingBuildExplicitBounds.usf" 2606
"../../../Engine/Shaders/Private/SceneCapturePixelShader.usf" 2607
"../../../Engine/Shaders/Private/RendererUtils.usf" 2608
"../../../Engine/Shaders/Private/RTWriteMaskDecode.usf" 2609
"../../../Engine/Shaders/Private/ReflectionEnvironmentShaders.usf" 2610
"../../../Engine/Shaders/Private/RectLightAtlas.usf" 2611
"../../../Engine/Shaders/Private/RayTracing/TraceRayInlineStatistics.usf" 2612
"../../../Engine/Shaders/Private/RayTracing/CompositeSkyLightPS.usf" 2613
"../../../Engine/Shaders/Private/RayTracing/GenerateSkyLightVisibilityRaysCS.usf" 2614
"../../../Engine/Shaders/Private/RayTracing/RayTracingSkyLightCommon.ush" 2615
"../../../Engine/Shaders/Private/RayTracing/SkyLightVisibilityRaysData.ush" 2616
"../../../Engine/Shaders/Private/Raytracing/RaytracingSkylightRGS.usf" 2617
"../../../Engine/Shaders/Private/HairStrands/HairStrandsRaytracing.ush" 2618
"../../../Engine/Shaders/Private/Raytracing/RayTracingSkyLightEvaluation.ush" 2619
"../../../Engine/Shaders/Private/Raytracing/RayTracingDeferredShadingCommon.ush" 2620
"../../../Engine/Shaders/Private/RayTracing/RayTracingOcclusionRGS.usf" 2621
"../../../Engine/Shaders/Private/RayTracing/RayTracingDirectionalLight.ush" 2622
"../../../Engine/Shaders/Private/RayTracing/RayTracingRectLight.ush" 2623
"../../../Engine/Shaders/Private/RayTracing/RayTracingSphereLight.ush" 2624
"../../../Engine/Shaders/Private/RayTracing/RayTracingCapsuleLight.ush" 2625
"../../../Engine/Shaders/Private/Raytracing/RayTracingFeedback.usf" 2626
"../../../Engine/Shaders/Shared/RayTracingDebugTypes.h" 2627
"../../../Engine/Shaders/Private/RayTracing/RayTracingPrimaryRays.usf" 2628
"../../../Engine/Shaders/Private/RayTracing/RayTracingLightingCommon.ush" 2629
"../../../Engine/Shaders/Private/RayTracing/RayTracingLightCullingCommon.ush" 2630
"../../../Engine/Shaders/Private/RayTracing/RayTracingMaterialDefaultHitShaders.usf" 2631
"../../../Engine/Shaders/Private/RayTracing/RayTracingMaterialHitShaders.usf" 2632
"../../../Engine/Shaders/Private/RayTracing/RayTracingShaderUtils.ush" 2633
"../../../Engine/Shaders/Private/RayTracing/RayTracingCalcInterpolants.ush" 2634
"../../../Engine/Shaders/Private/LightmapCommon.ush" 2635
"../../../Engine/Shaders/Private/Lumen/LumenHardwareRayTracingPayloadCommon.ush" 2636
"../../../Engine/Shaders/Shared/LumenDefinitions.h" 2637
"../../../Engine/Shaders/Private/Substrate/SubstrateExport.ush" 2638
"../../../Engine/Shaders/Private/RayTracing/RayTracingLightingMS.usf" 2639
"../../../Engine/Shaders/Private/Lumen/LumenDiffuseColorBoost.ush" 2640
"../../../Engine/Shaders/Private/RayTracing/RayTracingLightFunctionCommon.ush" 2641
"../../../Engine/Shaders/Private/RayTracing/RayTracingBuildLightGrid.usf" 2642
"../../../Engine/Shaders/Private/Raytracing/RayTracingInstanceBufferUtil.usf" 2643
"../../../Engine/Shaders/Private/RayTracing/RayTracingDynamicMesh.usf" 2644
"../../../Engine/Shaders/Private/RayTracing/RayTracingDefaultDecalHitShader.usf" 2645
"../../../Engine/Shaders/Private/RayTracing/RayTracingDecalMaterialShader.usf" 2646
"../../../Engine/Shaders/Private/PathTracing/PathTracingShaderUtils.ush" 2647
"../../../Engine/Shaders/Private/PathTracing/PathTracingCommon.ush" 2648
"../../../Engine/Shaders/Private/PathTracing/Material/PathTracingMaterialCommon.ush" 2649
"../../../Engine/Shaders/Private/PathTracing/Utilities/PathTracingRIS.ush" 2650
"../../../Engine/Shaders/Private/RayTracing/RayTracingBuildDecalGrid.usf" 2651
"../../../Engine/Shaders/Private/RayTracing/RayTracingDebugHitStatsUtils.usf" 2652
"../../../Engine/Shaders/Private/RayTracing/RayTracingDebugInstanceOverlap.usf" 2653
"../../../Engine/Shaders/Private/RayTracing/RayTracingDebugPicking.usf" 2654
"../../../Engine/Shaders/Private/RayTracing/RayTracingDebugUtils.ush" 2655
"../../../Engine/Shaders/Private/RayTracing/RayTracingDebugTraversal.usf" 2656
"../../../Engine/Shaders/Private/RayTracing/RayTracingDeferredMaterials.ush" 2657
"../../../Engine/Shaders/Shared/ThirdParty/AMD/ags_shader_intrinsics_dx12.h" 2658
"../../../Engine/Shaders/Shared/RayTracingDebugDefinitions.h" 2659
"../../../Engine/Shaders/Private/RayTracing/RayTracingDebugHitStatsCHS.usf" 2660
"../../../Engine/Shaders/Private/RayTracing/RayTracingDebugHitStats.usf" 2661
"../../../Engine/Shaders/Private/RayTracing/RayTracingDebugMS.usf" 2662
"../../../Engine/Shaders/Private/RayTracing/RayTracingDebugCHS.usf" 2663
"../../../Engine/Shaders/Private/RayTracing/RayTracingDebug.usf" 2664
"../../../Engine/Shaders/Private/RayTracing/RayTracingBuiltInShaders.usf" 2665
"../../../Engine/Shaders/Private/RayTracing/RayTracingBarycentrics.usf" 2666
"../../../Engine/Shaders/Private/RayTracing/RayTracingAmbientOcclusionRGS.usf" 2667
"../../../Engine/Shaders/Private/VisualizeShadingModels.usf" 2668
"../../../Engine/Shaders/Private/MotionBlur/VisualizeMotionVectors.usf" 2669
"../../../Engine/Shaders/Private/TemporalSuperResolution/TSRVisualize.usf" 2670
"../../../Engine/Shaders/Private/TemporalSuperResolution/TSRColorSpace.ush" 2671
"../../../Engine/Shaders/Private/TemporalSuperResolution/TSRCommon.ush" 2672
"../../../Engine/Shaders/Public/DualPixelVectorization.ush" 2673
"../../../Engine/Shaders/Private/TemporalSuperResolution/TSRReprojectionField.ush" 2674
"../../../Engine/Shaders/Private/TemporalSuperResolution/TSRResolveHistory.usf" 2675
"../../../Engine/Shaders/Private/TemporalSuperResolution/TSRConvolutionNetwork.ush" 2676
"../../../Engine/Shaders/Private/TemporalSuperResolution/TSRKernels.ush" 2677
"../../../Engine/Shaders/Public/LaneVectorization.ush" 2678
"../../../Engine/Shaders/Private/TemporalSuperResolution/TSRUpdateHistory.usf" 2679
"../../../Engine/Shaders/Private/TemporalSuperResolution/TSRSpatialAntiAliasing.ush" 2680
"../../../Engine/Shaders/Private/TemporalSuperResolution/TSRSpatialAntiAliasing.usf" 2681
"../../../Engine/Shaders/Private/TemporalSuperResolution/TSRRejectShading.usf" 2682
"../../../Engine/Shaders/Private/TemporalSuperResolution/TSRShadingAnalysis.ush" 2683
"../../../Engine/Shaders/Private/TemporalSuperResolution/TSRConvolutionNetworkPass.ush" 2684
"../../../Engine/Shaders/Private/TemporalSuperResolution/TSRDecimateHistory.usf" 2685
"../../../Engine/Shaders/Private/TemporalSuperResolution/TSRDepthVelocityAnalysis.ush" 2686
"../../../Engine/Shaders/Private/TemporalSuperResolution/TSRClosestOccluder.ush" 2687
"../../../Engine/Shaders/Private/TemporalSuperResolution/TSRWeightRelaxation.usf" 2688
"../../../Engine/Shaders/Private/TemporalSuperResolution/TSRThinGeometryCommon.ush" 2689
"../../../Engine/Shaders/Private/TemporalSuperResolution/TSRDetectThinGeometry.usf" 2690
"../../../Engine/Shaders/Private/TemporalSuperResolution/TSRDilateVelocity.usf" 2691
"../../../Engine/Shaders/Private/MotionBlur/MotionBlurVelocityFlatten.ush" 2692
"../../../Engine/Shaders/Private/MotionBlur/MotionBlurCommon.ush" 2693
"../../../Engine/Shaders/Private/TemporalSuperResolution/TSRClearPrevTextures.usf" 2694
"../../../Engine/Shaders/Private/TemporalSuperResolution/TSRMeasureCoverage.usf" 2695
"../../../Engine/Shaders/Private/TemporalSuperResolution/TSRMeasureFlickeringLuma.usf" 2696
"../../../Engine/Shaders/Private/TemporalAA.usf" 2697
"../../../Engine/Shaders/Private/SMAA/SMAADebugVisualization.usf" 2698
"../../../Engine/Shaders/Private/SMAA/SMAACommon.ush" 2699
"../../../Engine/Shaders/Private/SMAA/SMAA.ush" 2700
"../../../Engine/Shaders/Private/SMAA/SMAANeighborhoodBlendingShader.usf" 2701
"../../../Engine/Shaders/Private/SMAA/SMAABlendingWeightCalculationShader.usf" 2702
"../../../Engine/Shaders/Private/SMAA/SMAAEdgeDetectionShader.usf" 2703
"../../../Engine/Shaders/Private/FilterPixelShader.usf" 2704
"../../../Engine/Shaders/Private/FilterVertexShader.usf" 2705
"../../../Engine/Shaders/Private/VisualizeVirtualTexture.usf" 2706
"../../../Engine/Shaders/Private/PostProcessVisualizeBuffer.usf" 2707
"../../../Engine/Shaders/Private/PostProcessVisualizeLocalExposure.usf" 2708
"../../../Engine/Shaders/Private/PostProcessHistogramCommon.ush" 2709
"../../../Engine/Shaders/Private/TonemapCommon.ush" 2710
"../../../Engine/Shaders/Private/ACES/ACESCommon.ush" 2711
"../../../Engine/Shaders/Private/ACES/ACESOutputTransform.ush" 2712
"../../../Engine/Shaders/Private/ACES/ACESUtilities.ush" 2713
"../../../Engine/Shaders/Private/ACES/ACESTonescale.ush" 2714
"../../../Engine/Shaders/Private/ACES/ACESDisplayEncoding.ush" 2715
"../../../Engine/Shaders/Private/ACES/ACES_v1.3.ush" 2716
"../../../Engine/Shaders/Private/PostProcessVisualizeLevelInstance.usf" 2717
"../../../Engine/Shaders/Private/PostProcessVisualizeHDR.usf" 2718
"../../../Engine/Shaders/Private/ShaderComplexityApplyPixelShader.usf" 2719
"../../../Engine/Shaders/Private/QuadOverdraw.ush" 2720
"../../../Engine/Shaders/Private/PostProcessUpscale.usf" 2721
"../../../Engine/Shaders/Private/PostProcessTonemap.usf" 2722
"../../../Engine/Shaders/Private/PostProcessing/FilmGrainPackConstants.usf" 2723
"../../../Engine/Shaders/Private/PostProcessing/FilmGrainReduce.usf" 2724
"../../../Engine/Shaders/Private/PostProcessTestImage.usf" 2725
"../../../Engine/Shaders/Private/PostProcessSubsurface.usf" 2726
"../../../Engine/Shaders/Private/SeparableSSS.ush" 2727
"../../../Engine/Shaders/Private/SubsurfaceBurleyNormalized.ush" 2728
"../../../Engine/Shaders/Private/PostProcessSelectionOutline.usf" 2729
"../../../Engine/Shaders/Private/MotionBlur/MotionBlurVisualize.usf" 2730
"../../../Engine/Shaders/Private/MotionBlur/MotionBlurApply.usf" 2731
"../../../Engine/Shaders/Private/MotionBlur/MotionBlurFilterTileClassify.usf" 2732
"../../../Engine/Shaders/Private/MotionBlur/MotionBlurTileScatter.usf" 2733
"../../../Engine/Shaders/Private/MotionBlur/MotionBlurTileGather.usf" 2734
"../../../Engine/Shaders/Private/MotionBlur/MotionBlurVelocityFlatten.usf" 2735
"../../../Engine/Shaders/Private/PostProcessMobile.usf" 2736
"../../../Engine/Shaders/Private/PostProcessMitchellNetravali.usf" 2737
"../../../Engine/Shaders/Private/PostProcessMaterialShaders.usf" 2738
"../../../Engine/Shaders/Private/NeuralPostProcessCommon.usf" 2739
"../../../Engine/Shaders/Private/PostProcessLocalExposure.usf" 2740
"../../../Engine/Shaders/Private/PostProcessLensFlares.usf" 2741
"../../../Engine/Shaders/Private/PostProcessGBufferHints.usf" 2742
"../../../Engine/Shaders/Private/PostProcessHMD.usf" 2743
"../../../Engine/Shaders/Private/Histogram.usf" 2744
"../../../Engine/Shaders/Private/PostProcessExposureMaterial.ush" 2745
"../../../Engine/Shaders/Private/PostProcessHistogramReduce.usf" 2746
"../../../Engine/Shaders/Private/PostProcessHistogram.usf" 2747
"../../../Engine/Shaders/Private/Bloom/BloomFinalizeApplyConstants.usf" 2748
"../../../Engine/Shaders/Private/Bloom/BloomCommon.ush" 2749
"../../../Engine/Shaders/Private/Bloom/BloomResizeKernel.usf" 2750
"../../../Engine/Shaders/Private/Bloom/BloomDownsampleKernel.usf" 2751
"../../../Engine/Shaders/Private/Bloom/BloomClampKernel.usf" 2752
"../../../Engine/Shaders/Private/Bloom/BloomPackKernelConstants.usf" 2753
"../../../Engine/Shaders/Private/Bloom/BloomSumScatterDispersionEnergy.usf" 2754
"../../../Engine/Shaders/Private/Bloom/BloomReduceKernelSurvey.usf" 2755
"../../../Engine/Shaders/Private/Bloom/BloomSurveyKernelCenterEnergy.usf" 2756
"../../../Engine/Shaders/Private/Bloom/BloomSurveyMaxScatterDispersion.usf" 2757
"../../../Engine/Shaders/Private/Bloom/BloomFindKernelCenter.usf" 2758
"../../../Engine/Shaders/Private/PostProcessEyeAdaptation.usf" 2759
"../../../Engine/Shaders/Private/PostProcessEyeAdaptationUtils.usf" 2760
"../../../Engine/Shaders/Private/PostProcessDownsample.usf" 2761
"../../../Engine/Shaders/Private/PostProcessDOF.usf" 2762
"../../../Engine/Shaders/Private/PostProcessDeviceEncodingOnly.usf" 2763
"../../../Engine/Shaders/Private/PostProcessCompositePrimitives.usf" 2764
"../../../Engine/Shaders/Private/PostProcessCombineLUTs.usf" 2765
"../../../Engine/Shaders/Private/PostProcessVisualizeDOF.usf" 2766
"../../../Engine/Shaders/Private/PostProcessBloom.usf" 2767
"../../../Engine/Shaders/Private/PostProcessAmbientOcclusionMobile.usf" 2768
"../../../Engine/Shaders/Private/PostProcessAmbientOcclusionCommon.ush" 2769
"../../../Engine/Shaders/Private/FXAAShader.usf" 2770
"../../../Engine/Shaders/Private/Fxaa3_11.ush" 2771
"../../../Engine/Shaders/Private/PaniniProjection.usf" 2772
"../../../Engine/Shaders/Private/DiaphragmDOF/DOFRecombine.usf" 2773
"../../../Engine/Shaders/Private/DiaphragmDOF/DOFHybridScatterPixelShader.usf" 2774
"../../../Engine/Shaders/Private/DiaphragmDOF/DOFHybridScatterCommon.ush" 2775
"../../../Engine/Shaders/Private/DiaphragmDOF/DOFVignetteCommon.ush" 2776
"../../../Engine/Shaders/Private/DiaphragmDOF/DOFHybridScatterVertexShader.usf" 2777
"../../../Engine/Shaders/Private/DiaphragmDOF/DOFPostfiltering.usf" 2778
"../../../Engine/Shaders/Private/DiaphragmDOF/DOFGatherTileSuggest.ush" 2779
"../../../Engine/Shaders/Private/DiaphragmDOF/DOFCocTileCommon.ush" 2780
"../../../Engine/Shaders/Private/DiaphragmDOF/DOFGatherPass.usf" 2781
"../../../Engine/Shaders/Private/DiaphragmDOF/DOFGatherCommon.ush" 2782
"../../../Engine/Shaders/Private/DiaphragmDOF/DOFGatherAccumulator.ush" 2783
"../../../Engine/Shaders/Private/DiaphragmDOF/DOFGatherKernel.ush" 2784
"../../../Engine/Shaders/Private/DiaphragmDOF/DOFBokehLUT.usf" 2785
"../../../Engine/Shaders/Private/DiaphragmDOF/DOFHybridScatterCompilation.usf" 2786
"../../../Engine/Shaders/Private/DiaphragmDOF/DOFReduce.usf" 2787
"../../../Engine/Shaders/Private/DiaphragmDOF/DOFDownsample.ush" 2788
"../../../Engine/Shaders/Private/DiaphragmDOF/DOFHybridScatterCompilation.ush" 2789
"../../../Engine/Shaders/Private/DiaphragmDOF/DOFDownsample.usf" 2790
"../../../Engine/Shaders/Private/DiaphragmDOF/DOFCocTileDilate.usf" 2791
"../../../Engine/Shaders/Private/DiaphragmDOF/DOFCocTileFlatten.usf" 2792
"../../../Engine/Shaders/Private/DiaphragmDOF/DOFSetup.usf" 2793
"../../../Engine/Shaders/Private/Tools/DebugAlphaChannel.usf" 2794
"../../../Engine/Shaders/Private/PostProcessAlphaInvert.usf" 2795
"../../../Engine/Shaders/Private/PlanarReflectionShaders.usf" 2796
"../../../Engine/Shaders/Private/PhysicsFieldVisualizer.usf" 2797
"../../../Engine/Shaders/Private/PathTracing/PathTracingSpatialTemporalDenoising.usf" 2798
"../../../Engine/Shaders/Private/ColorDifference.ush" 2799
"../../../Engine/Shaders/Private/PathTracing/PathTracingCompositingPixelShader.usf" 2800
"../../../Engine/Shaders/Private/PathTracing/PathTracingAdaptiveUtils.ush" 2801
"../../../Engine/Shaders/Private/PathTracing/PathTracingDefaultHitShader.usf" 2802
"../../../Engine/Shaders/Private/PathTracing/PathTracingGPULightmassMaterialHitShader.usf" 2803
"../../../Engine/Shaders/Private/PathTracing/PathTracingMaterialHitShader.usf" 2804
"../../../Engine/Shaders/Private/PathTracing/Material/PathTracingSubstrateCommon.ush" 2805
"../../../Engine/Shaders/Private/PathTracing/PathTracingLightingMissShader.usf" 2806
"../../../Engine/Shaders/Private/PathTracing/PathTracingMissShader.usf" 2807
"../../../Engine/Shaders/Private/PathTracing/PathTracingAdaptiveStart.usf" 2808
"../../../Engine/Shaders/Private/PathTracing/PathTracingBuildAdaptiveError.usf" 2809
"../../../Engine/Shaders/Private/PathTracing/PathTracingVolumetricCloudMaterialShader.usf" 2810
"../../../Engine/Shaders/Private/PathTracing/Volume/PathTracingCloudsMaterialCommon.ush" 2811
"../../../Engine/Shaders/Private/PathTracing/Volume/PathTracingVolumeCommon.ush" 2812
"../../../Engine/Shaders/Private/PathTracing/Volume/PathTracingCloudsCommon.ush" 2813
"../../../Engine/Shaders/Private/PathTracing/Volume/PathTracingFog.ush" 2814
"../../../Engine/Shaders/Private/PathTracing/Volume/PathTracingAtmosphere.ush" 2815
"../../../Engine/Shaders/Private/PathTracing/Volume/PathTracingAtmosphereCommon.ush" 2816
"../../../Engine/Shaders/Private/PathTracing/Volume/PathTracingVolumeSampling.ush" 2817
"../../../Engine/Shaders/Private/PathTracing/PathTracingBuildCloudAccelerationMap.usf" 2818
"../../../Engine/Shaders/Private/PathTracing/PathTracingBuildAtmosphereLUT.usf" 2819
"../../../Engine/Shaders/Private/PathTracing/PathTracingSwizzleScanlines.usf" 2820
"../../../Engine/Shaders/Private/PathTracing/PathTracingInitExtinctionCoefficient.usf" 2821
"../../../Engine/Shaders/Private/PathTracing/PathTracingCopyDepth.usf" 2822
"../../../Engine/Shaders/Private/PathTracing/PathTracingDebug.usf" 2823
"../../../Engine/Shaders/Private/RayTracing/RayTracingDecalGrid.ush" 2824
"../../../Engine/Shaders/Private/PathTracing/Material/PathTracingMaterialSampling.ush" 2825
"../../../Engine/Shaders/Private/PathTracing/Material/PathTracingLambert.ush" 2826
"../../../Engine/Shaders/Private/PathTracing/Material/PathTracingSubstrate.ush" 2827
"../../../Engine/Shaders/Private/PathTracing/Material/PathTracingSubstrateFoliage.ush" 2828
"../../../Engine/Shaders/Private/PathTracing/Material/PathTracingSubstrateSolidGlass.ush" 2829
"../../../Engine/Shaders/Private/PathTracing/Material/PathTracingSubstrateThinGlass.ush" 2830
"../../../Engine/Shaders/Private/PathTracing/Material/PathTracingSolidGlass.ush" 2831
"../../../Engine/Shaders/Private/PathTracing/Material/PathTracingEnergyConservation.ush" 2832
"../../../Engine/Shaders/Private/PathTracing/Material/PathTracingThinGlass.ush" 2833
"../../../Engine/Shaders/Private/PathTracing/Material/PathTracingDefaultLit.ush" 2834
"../../../Engine/Shaders/Private/PathTracing/Material/PathTracingClearCoat.ush" 2835
"../../../Engine/Shaders/Private/PathTracing/Material/PathTracingTwoSidedFoliage.ush" 2836
"../../../Engine/Shaders/Private/PathTracing/Material/PathTracingCloth.ush" 2837
"../../../Engine/Shaders/Private/PathTracing/Material/PathTracingSubsurfaceProfile.ush" 2838
"../../../Engine/Shaders/Private/PathTracing/Material/PathTracingEye.ush" 2839
"../../../Engine/Shaders/Private/PathTracing/Material/PathTracingHair.ush" 2840
"../../../Engine/Shaders/Private/PathTracing/Material/PathTracingMedium.ush" 2841
"../../../Engine/Shaders/Private/PathTracing/Light/PathTracingLightSampling.ush" 2842
"../../../Engine/Shaders/Private/PathTracing/Light/PathTracingLightCommon.ush" 2843
"../../../Engine/Shaders/Private/PathTracing/Light/PathTracingDirectionalLight.ush" 2844
"../../../Engine/Shaders/Private/PathTracing/Light/PathTracingPointLight.ush" 2845
"../../../Engine/Shaders/Private/PathTracing/Light/PathTracingCapsuleLight.ush" 2846
"../../../Engine/Shaders/Private/PathTracing/Light/PathTracingRectLight.ush" 2847
"../../../Engine/Shaders/Private/PathTracing/Light/PathTracingSkyLight.ush" 2848
"../../../Engine/Shaders/Private/PathTracing/Light/PathTracingLightGrid.ush" 2849
"../../../Engine/Shaders/Private/PathTracing/PathTracing.usf" 2850
"../../../Engine/Shaders/Private/PathTracing/PathTracingCore.ush" 2851
"../../../Engine/Shaders/Private/HeterogeneousVolumes/HeterogeneousVolumesVoxelGridTypes.ush" 2852
"../../../Engine/Shaders/Private/PathTracing/Volume/PathTracingVolume.ush" 2853
"../../../Engine/Shaders/Private/PathTracing/Volume/PathTracingClouds.ush" 2854
"../../../Engine/Shaders/Private/PathTracing/Volume/PathTracingHeterogeneousVolumes.ush" 2855
"../../../Engine/Shaders/Private/HeterogeneousVolumes/HeterogeneousVolumesTracingUtils.ush" 2856
"../../../Engine/Shaders/Private/HeterogeneousVolumes/HeterogeneousVolumesVoxelGridTraversal.ush" 2857
"../../../Engine/Shaders/Private/HeterogeneousVolumes/HeterogeneousVolumesVoxelGridUtils.ush" 2858
"../../../Engine/Shaders/Private/HeterogeneousVolumes/HeterogeneousVolumesFrustumVoxelGridUtils.ush" 2859
"../../../Engine/Shaders/Private/PathTracing/PathTracingBuildLightGrid.usf" 2860
"../../../Engine/Shaders/Private/PathTracing/PathTracingSkylightMISCompensation.usf" 2861
"../../../Engine/Shaders/Private/PathTracing/PathTracingSkylightPrepare.usf" 2862
"../../../Engine/Shaders/Private/OIT/OITSorting.usf" 2863
"../../../Engine/Shaders/Private/OITCombine.usf" 2864
"../../../Engine/Shaders/Private/OITCommon.ush" 2865
"../../../Engine/Shaders/Private/Nanite/Voxel/RasterizeBricks.usf" 2866
"../../../Engine/Shaders/Private/Nanite/Voxel/Brick.ush" 2867
"../../../Engine/Shaders/Private/Nanite/Voxel/Voxel.ush" 2868
"../../../Engine/Shaders/Private/Nanite/Voxel/ScatterBricks.usf" 2869
"../../../Engine/Shaders/Private/Nanite/Voxel/TileBricks.usf" 2870
"../../../Engine/Shaders/Private/Nanite/Voxel/AutoVoxel.usf" 2871
"../../../Engine/Shaders/Private/Nanite/NaniteDebugViews.usf" 2872
"../../../Engine/Shaders/Private/Nanite/NaniteEditorCommon.ush" 2873
"../../../Engine/Shaders/Private/BinarySearch.ush" 2874
"../../../Engine/Shaders/Private/Nanite/NaniteDepthDecode.usf" 2875
"../../../Engine/Shaders/Private/HTileEncoding.ush" 2876
"../../../Engine/Shaders/Private/Nanite/NaniteVisualize.usf" 2877
"../../../Engine/Shaders/Private/Nanite/NaniteStreamOut.usf" 2878
"../../../Engine/Shaders/Private/Nanite/NaniteHierarchyTraversal.ush" 2879
"../../../Engine/Shaders/Private/Nanite/NaniteShadeBinning.usf" 2880
"../../../Engine/Shaders/Private/Nanite/NaniteShadeCommon.ush" 2881
"../../../Engine/Shaders/Private/Nanite/NaniteFastClear.usf" 2882
"../../../Engine/Shaders/Private/Nanite/NaniteRayTracing.usf" 2883
"../../../Engine/Shaders/Private/Nanite/NaniteExportGBuffer.usf" 2884
"../../../Engine/Shaders/Private/Nanite/NaniteClusterCulling.usf" 2885
"../../../Engine/Shaders/Private/Nanite/NanitePrintStats.usf" 2886
"../../../Engine/Shaders/Private/Nanite/NaniteRasterizer.usf" 2887
"../../../Engine/Shaders/Private/Nanite/NaniteRasterizationCommon.ush" 2888
"../../../Engine/Shaders/Private/Nanite/NaniteRasterizer.ush" 2889
"../../../Engine/Shaders/Private/Nanite/NaniteWritePixel.ush" 2890
"../../../Engine/Shaders/Private/Nanite/NaniteTessellation.ush" 2891
"../../../Engine/Shaders/Private/WorkDistribution.ush" 2892
"../../../Engine/Shaders/Private/Nanite/NaniteDice.ush" 2893
"../../../Engine/Shaders/Private/ShaderBundleWorkGraphCommon.ush" 2894
"../../../Engine/Shaders/Public/RootConstants.ush" 2895
"../../../Engine/Shaders/Public/Platform/D3D/D3DRootConstants.ush" 2896
"../../../Engine/Shaders/Private/Nanite/NaniteSplit.usf" 2897
"../../../Engine/Shaders/Private/Nanite/NaniteRasterBinning.usf" 2898
"../../../Engine/Shaders/Private/Nanite/NaniteInstanceCulling.usf" 2899
"../../../Engine/Shaders/Private/Nanite/NaniteImposter.ush" 2900
"../../../Engine/Shaders/Private/Nanite/NaniteInstanceHierarchyCulling.usf" 2901
"../../../Engine/Shaders/Private/WorkGroupLoadBalancer.ush" 2902
"../../../Engine/Shaders/Private/Nanite/NanitePrimitiveFilter.usf" 2903
"../../../Engine/Shaders/Private/Nanite/NaniteRasterClear.usf" 2904
"../../../Engine/Shaders/Private/Nanite/NaniteDepthExport.usf" 2905
"../../../Engine/Shaders/Private/Nanite/NaniteEmitShadow.usf" 2906
"../../../Engine/Shaders/Private/MobileDeferredUtils.usf" 2907
"../../../Engine/Shaders/Private/MobileLocalLightsBuffer.usf" 2908
"../../../Engine/Shaders/Private/MobileFog.usf" 2909
"../../../Engine/Shaders/Private/DistortApplyScreenPS.usf" 2910
"../../../Engine/Shaders/Private/MobileDeferredShading.usf" 2911
"../../../Engine/Shaders/Private/MobileBasePassPixelShader.usf" 2912
"../../../Engine/Shaders/Private/MobileBasePassCommon.ush" 2913
"../../../Engine/Shaders/Private/BasePassCommon.ush" 2914
"../../../Engine/Shaders/Private/ShadingModelsMaterial.ush" 2915
"../../../Engine/Shaders/Private/ThinTranslucentCommon.ush" 2916
"../../../Engine/Shaders/Private/SingleLayerWaterShading.ush" 2917
"../../../Engine/Shaders/Private/DistortionCommon.ush" 2918
"../../../Engine/Shaders/Private/Substrate/SubstrateMobileForwardLighting.ush" 2919
"../../../Engine/Shaders/Private/MobileBasePassVertexShader.usf" 2920
"../../../Engine/Shaders/Private/MeshEdges.usf" 2921
"../../../Engine/Shaders/Private/MegaLights/MegaLightsSampling.usf" 2922
"../../../Engine/Shaders/Shared/MegaLightsDefinitions.h" 2923
"../../../Engine/Shaders/Private/MegaLights/MegaLightsShading.ush" 2924
"../../../Engine/Shaders/Private/MegaLights/MegaLights.ush" 2925
"../../../Engine/Shaders/Private/MegaLights/MegaLightsMaterial.ush" 2926
"../../../Engine/Shaders/Private/MegaLights/MegaLightsRayTracing.ush" 2927
"../../../Engine/Shaders/Private/MegaLights/MegaLightsSampling.ush" 2928
"../../../Engine/Shaders/Private/MegaLights/MegaLightsVolumeSampling.usf" 2929
"../../../Engine/Shaders/Private/MegaLights/MegaLightsVolume.ush" 2930
"../../../Engine/Shaders/Private/MegaLights/MegaLights.usf" 2931
"../../../Engine/Shaders/Private/HairStrands/HairStrandsScreenTracing.ush" 2932
"../../../Engine/Shaders/Private/MegaLights/MegaLightsFilterVisibleLightHash.usf" 2933
"../../../Engine/Shaders/Private/MegaLights/MegaLightsShading.usf" 2934
"../../../Engine/Shaders/Private/Lumen/LumenReflectionDenoiserCommon.ush" 2935
"../../../Engine/Shaders/Private/MegaLights/MegaLightsVisibleLightHash.usf" 2936
"../../../Engine/Shaders/Private/MegaLights/MegaLightsVolumeShading.usf" 2937
"../../../Engine/Shaders/Private/MegaLights/MegaLightsVSMMarking.usf" 2938
"../../../Engine/Shaders/Private/MegaLights/MegaLightsVSMTracing.usf" 2939
"../../../Engine/Shaders/Private/MegaLights/MegaLightsRayTracing.usf" 2940
"../../../Engine/Shaders/Private/DistanceField/GlobalDistanceFieldUtils.ush" 2941
"../../../Engine/Shaders/Private/Lumen/LumenScreenTracing.ush" 2942
"../../../Engine/Shaders/Private/MegaLights/MegaLightsVolumeRayTracing.usf" 2943
"../../../Engine/Shaders/Private/MegaLights/MegaLightsVolumeHardwareRayTracing.usf" 2944
"../../../Engine/Shaders/Private/Lumen/LumenHardwareRayTracingCommon.ush" 2945
"../../../Engine/Shaders/Private/RayTracing/RayTracingReflectionEnvironment.ush" 2946
"../../../Engine/Shaders/Private/Lumen/LumenHardwareRayTracingPlatformCommon.ush" 2947
"../../../Engine/Shaders/Private/Lumen/LumenTracingCommon.ush" 2948
"../../../Engine/Shaders/Private/Lumen/SurfaceCache/LumenSurfaceCacheSampling.ush" 2949
"../../../Engine/Shaders/Private/Lumen/SurfaceCache/LumenSurfaceCache.ush" 2950
"../../../Engine/Shaders/Private/Lumen/LumenCardCommon.ush" 2951
"../../../Engine/Shaders/Private/Lumen/LumenCardTileShadowDownsampleFactor.ush" 2952
"../../../Engine/Shaders/Private/MegaLights/MegaLightsHardwareRayTracing.usf" 2953
"../../../Engine/Shaders/Private/MegaLights/MegaLightsDebug.usf" 2954
"../../../Engine/Shaders/Private/MegaLights/MegaLightsDenoiserSpatial.usf" 2955
"../../../Engine/Shaders/Private/MegaLights/MegaLightsDenoiserTemporal.usf" 2956
"../../../Engine/Shaders/Private/MaterialCache/MaterialCacheABufferPages.usf" 2957
"../../../Engine/Shaders/Private/MaterialCache/MaterialCacheShade.usf" 2958
"../../../Engine/Shaders/Private/MaterialCache/MaterialCacheShadeCommon.ush" 2959
"../../../Engine/Shaders/Private/MaterialCache/MaterialCacheUnwrapNaniteShade.usf" 2960
"../../../Engine/Shaders/Private/MaterialCache/MaterialCacheUnwrapPixelShader.usf" 2961
"../../../Engine/Shaders/Private/MaterialCache/MaterialCacheUnwrapVertexShader.usf" 2962
"../../../Engine/Shaders/Private/Lumen/LumenVisualizeRadianceCache.usf" 2963
"../../../Engine/Shaders/Private/Lumen/LumenRadianceCacheCommon.ush" 2964
"../../../Engine/Shaders/Private/Lumen/LumenVisualizeHardwareRayTracing.usf" 2965
"../../../Engine/Shaders/Private/Lumen/LumenVisualize.ush" 2966
"../../../Engine/Shaders/Private/Lumen/LumenHairTracing.ush" 2967
"../../../Engine/Shaders/Private/Lumen/LumenVisualize.usf" 2968
"../../../Engine/Shaders/Private/Lumen/LumenSoftwareRayTracing.ush" 2969
"../../../Engine/Shaders/Private/DistanceField/GlobalDistanceFieldObjectGrid.ush" 2970
"../../../Engine/Shaders/Private/DistanceFieldLightingShared.ush" 2971
"../../../Engine/Shaders/Private/Lumen/LumenVisualizeTraces.ush" 2972
"../../../Engine/Shaders/Private/Lumen/LumenTranslucencyVolumeLighting.usf" 2973
"../../../Engine/Shaders/Private/Lumen/LumenRadianceCacheMarkCommon.ush" 2974
"../../../Engine/Shaders/Private/Lumen/LumenTranslucencyVolumeLightingShared.ush" 2975
"../../../Engine/Shaders/Private/Lumen/LumenScreenProbeCommon.ush" 2976
"../../../Engine/Shaders/Private/RayTracing/RayGenUtils.ush" 2977
"../../../Engine/Shaders/Private/Lumen/LumenRadianceCacheTracingCommon.ush" 2978
"../../../Engine/Shaders/Private/Lumen/LumenTranslucencyVolumeHardwareRayTracing.usf" 2979
"../../../Engine/Shaders/Private/Lumen/LumenTranslucencyRadianceCacheMarkShaders.usf" 2980
"../../../Engine/Shaders/Private/Lumen/SurfaceCache/LumenSurfaceCache.usf" 2981
"../../../Engine/Shaders/Private/Lumen/LumenVirtualTextureCommon.ush" 2982
"../../../Engine/Shaders/Private/Lumen/LumenShortRangeAOHardwareRayTracing.usf" 2983
"../../../Engine/Shaders/Private/Lumen/LumenScreenSpaceBentNormal.ush" 2984
"../../../Engine/Shaders/Private/Lumen/LumenScreenSpaceBentNormal.usf" 2985
"../../../Engine/Shaders/Private/Lumen/LumenScreenProbeTracing.usf" 2986
"../../../Engine/Shaders/Private/Lumen/LumenScreenProbeTracingCommon.ush" 2987
"../../../Engine/Shaders/Private/Lumen/LumenFloatQuantization.ush" 2988
"../../../Engine/Shaders/Private/Lumen/LumenScreenProbeImportanceSampling.usf" 2989
"../../../Engine/Shaders/Private/Lumen/LumenScreenProbeImportanceSamplingShared.ush" 2990
"../../../Engine/Shaders/Private/Lumen/LumenScreenProbeHardwareRayTracing.usf" 2991
"../../../Engine/Shaders/Private/Lumen/LumenScreenProbeDebug.usf" 2992
"../../../Engine/Shaders/Private/Lumen/LumenScreenProbeGather.usf" 2993
"../../../Engine/Shaders/Private/Lumen/LumenScreenProbeGatherTemporal.usf" 2994
"../../../Engine/Shaders/Private/Lumen/LumenScreenProbeFiltering.usf" 2995
"../../../Engine/Shaders/Private/Lumen/LumenSceneLighting.usf" 2996
"../../../Engine/Shaders/Private/Lumen/LumenCardTile.ush" 2997
"../../../Engine/Shaders/Private/Lumen/LumenSceneLighting.ush" 2998
"../../../Engine/Shaders/Private/Lumen/Radiosity/LumenRadiosity.ush" 2999
"../../../Engine/Shaders/Private/Lumen/LumenSceneLightingDebug.usf" 3000
"../../../Engine/Shaders/Private/Lumen/LumenScene.usf" 3001
"../../../Engine/Shaders/Private/Lumen/LumenSceneDirectLightingHardwareRayTracing.usf" 3002
"../../../Engine/Shaders/Private/Lumen/LumenSceneDirectLightingStochastic.ush" 3003
"../../../Engine/Shaders/Private/Lumen/LumenSceneDirectLighting.ush" 3004
"../../../Engine/Shaders/Private/Lumen/LumenSceneDebugHardwareRayTracing.usf" 3005
"../../../Engine/Shaders/Private/Lumen/LumenSceneDirectLightingStochastic.usf" 3006
"../../../Engine/Shaders/Private/Lumen/LumenSceneDirectLightingSoftwareRayTracing.usf" 3007
"../../../Engine/Shaders/Private/DistanceFieldShadowingShared.ush" 3008
"../../../Engine/Shaders/Private/Lumen/LumenSceneDirectLightingPerLightShadowCommon.ush" 3009
"../../../Engine/Shaders/Private/Lumen/LumenSceneDirectLightingShadowMask.usf" 3010
"../../../Engine/Shaders/Private/Lumen/LumenSceneDirectLighting.usf" 3011
"../../../Engine/Shaders/Private/Lumen/LumenSceneDirectLightingCulling.usf" 3012
"../../../Engine/Shaders/Private/Lumen/LumenCardComputeShader.usf" 3013
"../../../Engine/Shaders/Private/Lumen/LumenCardBasePass.ush" 3014
"../../../Engine/Shaders/Private/Lumen/LumenCardPixelShader.usf" 3015
"../../../Engine/Shaders/Private/Lumen/LumenCardVertexShader.usf" 3016
"../../../Engine/Shaders/Private/Lumen/LumenReSTIRGather.usf" 3017
"../../../Engine/Shaders/Private/Lumen/LumenReflectionTracing.usf" 3018
"../../../Engine/Shaders/Private/Lumen/LumenReflectionDenoiserSpatial.usf" 3019
"../../../Engine/Shaders/Private/Lumen/LumenReflectionDenoiserClear.usf" 3020
"../../../Engine/Shaders/Private/Lumen/LumenReflectionDenoiserTemporal.usf" 3021
"../../../Engine/Shaders/Private/Lumen/LumenReflectionResolve.usf" 3022
"../../../Engine/Shaders/Private/Lumen/LumenReflections.usf" 3023
"../../../Engine/Shaders/Private/Lumen/RayTracedTranslucency.usf" 3024
"../../../Engine/Shaders/Private/Lumen/LumenReflectionHardwareRayTracing.usf" 3025
"../../../Engine/Shaders/Private/Lumen/Radiosity/LumenVisualizeRadiosityProbes.usf" 3026
"../../../Engine/Shaders/Private/Lumen/Radiosity/LumenRadiosity.usf" 3027
"../../../Engine/Shaders/Private/Lumen/Radiosity/LumenRadiosityHardwareRayTracing.usf" 3028
"../../../Engine/Shaders/Private/Lumen/Radiosity/LumenRadiosityCulling.usf" 3029
"../../../Engine/Shaders/Private/Lumen/LumenRadianceCacheHardwareRayTracing.usf" 3030
"../../../Engine/Shaders/Private/Lumen/LumenRadianceCache.usf" 3031
"../../../Engine/Shaders/Private/Lumen/LumenRadianceCacheUpdate.ush" 3032
"../../../Engine/Shaders/Private/Lumen/LumenRadianceCacheDebug.usf" 3033
"../../../Engine/Shaders/Private/Lumen/LumenRadianceCacheUpdate.usf" 3034
"../../../Engine/Shaders/Private/Lumen/LumenMeshSDFCulling.usf" 3035
"../../../Engine/Shaders/Private/HybridIndirectLighting.ush" 3036
"../../../Engine/Shaders/Private/MeshDistanceFieldCommon.ush" 3037
"../../../Engine/Shaders/Private/Lumen/LumenIrradianceFieldGather.usf" 3038
"../../../Engine/Shaders/Private/Lumen/LumenHardwareRayTracingMaterials.usf" 3039
"../../../Engine/Shaders/Private/Lumen/LumenFrontLayerTranslucency.usf" 3040
"../../../Engine/Shaders/Private/LocalFogVolumes/LocalFogVolumeSplat.usf" 3041
"../../../Engine/Shaders/Private/LocalFogVolumes/LocalFogVolumeTiledCulling.usf" 3042
"../../../Engine/Shaders/Private/LightShaftShader.usf" 3043
"../../../Engine/Shaders/Private/StationaryLightOverlapShaders.usf" 3044
"../../../Engine/Shaders/Private/DeferredLightPixelShaders.usf" 3045
"../../../Engine/Shaders/Private/DeferredLightVertexShaders.usf" 3046
"../../../Engine/Shaders/Private/LightMapDensityShader.usf" 3047
"../../../Engine/Shaders/Private/LightGridInjection.usf" 3048
"../../../Engine/Shaders/Shared/LightGridDefinitions.h" 3049
"../../../Engine/Shaders/Private/LightFunctionPixelShader.usf" 3050
"../../../Engine/Shaders/Private/LightFunctionVertexShader.usf" 3051
"../../../Engine/Shaders/Private/LightFunctionAtlas/LightFunctionAtlasRender.usf" 3052
"../../../Engine/Shaders/Private/InstanceCulling/InstanceCullingOcclusionQuery.usf" 3053
"../../../Engine/Shaders/Private/InstanceCulling/InstanceCullingSetup.ush" 3054
"../../../Engine/Shaders/Private/InstanceCulling/BuildInstanceDrawCommands.usf" 3055
"../../../Engine/Shaders/Private/InstanceCulling/InstanceCompactionCommon.ush" 3056
"../../../Engine/Shaders/Private/SceneDataMobileWriter.ush" 3057
"../../../Engine/Shaders/Private/InstanceCulling/CompactVisibleInstances.usf" 3058
"../../../Engine/Shaders/Private/ReflectionEnvironmentPixelShader.usf" 3059
"../../../Engine/Shaders/Private/AmbientCubemapComposite.usf" 3060
"../../../Engine/Shaders/Private/DiffuseIndirectComposite.usf" 3061
"../../../Engine/Shaders/Private/IESAtlas.usf" 3062
"../../../Engine/Shaders/Private/HeterogeneousVolumes/HeterogeneousVolumesVisualizeCascades.usf" 3063
"../../../Engine/Shaders/Private/HeterogeneousVolumes/HeterogeneousVolumesVoxelGridShadows.usf" 3064
"../../../Engine/Shaders/Private/HeterogeneousVolumes/HeterogeneousVolumesStochasticFiltering.ush" 3065
"../../../Engine/Shaders/Private/HeterogeneousVolumes/HeterogeneousVolumesVoxelGridRenderingUtils.ush" 3066
"../../../Engine/Shaders/Private/HeterogeneousVolumes/HeterogeneousVolumesLightingUtils.ush" 3067
"../../../Engine/Shaders/Private/HeterogeneousVolumes/HeterogeneousVolumesRayMarchingUtils.ush" 3068
"../../../Engine/Shaders/Private/HeterogeneousVolumes/HeterogeneousVolumesRayMarchingTypes.ush" 3069
"../../../Engine/Shaders/Private/HeterogeneousVolumes/HeterogeneousVolumesTransmittanceVolumeUtils.ush" 3070
"../../../Engine/Shaders/Private/HeterogeneousVolumes/HeterogeneousVolumesAdaptiveVolumetricShadowMapSampler.ush" 3071
"../../../Engine/Shaders/Private/HeterogeneousVolumes/HeterogeneousVolumesVoxelGridRendering.usf" 3072
"../../../Engine/Shaders/Private/HeterogeneousVolumes/HeterogeneousVolumesVoxelGridPipeline.usf" 3073
"../../../Engine/Shaders/Private/HeterogeneousVolumes/HeterogeneousVolumesMaterialBakingPipeline.usf" 3074
"../../../Engine/Shaders/Private/HeterogeneousVolumes/HeterogeneousVolumesLiveShadingUtils.ush" 3075
"../../../Engine/Shaders/Private/HeterogeneousVolumes/HeterogeneousVolumesFrustumVoxelGrid.usf" 3076
"../../../Engine/Shaders/Private/HeterogeneousVolumes/HeterogeneousVolumesSparseVoxelPipeline.usf" 3077
"../../../Engine/Shaders/Private/HeterogeneousVolumes/HeterogeneousVolumesSparseVoxelUtils.ush" 3078
"../../../Engine/Shaders/Private/HeterogeneousVolumes/HeterogeneousVolumesSparseVoxelUniformBufferUtils.ush" 3079
"../../../Engine/Shaders/Private/HeterogeneousVolumes/HeterogeneousVolumesPreshadingPipeline.usf" 3080
"../../../Engine/Shaders/Private/HeterogeneousVolumes/HeterogeneousVolumesShadowMask.usf" 3081
"../../../Engine/Shaders/Private/HeterogeneousVolumes/HeterogeneousVolumesLiveShadingShadows.usf" 3082
"../../../Engine/Shaders/Private/HeterogeneousVolumes/HeterogeneousVolumesLiveShadingGlobalPipeline.usf" 3083
"../../../Engine/Shaders/Private/HeterogeneousVolumes/HeterogeneousVolumesLiveShadingPipeline.usf" 3084
"../../../Engine/Shaders/Private/HeterogeneousVolumes/HeterogeneousVolumesHardwareRayTracing.usf" 3085
"../../../Engine/Shaders/Private/HeterogeneousVolumes/HeterogeneousVolumesAmbientOcclusionPipeline.usf" 3086
"../../../Engine/Shaders/Private/HeterogeneousVolumes/HeterogeneousVolumesComposite.usf" 3087
"../../../Engine/Shaders/Private/HdrCustomResolveShaders.usf" 3088
"../../../Engine/Shaders/Private/HairStrands/RenderCurveRaster.usf" 3089
"../../../Engine/Shaders/Shared/RenderCurveDefinitions.h" 3090
"../../../Engine/Shaders/Private/HairStrands/HairStrandsVoxelRasterCompute.usf" 3091
"../../../Engine/Shaders/Private/HairStrands/HairStrandsHitProxy.usf" 3092
"../../../Engine/Shaders/Private/HairStrands/HairStrandsVisibilityRasterComputeNaive.usf" 3093
"../../../Engine/Shaders/Private/HairStrands/HairStrandsVisibilityRasterHW.usf" 3094
"../../../Engine/Shaders/Private/HairStrands/HairStrandsVisibilityRasterCompute.usf" 3095
"../../../Engine/Shaders/Private/HairStrands/HairStrandsVisibilityRasterClassification.usf" 3096
"../../../Engine/Shaders/Private/HairStrands/HairStrandsCoverage.usf" 3097
"../../../Engine/Shaders/Private/HairStrands/HairStrandsVisibilityDepthPS.usf" 3098
"../../../Engine/Shaders/Private/HairStrands/HairStrandsVisibilityTransmittanceDepthPS.usf" 3099
"../../../Engine/Shaders/Private/HairStrands/HairStrandsVisibilityFillOpaqueDepthPS.usf" 3100
"../../../Engine/Shaders/Private/HairStrands/HairStrandsVisibilityCompactionComputeRaster.usf" 3101
"../../../Engine/Shaders/Private/HairStrands/HairStrandsVisibilityCompaction.usf" 3102
"../../../Engine/Shaders/Private/HairStrands/HairStrandsVisibilityCopyIndirectArg.usf" 3103
"../../../Engine/Shaders/Private/HairStrands/HairStrandsVisibilityClearPS.usf" 3104
"../../../Engine/Shaders/Private/HairStrands/HairStrandsVisibilityPS.usf" 3105
"../../../Engine/Shaders/Private/HairStrands/HairStrandsVisibilityVS.usf" 3106
"../../../Engine/Shaders/Private/HairStrands/HairStrandsVelocity.usf" 3107
"../../../Engine/Shaders/Private/HairStrands/HairStrandsVisibilityComputeSampleCoverage.usf" 3108
"../../../Engine/Shaders/Private/HairStrands/HairStrandsMaterialPS.usf" 3109
"../../../Engine/Shaders/Private/HairStrands/HairStrandsMaterialCommon.ush" 3110
"../../../Engine/Shaders/Private/HairStrands/HairStrandsMaterialVS.usf" 3111
"../../../Engine/Shaders/Private/HairStrands/HairStrandsLightSample.usf" 3112
"../../../Engine/Shaders/Private/HairStrands/HairStrandsDeepShadowMask.usf" 3113
"../../../Engine/Shaders/Private/HairStrands/HairStrandsDeepTransmittanceMask.usf" 3114
"../../../Engine/Shaders/Private/HairStrands/HairStrandsVisibilityTile.usf" 3115
"../../../Engine/Shaders/Private/HairStrands/HairStrandsDeepShadowPS.usf" 3116
"../../../Engine/Shaders/Private/HairStrands/HairStrandsDeepShadowVS.usf" 3117
"../../../Engine/Shaders/Private/HairStrands/HairStrandsAABB.usf" 3118
"../../../Engine/Shaders/Private/HairStrands/HairStrandsLUT.usf" 3119
"../../../Engine/Shaders/Private/HairStrands/HairStrandsForwardRaster.usf" 3120
"../../../Engine/Shaders/Private/HairStrands/HairStrandsForwardCulling.usf" 3121
"../../../Engine/Shaders/Private/HairStrands/HairStrandsEnvironmentLighting.usf" 3122
"../../../Engine/Shaders/Private/HairStrands/HairStrandsEnvironmentAO.usf" 3123
"../../../Engine/Shaders/Private/HairStrands/HairStrandsDeepShadowAllocation.usf" 3124
"../../../Engine/Shaders/Private/HairStrands/HairStrandsVoxelDebug.usf" 3125
"../../../Engine/Shaders/Private/HairStrands/HairStrandsComposition.usf" 3126
"../../../Engine/Shaders/Private/HairStrands/HairStrandsGBufferCommon.ush" 3127
"../../../Engine/Shaders/Private/GPUScene/GPUSceneDataManagement.usf" 3128
"../../../Engine/Shaders/Private/GPUSceneDebugRender.usf" 3129
"../../../Engine/Shaders/Private/GPUFeedbackCompaction.usf" 3130
"../../../Engine/Shaders/Private/GPUFastFourierTransform.usf" 3131
"../../../Engine/Shaders/Private/GPUFastFourierTransform2DCore.ush" 3132
"../../../Engine/Shaders/Private/GPUFastFourierTransformCore.ush" 3133
"../../../Engine/Shaders/Private/GPUBenchmark.usf" 3134
"../../../Engine/Shaders/Private/DistanceField/GlobalDistanceFieldDebug.usf" 3135
"../../../Engine/Shaders/Private/DistanceField/GlobalDistanceFieldUpdate.ush" 3136
"../../../Engine/Shaders/Private/DistanceField/GlobalDistanceFieldMip.usf" 3137
"../../../Engine/Shaders/Private/DistanceField/GlobalDistanceField.usf" 3138
"../../../Engine/Shaders/Private/DistanceField/GlobalDistanceFieldCompositeObjects.usf" 3139
"../../../Engine/Shaders/Private/DistanceField/GlobalDistanceFieldHeightfields.usf" 3140
"../../../Engine/Shaders/Private/HeightfieldLightingShared.ush" 3141
"../../../Engine/Shaders/Private/GenerateConservativeDepth.usf" 3142
"../../../Engine/Shaders/Private/HeightFogPixelShader.usf" 3143
"../../../Engine/Shaders/Private/HeightFogVertexShader.usf" 3144
"../../../Engine/Shaders/Private/DistortFiltering.usf" 3145
"../../../Engine/Shaders/Private/DistortAccumulatePS.usf" 3146
"../../../Engine/Shaders/Private/DistortAccumulateVS.usf" 3147
"../../../Engine/Shaders/Private/DistanceFieldVisualization.usf" 3148
"../../../Engine/Shaders/Private/DistanceFieldStreaming.usf" 3149
"../../../Engine/Shaders/Private/DistanceFieldShadowing.usf" 3150
"../../../Engine/Shaders/Private/DistanceFieldScreenGridLighting.usf" 3151
"../../../Engine/Shaders/Private/DistanceFieldObjectCulling.usf" 3152
"../../../Engine/Shaders/Private/DistanceFieldLightingPost.usf" 3153
"../../../Engine/Shaders/Private/DitheredTransitionStencil.usf" 3154
"../../../Engine/Shaders/Private/CopyDepthTexture.usf" 3155
"../../../Engine/Shaders/Private/CopyDepthTextureCS.usf" 3156
"../../../Engine/Shaders/Private/DeferredDecal.usf" 3157
"../../../Engine/Shaders/Private/DecalCommon.ush" 3158
"../../../Engine/Shaders/Private/DebugViewModeVertexShader.usf" 3159
"../../../Engine/Shaders/Private/DebugViewModeCommon.ush" 3160
"../../../Engine/Shaders/Private/DebugViewModePixelShader.usf" 3161
"../../../Engine/Shaders/Private/DebugProbes.usf" 3162
"../../../Engine/Shaders/Private/MeshDecals.usf" 3163
"../../../Engine/Shaders/Private/PostProcessAmbientOcclusion.usf" 3164
"../../../Engine/Shaders/Private/ClusteredDeferredShadingPixelShader.usf" 3165
"../../../Engine/Shaders/Private/ClusteredDeferredShadingVertexShader.usf" 3166
"../../../Engine/Shaders/Private/CapsuleShadowShaders.usf" 3167
"../../../Engine/Shaders/Private/BasePassPixelShader.usf" 3168
"../../../Engine/Shaders/Private/ForwardLightingCommon.ush" 3169
"../../../Engine/Shaders/Private/Substrate/SubstrateForwardLighting.ush" 3170
"../../../Engine/Shaders/Private/ComputeShaderOutputCommon.ush" 3171
"../../../Engine/Shaders/Private/BasePassVertexShader.usf" 3172
"../../../Engine/Shaders/Private/BasePassVertexCommon.ush" 3173
"../../../Engine/Shaders/Private/SimpleElementVolumeTexturePreviewPixelShader.usf" 3174
"../../../Engine/Shaders/Private/SimpleElementTexture2DPreviewPixelShader.usf" 3175
"../../../Engine/Shaders/Private/meshpaintdilatepixelshader.usf" 3176
"../../../Engine/Shaders/Private/meshpaintdilatevertexshader.usf" 3177
"../../../Engine/Shaders/Private/MeshPaintPixelShader.usf" 3178
"../../../Engine/Shaders/Private/MeshPaintVertexShader.usf" 3179
"../../../Engine/Shaders/Private/SlateElementPixelShader.usf" 3180
"../../../Engine/Shaders/Private/SlateShaderCommon.ush" 3181
"../../../Engine/Shaders/Private/SlateMaskingShader.usf" 3182
"../../../Engine/Shaders/Private/SlateVertexShader.usf" 3183
"../../../Engine/Shaders/Private/CompositeUIPixelShader.usf" 3184
"../../../Engine/Shaders/Private/ColorDeficiency.ush" 3185
"../../../Engine/Shaders/Private/SlatePostProcessColorDeficiencyPixelShader.usf" 3186
"../../../Engine/Shaders/Private/SlatePostProcessPixelShader.usf" 3187
"../../../Engine/Shaders/Private/Tools/VisualizeTexture.usf" 3188
"../../../Engine/Shaders/Private/UpdateDescriptorHandle.usf" 3189
"../../../Engine/Shaders/Private/ByteBuffer.usf" 3190
"../../../Engine/Shaders/Private/ShaderBundleWorkGraphDispatch.usf" 3191
"../../../Engine/Shaders/Private/ShaderBundleDispatch.usf" 3192
"../../../Engine/Shaders/Private/ResolveVertexShader.usf" 3193
"../../../Engine/Shaders/Private/ResolvePixelShader.usf" 3194
"../../../Engine/Shaders/Private/Tools/SetupIndirectArgs.usf" 3195
"../../../Engine/Shaders/Private/ClearReplacementShaders.usf" 3196
"../../../Engine/Shaders/Private/Tools/DrawTexture.usf" 3197
"../../../Engine/Shaders/Private/RayTracing/RayTracingValidation.usf" 3198
"../../../Engine/Shaders/Private/RenderGraphUtilities.usf" 3199
"../../../Engine/Shaders/Private/OneColorShader.usf" 3200
"../../../Engine/Shaders/Private/OculusShaders.usf" 3201
"../../../Engine/Shaders/Private/MediaShaders.usf" 3202
"../../../Engine/Shaders/Private/GPUMessaging.usf" 3203
"../../../Engine/Shaders/Private/Tools/GPUDebugCrashUtils.usf" 3204
"../../../Engine/Shaders/Private/NullPixelShader.usf" 3205
"../../../Engine/Shaders/Private/ComputeGenerateMips.usf" 3206
"../../../Engine/Shaders/Private/Tools/DumpTexture.usf" 3207
"../../../Engine/Shaders/Private/CopyTextureShaders.usf" 3208
"../../../Engine/Shaders/Private/Tools/FullscreenVertexShader.usf" 3209
"../../../Engine/Shaders/Private/RayTracing/RayTracingDispatchDesc.usf" 3210
"../../../Engine/Shaders/Private/Bink.usf" 3211
"../../../Engine/Shaders/Private/DepthOnlyPixelShader.usf" 3212
"../../../Engine/Shaders/Private/PositionOnlyDepthVertexShader.usf" 3213
"../../../Engine/Shaders/Private/DepthOnlyVertexShader.usf" 3214
"../../../Engine/Shaders/Private/AnisotropyPassShader.usf" 3215
"D:/24cu0220/KONA_BANANA/Content/FirstPerson/Lvl_FirstPerson.umap" 3216
"D:/24cu0220/KONA_BANANA/Content/__ExternalActors__/FirstPerson/Lvl_FirstPerson/E/BL/EPDX0AFA3YGAWJ50VJVK22.uasset" 3217
"/Engine/EngineResources/WhiteSquareTexture" 3218
"../../../Engine/Content/EngineResources/WhiteSquareTexture.uasset" 3219
"/Engine/EngineResources/GradientTexture0" 3220
"../../../Engine/Content/EngineResources/GradientTexture0.uasset" 3221
"/Engine/EngineResources/Black" 3222
"../../../Engine/Content/EngineResources/Black.uasset" 3223
"/Engine/EditorResources/S_Actor" 3224
"../../../Engine/Content/EditorResources/S_Actor.uasset" 3225
"/Engine/EngineFonts/RobotoDistanceField" 3226
"../../../Engine/Content/EngineFonts/RobotoDistanceField.uasset" 3227
"/Engine/EngineMaterials/DefaultTextMaterialOpaque" 3228
"../../../Engine/Content/EngineMaterials/DefaultTextMaterialOpaque.uasset" 3229
"/Engine/Functions/Engine_MaterialFunctions01/Shading/PowerToRoughness" 3230
"../../../Engine/Content/Functions/Engine_MaterialFunctions01/Shading/PowerToRoughness.uasset" 3231
"/Engine/Functions/Engine_MaterialFunctions01/Shading/ConvertFromDiffSpec" 3232
"../../../Engine/Content/Functions/Engine_MaterialFunctions01/Shading/ConvertFromDiffSpec.uasset" 3233
"/Engine/EngineMaterials/WorldGridMaterial" 3234
"../../../Engine/Content/EngineMaterials/WorldGridMaterial.uasset" 3235
"../../../Engine/Content/Functions/Engine_MaterialFunctions01/Opacity/CameraDepthFade.uasset" 3236
"../../../Engine/Content/EngineMaterials/T_Default_Material_Grid_M.uasset" 3237
"../../../Engine/Content/EngineMaterials/T_Default_Material_Grid_N.uasset" 3238
"/Engine/EngineMaterials/DefaultDeferredDecalMaterial" 3239
"../../../Engine/Content/EngineMaterials/DefaultDeferredDecalMaterial.uasset" 3240
"../../../Engine/Content/EngineMaterials/DefaultDiffuse.uasset" 3241
"/Engine/EngineMaterials/DefaultLightFunctionMaterial" 3242
"../../../Engine/Content/EngineMaterials/DefaultLightFunctionMaterial.uasset" 3243
"/Engine/EngineMaterials/DefaultPostProcessMaterial" 3244
"../../../Engine/Content/EngineMaterials/DefaultPostProcessMaterial.uasset" 3245
"../../../Engine/Content/Functions/Engine_MaterialFunctions02/Utility/BreakOutFloat2Components.uasset" 3246
"/Engine/EditorResources/S_Trigger" 3247
"../../../Engine/Content/EditorResources/S_Trigger.uasset" 3248
"/Engine/EditorResources/S_BoxReflectionCapture" 3249
"../../../Engine/Content/EditorResources/S_BoxReflectionCapture.uasset" 3250
"/Engine/EngineResources/DefaultTexture" 3251
"../../../Engine/Content/EngineResources/DefaultTexture.uasset" 3252
"/Engine/EditorResources/S_TriggerBox" 3253
"../../../Engine/Content/EditorResources/S_TriggerBox.uasset" 3254
"/Engine/EditorResources/S_TriggerCapsule" 3255
"../../../Engine/Content/EditorResources/S_TriggerCapsule.uasset" 3256
"/Engine/EditorResources/S_TriggerSphere" 3257
"../../../Engine/Content/EditorResources/S_TriggerSphere.uasset" 3258
"/Engine/EngineMeshes/Sphere" 3259
"../../../Engine/Content/EngineMeshes/Sphere.uasset" 3260
"/Engine/EngineDamageTypes/DmgTypeBP_Environmental" 3261
"../../../Engine/Content/EngineDamageTypes/DmgTypeBP_Environmental.uasset" 3262
"/Engine/EngineResources/DefaultTextureCube" 3263
"../../../Engine/Content/EngineResources/DefaultTextureCube.uasset" 3264
"/Engine/EngineResources/DefaultVolumeTexture" 3265
"../../../Engine/Content/EngineResources/DefaultVolumeTexture.uasset" 3266
"../../../Engine/Content/EngineResources/DefaultVolumeTexture2D.uasset" 3267
"/Engine/EditorResources/S_Solver" 3268
"../../../Engine/Content/EditorResources/S_Solver.uasset" 3269
"/Engine/EngineDebugMaterials/VolumeToRender" 3270
"../../../Engine/Content/EngineDebugMaterials/VolumeToRender.uasset" 3271
"/Engine/EngineDebugMaterials/M_VolumeRenderSphereTracePP" 3272
"../../../Engine/Content/EngineDebugMaterials/M_VolumeRenderSphereTracePP.uasset" 3273
"../../../Engine/Content/Functions/Engine_MaterialFunctions02/Utility/CameraDirectionVector.uasset" 3274
"/Engine/EditorMeshes/Camera/SM_CraneRig_Base" 3275
"../../../Engine/Content/EditorMeshes/Camera/SM_CraneRig_Base.uasset" 3276
"../../../Engine/Content/EditorMaterials/Camera/MI_CineMat_Rig.uasset" 3277
"../../../Engine/Content/EditorMaterials/Camera/CineMat.uasset" 3278
"/Engine/EditorMeshes/Camera/SM_CraneRig_Arm" 3279
"../../../Engine/Content/EditorMeshes/Camera/SM_CraneRig_Arm.uasset" 3280
"/Engine/EditorMeshes/Camera/SM_CraneRig_Mount" 3281
"../../../Engine/Content/EditorMeshes/Camera/SM_CraneRig_Mount.uasset" 3282
"/Engine/EditorMeshes/Camera/SM_CraneRig_Body" 3283
"../../../Engine/Content/EditorMeshes/Camera/SM_CraneRig_Body.uasset" 3284
"/Engine/EditorMeshes/Camera/SM_RailRig_Track" 3285
"../../../Engine/Content/EditorMeshes/Camera/SM_RailRig_Track.uasset" 3286
"/Engine/EditorMeshes/Camera/SM_RailRig_Mount" 3287
"../../../Engine/Content/EditorMeshes/Camera/SM_RailRig_Mount.uasset" 3288
"/Engine/EditorLandscapeResources/SplineEditorMesh" 3289
"../../../Engine/Content/EditorLandscapeResources/SplineEditorMesh.uasset" 3290
"../../../Engine/Content/EditorLandscapeResources/SplineEditorMeshMat.uasset" 3291
"/HairStrands/Materials/HairDebugMaterial" 3292
"../../Plugins/Runtime/HairStrands/Content/Materials/HairDebugMaterial.uasset" 3293
"../../../Engine/Content/Functions/Engine_MaterialFunctions02/Utility/MakeFloat2.uasset" 3294
"../../../Engine/Content/Functions/Engine_MaterialFunctions02/Utility/MakeFloat3.uasset" 3295
"../../../Engine/Content/EngineMaterials/HairColorMap.uasset" 3296
"../../../Engine/Content/EngineMaterials/HairDebugColor.uasset" 3297
"../../Plugins/Runtime/HairStrands/Content/Materials/HairGroupColors.uasset" 3298
"/HairStrands/Materials/HairDefaultMaterial" 3299
"../../Plugins/Runtime/HairStrands/Content/Materials/HairDefaultMaterial.uasset" 3300
"/HairStrands/Materials/HairCardsDefaultMaterial" 3301
"../../Plugins/Runtime/HairStrands/Content/Materials/HairCardsDefaultMaterial.uasset" 3302
"/HairStrands/Materials/HairMeshesDefaultMaterial" 3303
"../../Plugins/Runtime/HairStrands/Content/Materials/HairMeshesDefaultMaterial.uasset" 3304
"/Engine/EngineMaterials/Widget3DPassThrough_Translucent" 3305
"../../../Engine/Content/EngineMaterials/Widget3DPassThrough_Translucent.uasset" 3306
"../../../Engine/Content/EngineMaterials/Widget3DPassThrough.uasset" 3307
"/Engine/EngineMaterials/Widget3DPassThrough_Translucent_OneSided" 3308
"../../../Engine/Content/EngineMaterials/Widget3DPassThrough_Translucent_OneSided.uasset" 3309
"/Engine/EngineMaterials/Widget3DPassThrough_Opaque" 3310
"../../../Engine/Content/EngineMaterials/Widget3DPassThrough_Opaque.uasset" 3311
"/Engine/EngineMaterials/Widget3DPassThrough_Opaque_OneSided" 3312
"../../../Engine/Content/EngineMaterials/Widget3DPassThrough_Opaque_OneSided.uasset" 3313
"/Engine/EngineMaterials/Widget3DPassThrough_Masked" 3314
"../../../Engine/Content/EngineMaterials/Widget3DPassThrough_Masked.uasset" 3315
"/Engine/EngineMaterials/Widget3DPassThrough_Masked_OneSided" 3316
"../../../Engine/Content/EngineMaterials/Widget3DPassThrough_Masked_OneSided.uasset" 3317
"/Engine/VREditor/ViewportInteractionAssetContainerData" 3318
"../../../Engine/Content/VREditor/ViewportInteractionAssetContainerData.uasset" 3319
"../../../Engine/Content/VREditor/SnapGrid/SnapGridMaterial.uasset" 3320
"../../../Engine/Content/VREditor/TransformGizmo/TransformGizmoMaterial_Inst.uasset" 3321
"../../../Engine/Content/VREditor/TransformGizmo/TranslucentTransformGizmoMaterial_Inst.uasset" 3322
"../../../Engine/Content/VREditor/SnapGrid/SnapGridPlaneMesh.uasset" 3323
"../../../Engine/Content/VREditor/Sounds/UI/Drop_Item_From_ContentBrowser.uasset" 3324
"../../../Engine/Content/VREditor/Sounds/UI/Gizmo_Handle_Clicked.uasset" 3325
"../../../Engine/Content/VREditor/Sounds/UI/Object_PickUp.uasset" 3326
"../../../Engine/Content/VREditor/Sounds/UI/Object_Snaps_To_Another_Actor.uasset" 3327
"../../../Engine/Content/VREditor/Sounds/UI/Object_Snaps_To_Grid.uasset" 3328
"../../../Engine/Content/VREditor/Sounds/UI/Scaling_Down.uasset" 3329
"../../../Engine/Content/VREditor/Sounds/UI/Scaling_Up.uasset" 3330
"../../../Engine/Content/VREditor/Sounds/UI/Selection_Changes.uasset" 3331
"../../../Engine/Content/VREditor/TransformGizmo/PlaneTranslationHandle.uasset" 3332
"../../../Engine/Content/VREditor/TransformGizmo/RotationHandleFull.uasset" 3333
"../../../Engine/Content/VREditor/TransformGizmo/RotationHandleIndicator.uasset" 3334
"../../../Engine/Content/VREditor/TransformGizmo/RotationHandleQuarter.uasset" 3335
"../../../Engine/Content/VREditor/TransformGizmo/StartRotationHandleIndicator.uasset" 3336
"../../../Engine/Content/VREditor/TransformGizmo/TransformGizmoFreeRotation.uasset" 3337
"../../../Engine/Content/VREditor/TransformGizmo/TranslateArrowHandle.uasset" 3338
"../../../Engine/Content/VREditor/TransformGizmo/UniformScaleHandle.uasset" 3339
"../../../Engine/Content/Functions/Engine_MaterialFunctions02/Math/Transform3x3Matrix.uasset" 3340
"../../../Engine/Content/Functions/Engine_MaterialFunctions02/SplitComponents.uasset" 3341
"../../../Engine/Content/VREditor/TransformGizmo/TransformGizmoMaterial.uasset" 3342
"../../../Engine/Content/VREditor/TransformGizmo/TranslucentTransformGizmoMaterial.uasset" 3343
"../../../Engine/Content/Functions/Engine_MaterialFunctions02/Utility/BreakOutFloat3Components.uasset" 3344
"../../../Engine/Content/VREditor/LaserPointer/VR_LaserPower_01.uasset" 3345
"/Engine/VREditor/TransformGizmo/BoundingBoxCorner" 3346
"../../../Engine/Content/VREditor/TransformGizmo/BoundingBoxCorner.uasset" 3347
"/Engine/VREditor/TransformGizmo/BoundingBoxEdge" 3348
"../../../Engine/Content/VREditor/TransformGizmo/BoundingBoxEdge.uasset" 3349
"/Engine/ArtTools/RenderToTexture/Meshes/S_1_Unit_Plane" 3350
"../../../Engine/Content/ArtTools/RenderToTexture/Meshes/S_1_Unit_Plane.uasset" 3351
"/Engine/EngineDebugMaterials/M_SimpleUnlitTranslucent" 3352
"../../../Engine/Content/EngineDebugMaterials/M_SimpleUnlitTranslucent.uasset" 3353
"/Engine/EngineFonts/Roboto" 3354
"../../../Engine/Content/EngineFonts/Roboto.uasset" 3355
"../../../Engine/Content/EngineFonts/Faces/DroidSansFallback.uasset" 3356
"../../../Engine/Content/EngineFonts/Faces/RobotoBold.uasset" 3357
"../../../Engine/Content/EngineFonts/Faces/RobotoBoldItalic.uasset" 3358
"../../../Engine/Content/EngineFonts/Faces/RobotoItalic.uasset" 3359
"../../../Engine/Content/EngineFonts/Faces/RobotoLight.uasset" 3360
"../../../Engine/Content/EngineFonts/Faces/RobotoRegular.uasset" 3361
"/Engine/EditorMaterials/ParticleSystems/PSysThumbnail_NoImage" 3362
"../../../Engine/Content/EditorMaterials/ParticleSystems/PSysThumbnail_NoImage.uasset" 3363
"/Engine/EditorMaterials/ParticleSystems/PSysThumbnail_OOD" 3364
"../../../Engine/Content/EditorMaterials/ParticleSystems/PSysThumbnail_OOD.uasset" 3365
"/Engine/EngineResources/LandscapeVisibilityLayerInfo" 3366
"../../../Engine/Content/EngineResources/LandscapeVisibilityLayerInfo.uasset" 3367
"D:/24cu0220/KONA_BANANA/Intermediate/ShaderAutogen/PCD3D_SM5/AutogenShaderHeaders.ush" 3368
"/ACLPlugin/ACLAnimBoneCompressionSettings" 3369
"../../Plugins/Animation/ACLPlugin/Content/ACLAnimBoneCompressionSettings.uasset" 3370
"/Engine/Animation/DefaultRecorderBoneCompression" 3371
"../../../Engine/Content/Animation/DefaultRecorderBoneCompression.uasset" 3372
"/ACLPlugin/ACLAnimCurveCompressionSettings" 3373
"../../Plugins/Animation/ACLPlugin/Content/ACLAnimCurveCompressionSettings.uasset" 3374
"/Engine/Animation/DefaultVariableFrameStrippingSettings" 3375
"../../../Engine/Content/Animation/DefaultVariableFrameStrippingSettings.uasset" 3376
"/ControlRig/Controls/ControlRigXRayMaterial" 3377
"../../Plugins/Animation/ControlRig/Content/Controls/ControlRigXRayMaterial.uasset" 3378
"/ControlRig/Controls/DefaultGizmoLibraryNormalized" 3379
"../../Plugins/Animation/ControlRig/Content/Controls/DefaultGizmoLibraryNormalized.uasset" 3380
"/AudioWidgets/Resources/ScrubHandleDown_Clamped" 3381
"../../Plugins/Runtime/AudioWidgets/Content/Resources/ScrubHandleDown_Clamped.uasset" 3382
"/Paper2D/MaskedUnlitSpriteMaterial" 3383
"../../Plugins/2D/Paper2D/Content/MaskedUnlitSpriteMaterial.uasset" 3384
"../../Plugins/2D/Paper2D/Content/DefaultSpriteMaterial.uasset" 3385
"../../Plugins/2D/Paper2D/Content/PlaceholderTextures/DummySpriteTexture.uasset" 3386
"/Paper2D/OpaqueUnlitSpriteMaterial" 3387
"../../Plugins/2D/Paper2D/Content/OpaqueUnlitSpriteMaterial.uasset" 3388
"/Paper2D/DefaultPaperTerrainMaterial" 3389
"../../Plugins/2D/Paper2D/Content/DefaultPaperTerrainMaterial.uasset" 3390
"../../Plugins/2D/Paper2D/Content/DummySprite.uasset" 3391
"/ControlRig/M_Manip" 3392
"../../Plugins/Animation/ControlRig/Content/M_Manip.uasset" 3393
"../../../Engine/Content/Functions/Engine_MaterialFunctions02/WorldPositionOffset/CameraOffset.uasset" 3394
"../../../Engine/Config/BaseUnrealInsightsSettings.ini" 3395
"../../../Engine/Intermediate/ProjectFiles/PrimaryProjectPath.txt" 3396
"/SpeedTreeImporter/SpeedTree9/SpeedTreeMaster" 3397
"../../Plugins/Editor/SpeedTreeImporter/Content/SpeedTree9/SpeedTreeMaster.uasset" 3398
"../../../Engine/Content/Functions/Engine_MaterialFunctions02/ObjectLocalBounds.uasset" 3399
"../../../Engine/Content/Functions/Engine_MaterialFunctions02/SafeNormalize.uasset" 3400
"../../../Engine/Content/Functions/Engine_MaterialFunctions02/Utility/VectorLength.uasset" 3401
"../../../Engine/Content/Functions/Engine_MaterialFunctions02/UVs/BoundingBoxBased_0-1_UVW.uasset" 3402
"../../../Engine/Content/Functions/Engine_MaterialFunctions02/WorldPositionOffset/ObjectScale.uasset" 3403
"../../Plugins/Editor/SpeedTreeImporter/Content/SpeedTree9/SpeedTreeBranchMotion.uasset" 3404
"../../Plugins/Editor/SpeedTreeImporter/Content/SpeedTree9/SpeedTreeCameraFacing.uasset" 3405
"../../Plugins/Editor/SpeedTreeImporter/Content/SpeedTree9/SpeedTreeWind.uasset" 3406
"../../Plugins/Editor/SpeedTreeImporter/Content/SpeedTree9/SpeedTreeWindMotion.uasset" 3407
"../../Plugins/Editor/SpeedTreeImporter/Content/SpeedTree9/UnpackDirection.uasset" 3408
"../../Plugins/Editor/SpeedTreeImporter/Content/SpeedTree9/UnpackInteger3.uasset" 3409
"../../Plugins/Editor/SpeedTreeImporter/Content/SpeedTree9/Empty.uasset" 3410
"../../Plugins/Editor/SpeedTreeImporter/Content/SpeedTree9/EmptyNormal.uasset" 3411
"../../Plugins/Editor/SpeedTreeImporter/Content/SpeedTree9/game_wind_noise.uasset" 3412
"/SpeedTreeImporter/SpeedTree9/SpeedTreeBillboardMaster" 3413
"../../Plugins/Editor/SpeedTreeImporter/Content/SpeedTree9/SpeedTreeBillboardMaster.uasset" 3414
"../../Plugins/Editor/SpeedTreeImporter/Content/SpeedTree9/SpeedTreeBillboard.uasset" 3415
"/MediaPlate/SM_MediaPlateScreen" 3416
"../../Plugins/Media/MediaPlate/Content/SM_MediaPlateScreen.uasset" 3417
"/Engine/BasicShapes/BasicShapeMaterial" 3418
"../../../Engine/Content/BasicShapes/BasicShapeMaterial.uasset" 3419
"/Engine/EditorMaterials/Dataflow/DataflowVertexMaterial" 3420
"../../../Engine/Content/EditorMaterials/Dataflow/DataflowVertexMaterial.uasset" 3421
"/Engine/EditorMaterials/Dataflow/DataflowTwoSidedVertexMaterial" 3422
"../../../Engine/Content/EditorMaterials/Dataflow/DataflowTwoSidedVertexMaterial.uasset" 3423
"/MeshModelingToolsetExp/Materials/PointSetOverlaidComponentMaterial" 3424
"../../Plugins/Experimental/MeshModelingToolsetExp/Content/Materials/PointSetOverlaidComponentMaterial.uasset" 3425
"../../../Engine/Content/Functions/Engine_MaterialFunctions02/Utility/FOV.uasset" 3426
"../../../Engine/Content/Functions/Engine_MaterialFunctions02/WorldPositionOffset/V2/ObjectScale.uasset" 3427
"../../../Engine/Content/Functions/Engine_MaterialFunctions03/Viewport/MF_OrthoWidth.uasset" 3428
"../../Plugins/Experimental/MeshModelingToolsetExp/Content/Materials/GetDisplacementVectorForDepthBias.uasset" 3429
"/Engine/EditorLandscapeResources/LayerVisMaterial" 3430
"../../../Engine/Content/EditorLandscapeResources/LayerVisMaterial.uasset" 3431
"../../../Engine/Content/EditorLandscapeResources/WhiteSquareTexture.uasset" 3432
"/Engine/EditorLandscapeResources/SelectBrushMaterial_Selected" 3433
"../../../Engine/Content/EditorLandscapeResources/SelectBrushMaterial_Selected.uasset" 3434
"../../../Engine/Content/EditorLandscapeResources/SelectBrushMaterial.uasset" 3435
"../../../Engine/Content/Functions/Engine_MaterialFunctions03/Math/WithinRangeFloat2.uasset" 3436
"../../../Engine/Content/EditorLandscapeResources/DefaultAlphaTexture.uasset" 3437
"/Engine/EditorLandscapeResources/SelectBrushMaterial_SelectedRegion" 3438
"../../../Engine/Content/EditorLandscapeResources/SelectBrushMaterial_SelectedRegion.uasset" 3439
"/Engine/EditorLandscapeResources/MaskBrushMaterial_MaskedRegion" 3440
"../../../Engine/Content/EditorLandscapeResources/MaskBrushMaterial_MaskedRegion.uasset" 3441
"../../../Engine/Content/EditorLandscapeResources/MaskBrushMaterial.uasset" 3442
"/Engine/EditorLandscapeResources/ColorMaskBrushMaterial_MaskedRegion" 3443
"../../../Engine/Content/EditorLandscapeResources/ColorMaskBrushMaterial_MaskedRegion.uasset" 3444
"../../../Engine/Content/EditorLandscapeResources/ColorMaskBrushMaterial.uasset" 3445
"/Engine/EditorLandscapeResources/LandscapeDirtyMaterial" 3446
"../../../Engine/Content/EditorLandscapeResources/LandscapeDirtyMaterial.uasset" 3447
"/Engine/EditorLandscapeResources/LandscapeLayerUsageMaterial" 3448
"../../../Engine/Content/EditorLandscapeResources/LandscapeLayerUsageMaterial.uasset" 3449
"../../../Engine/Content/Functions/Engine_MaterialFunctions01/Debug/DebugIntValues.uasset" 3450
"../../../Engine/Content/Functions/Engine_MaterialFunctions01/Texturing/ScaleUVsByCenter.uasset" 3451
"../../../Engine/Content/Functions/Engine_MaterialFunctions02/WorldPositionOffset/LocalPosition.uasset" 3452
"../../../Engine/Content/Functions/Engine_MaterialFunctions01/Texturing/TextureCropping.uasset" 3453
"../../../Engine/Content/Functions/Engine_MaterialFunctions02/ExampleContent/DebugNumberStrip.uasset" 3454
"C:/Users/student/AppData/Local/UnrealEngine/Editor/UInteractiveToolsPresetCollectionAsset_DefaultCollection.json" 3455
"/Engine/EngineMaterials/NaniteHiddenSectionMaterial" 3456
"../../../Engine/Content/EngineMaterials/NaniteHiddenSectionMaterial.uasset" 3457
"/Engine/EngineMaterials/RemoveSurfaceMaterial" 3458
"../../../Engine/Content/EngineMaterials/RemoveSurfaceMaterial.uasset" 3459
"/Engine/EngineDebugMaterials/DebugMeshMaterial" 3460
"../../../Engine/Content/EngineDebugMaterials/DebugMeshMaterial.uasset" 3461
"/Engine/EngineMaterials/EmissiveMeshMaterial" 3462
"../../../Engine/Content/EngineMaterials/EmissiveMeshMaterial.uasset" 3463
"../../../Engine/Content/EngineMaterials/DefaultWhiteGrid_Low.uasset" 3464
"/Engine/EngineMaterials/M_InvalidLightmapSettings" 3465
"../../../Engine/Content/EngineMaterials/M_InvalidLightmapSettings.uasset" 3466
"../../../Engine/Content/EngineMaterials/InvalidLightmapSettings.uasset" 3467
"/Engine/EngineMaterials/GizmoMaterial" 3468
"../../../Engine/Content/EngineMaterials/GizmoMaterial.uasset" 3469
"/Engine/EngineMaterials/PhAT_JointLimitMaterial" 3470
"../../../Engine/Content/EngineMaterials/PhAT_JointLimitMaterial.uasset" 3471
"/Engine/EngineMaterials/FlattenMaterial" 3472
"../../../Engine/Content/EngineMaterials/FlattenMaterial.uasset" 3473
"../../../Engine/Content/EngineMaterials/BaseFlattenDiffuseMap.uasset" 3474
"../../../Engine/Content/EngineMaterials/BaseFlattenEmissiveMap.uasset" 3475
"../../../Engine/Content/EngineMaterials/BaseFlattenGrayscaleMap.uasset" 3476
"../../../Engine/Content/EngineMaterials/BaseFlattenLinearColor.uasset" 3477
"../../../Engine/Content/EngineMaterials/BaseFlattenNormalMap.uasset" 3478
"../../../Engine/Content/Functions/Engine_MaterialFunctions02/PivotPainter2/Black_1x1_EXR_Texture.uasset" 3479
"/Engine/EngineMaterials/FlattenMaterial_VT" 3480
"../../../Engine/Content/EngineMaterials/FlattenMaterial_VT.uasset" 3481
"../../../Engine/Content/EngineMaterials/BaseFlattenDiffuseMap_VT.uasset" 3482
"../../../Engine/Content/EngineMaterials/BaseFlattenEmissiveMap_VT.uasset" 3483
"../../../Engine/Content/EngineMaterials/BaseFlattenGrayscaleMap_VT.uasset" 3484
"../../../Engine/Content/EngineMaterials/BaseFlattenLinearColor_VT.uasset" 3485
"../../../Engine/Content/EngineMaterials/BaseFlattenNormalMap_VT.uasset" 3486
"../../../Engine/Content/EngineMaterials/Black_1x1_EXR_Texture_VT.uasset" 3487
"/Engine/EngineMaterials/FlattenMaterial_WS_Normal_VT" 3488
"../../../Engine/Content/EngineMaterials/FlattenMaterial_WS_Normal_VT.uasset" 3489
"/Engine/EngineMaterials/Good64x64TilingNoiseHighFreq" 3490
"../../../Engine/Content/EngineMaterials/Good64x64TilingNoiseHighFreq.uasset" 3491
"/Engine/EngineMaterials/DefaultBokeh" 3492
"../../../Engine/Content/EngineMaterials/DefaultBokeh.uasset" 3493
"/Engine/EngineMaterials/MiniFont" 3494
"../../../Engine/Content/EngineMaterials/MiniFont.uasset" 3495
"/Engine/EngineMaterials/WeightMapPlaceholderTexture" 3496
"../../../Engine/Content/EngineMaterials/WeightMapPlaceholderTexture.uasset" 3497
"/Engine/EngineMaterials/WeightMapArrayPlaceholderTexture" 3498
"../../../Engine/Content/EngineMaterials/WeightMapArrayPlaceholderTexture.uasset" 3499
"/Engine/EngineMaterials/DefaultWhiteGrid" 3500
"../../../Engine/Content/EngineMaterials/DefaultWhiteGrid.uasset" 3501
"/Engine/EngineMaterials/PreintegratedSkinBRDF" 3502
"../../../Engine/Content/EngineMaterials/PreintegratedSkinBRDF.uasset" 3503
"/Engine/EngineMaterials/LTC/GGX_LTCAmp" 3504
"../../../Engine/Content/EngineMaterials/LTC/GGX_LTCAmp.uasset" 3505
"/Engine/EngineMaterials/LTC/GGX_LTCMat" 3506
"../../../Engine/Content/EngineMaterials/LTC/GGX_LTCMat.uasset" 3507
"/Engine/EngineMaterials/LTC/Sheen_LTC" 3508
"../../../Engine/Content/EngineMaterials/LTC/Sheen_LTC.uasset" 3509
"/Engine/EngineMaterials/EnergyConservation/GGX_ReflectionEnergy" 3510
"../../../Engine/Content/EngineMaterials/EnergyConservation/GGX_ReflectionEnergy.uasset" 3511
"/Engine/EngineMaterials/EnergyConservation/GGX_TransmissionEnergyArray" 3512
"../../../Engine/Content/EngineMaterials/EnergyConservation/GGX_TransmissionEnergyArray.uasset" 3513
"/Engine/EngineMaterials/EnergyConservation/Sheen_Energy" 3514
"../../../Engine/Content/EngineMaterials/EnergyConservation/Sheen_Energy.uasset" 3515
"/Engine/EngineMaterials/EnergyConservation/Diffuse_Energy" 3516
"../../../Engine/Content/EngineMaterials/EnergyConservation/Diffuse_Energy.uasset" 3517
"/Engine/EngineMaterials/DefaultPhysicalMaterial" 3518
"../../../Engine/Content/EngineMaterials/DefaultPhysicalMaterial.uasset" 3519
"/Engine/EngineMaterials/DefaultDestructiblePhysicalMaterial" 3520
"../../../Engine/Content/EngineMaterials/DefaultDestructiblePhysicalMaterial.uasset" 3521
"/Niagara/ParameterDefinitions/CoreParameters" 3522
"../../Plugins/FX/Niagara/Content/ParameterDefinitions/CoreParameters.uasset" 3523
"/Niagara/ParameterDefinitions/DecalRenderer" 3524
"../../Plugins/FX/Niagara/Content/ParameterDefinitions/DecalRenderer.uasset" 3525
"/Niagara/ParameterDefinitions/LightRenderer" 3526
"../../Plugins/FX/Niagara/Content/ParameterDefinitions/LightRenderer.uasset" 3527
"/Niagara/ParameterDefinitions/MeshRenderer" 3528
"../../Plugins/FX/Niagara/Content/ParameterDefinitions/MeshRenderer.uasset" 3529
"/Niagara/ParameterDefinitions/RibbonRenderer" 3530
"../../Plugins/FX/Niagara/Content/ParameterDefinitions/RibbonRenderer.uasset" 3531
"/Niagara/ParameterDefinitions/SpriteRenderer" 3532
"../../Plugins/FX/Niagara/Content/ParameterDefinitions/SpriteRenderer.uasset" 3533
"/DeformerGraph/Deformers/DG_LinearBlendSkin_Morph_Cloth" 3534
"../../Plugins/Animation/DeformerGraph/Content/Deformers/DG_LinearBlendSkin_Morph_Cloth.uasset" 3535
"../../Plugins/Animation/DeformerGraph/Content/DeformerFunctions/DG_Function_LinearBlendSkin_Morph_Cloth.uasset" 3536
"/DeformerGraph/Deformers/DG_LinearBlendSkin_Morph_Cloth_RecomputeNormals" 3537
"../../Plugins/Animation/DeformerGraph/Content/Deformers/DG_LinearBlendSkin_Morph_Cloth_RecomputeNormals.uasset" 3538
"../../Plugins/Animation/DeformerGraph/Content/DeformerFunctions/DG_Function_ComputeNormalsTangents.uasset" 3539
"../../Plugins/Animation/DeformerGraph/Content/DeformerFunctions/DG_Function_LinearBlendSkin_Morph_Cloth_PositionOnly.uasset" 3540
"/Engine/BasicShapes/Cube" 3541
"../../../Engine/Content/BasicShapes/Cube.uasset" 3542
"/Engine/BasicShapes/Sphere" 3543
"../../../Engine/Content/BasicShapes/Sphere.uasset" 3544
"../../../Engine/Content/EngineMaterials/DefaultMaterial.uasset" 3545
"/Engine/BasicShapes/Cylinder" 3546
"../../../Engine/Content/BasicShapes/Cylinder.uasset" 3547
"/Engine/BasicShapes/Cone" 3548
"../../../Engine/Content/BasicShapes/Cone.uasset" 3549
"/Engine/BasicShapes/Plane" 3550
"../../../Engine/Content/BasicShapes/Plane.uasset" 3551
"../../../Engine/Documentation/Source/Shared/Types/ABrush/ABrush.JPN.udn" 3552
"../../../Engine/Content/Internationalization/icudt64l/brkitr/ja.res" 3553
"../../../Engine/Content/Internationalization/icudt64l/brkitr/root.res" 3554
"../../../Engine/Content/Internationalization/icudt64l/brkitr/char.brk" 3555
"../../../Engine/Content/Internationalization/icudt64l/brkitr/word.brk" 3556
"/Engine/EditorResources/SequenceRecorder/Countdown" 3557
"../../../Engine/Content/EditorResources/SequenceRecorder/Countdown.uasset" 3558
"/Engine/EditorResources/SequenceRecorder/RecordingIndicator" 3559
"../../../Engine/Content/EditorResources/SequenceRecorder/RecordingIndicator.uasset" 3560
"/Engine/EditorMaterials/PhAT_UnselectedMaterial" 3561
"../../../Engine/Content/EditorMaterials/PhAT_UnselectedMaterial.uasset" 3562
"/Engine/EditorMaterials/PhAT_NoCollisionMaterial" 3563
"../../../Engine/Content/EditorMaterials/PhAT_NoCollisionMaterial.uasset" 3564
"/Engine/EditorResources/S_Terrain" 3565
"../../../Engine/Content/EditorResources/S_Terrain.uasset" 3566
"../../../Engine/Plugins/FX/Niagara/Shaders/Private/NiagaraDataInterfaceTexture2DArrayTemplate.ush" 3567
"../../../Engine/Plugins/FX/Niagara/Shaders/Private/NiagaraDataInterfaceActorComponentTemplate.ush" 3568
"../../../Engine/Plugins/FX/Niagara/Shaders/Private/NiagaraDataInterfaceArrayTemplate.ush" 3569
"../../../Engine/Plugins/FX/Niagara/Shaders/Private/NiagaraDataInterfaceArrayRWTemplate.ush" 3570
"../../../Engine/Plugins/FX/Niagara/Shaders/Private/NiagaraDataInterfaceArrayDistributionIntTemplate.ush" 3571
"../../../Engine/Plugins/FX/Niagara/Shaders/Private/NiagaraDataInterfaceAsyncGpuTrace.ush" 3572
"../../../Engine/Plugins/FX/Niagara/Shaders/Private/NiagaraDataInterfaceAsyncGpuTraceTemplate.ush" 3573
"../../../Engine/Plugins/FX/Niagara/Shaders/Private/NiagaraDataInterfaceCamera.ush" 3574
"../../../Engine/Plugins/Experimental/ChaosNiagara/Shaders/NiagaraDataInterfaceChaosDestruction.ush" 3575
"../../../Engine/Plugins/FX/Niagara/Shaders/Private/NiagaraDataInterfaceCollisionQuery.ush" 3576
"../../../Engine/Plugins/FX/Niagara/Shaders/Private/NiagaraDataInterfaceCollisionQueryTemplate.ush" 3577
"../../../Engine/Plugins/FX/Niagara/Shaders/Private/NiagaraDataInterfaceCurveTemplate.ush" 3578
"../../../Engine/Plugins/FX/Niagara/Shaders/Private/NiagaraDataInterfaceCubeTextureTemplate.ush" 3579
"../../../Engine/Plugins/FX/Niagara/Shaders/Private/DataChannel/NiagaraDataInterfaceDataChannelCommon.ush" 3580
"../../../Engine/Plugins/FX/Niagara/Shaders/Private/DataChannel/NiagaraDataInterfaceDataChannelTemplateCommon.ush" 3581
"../../../Engine/Plugins/FX/Niagara/Shaders/Private/DataChannel/NiagaraDataInterfaceDataChannelTemplateReadCommon.ush" 3582
"../../../Engine/Plugins/FX/Niagara/Shaders/Private/DataChannel/NiagaraDataInterfaceDataChannelTemplate_Read.ush" 3583
"../../../Engine/Plugins/FX/Niagara/Shaders/Private/DataChannel/NiagaraDataInterfaceDataChannelTemplate_Consume.ush" 3584
"../../../Engine/Plugins/FX/Niagara/Shaders/Private/DataChannel/NiagaraDataInterfaceDataChannelTemplateWriteCommon.ush" 3585
"../../../Engine/Plugins/FX/Niagara/Shaders/Private/DataChannel/NiagaraDataInterfaceDataChannelTemplate_Append.ush" 3586
"../../../Engine/Plugins/FX/Niagara/Shaders/Private/NiagaraDataInterfaceDataTableTemplate.ush" 3587
"../../../Engine/Plugins/FX/Niagara/Shaders/Private/NiagaraDataInterfaceDebugDraw.ush" 3588
"../../../Engine/Plugins/FX/Niagara/Shaders/Private/NiagaraDataInterfaceDebugDrawTemplate.ush" 3589
"../../../Engine/Plugins/FX/Niagara/Shaders/Private/NiagaraDataInterfaceDynamicMeshTemplate.ush" 3590
"../../../Engine/Plugins/FX/Niagara/Shaders/Private/NiagaraDataInterfaceEmitterPropertiesTemplate.ush" 3591
"../../../Engine/Plugins/FX/Niagara/Shaders/Private/NiagaraDataInterfaceExportTemplate.ush" 3592
"../../../Engine/Plugins/FX/Niagara/Shaders/Private/NiagaraDataInterfaceGBufferTemplate.ush" 3593
"../../../Engine/Plugins/Experimental/ChaosNiagara/Shaders/NiagaraDataInterfaceGeometryCollection.ush" 3594
"../../../Engine/Plugins/FX/Niagara/Shaders/Private/NiagaraTransformUtils.ush" 3595
"../../../Engine/Plugins/Runtime/HairStrands/Shaders/Private/NiagaraStrandsExternalForce.ush" 3596
"../../../Engine/Plugins/Runtime/HairStrands/Shaders/Private/NiagaraHookeSpringMaterial.ush" 3597
"../../../Engine/Plugins/Runtime/HairStrands/Shaders/Private/NiagaraAngularSpringMaterial.ush" 3598
"../../../Engine/Plugins/Runtime/HairStrands/Shaders/Private/NiagaraConstantVolumeMaterial.ush" 3599
"../../../Engine/Plugins/Runtime/HairStrands/Shaders/Private/NiagaraCosseratRodMaterial.ush" 3600
"../../../Engine/Plugins/Runtime/HairStrands/Shaders/Private/NiagaraStaticCollisionConstraint.ush" 3601
"../../../Engine/Plugins/Runtime/HairStrands/Shaders/Private/NiagaraDataInterfaceHairStrands.ush" 3602
"../../../Engine/Plugins/Runtime/HairStrands/Shaders/Private/NiagaraDataInterfaceHairStrandsTemplate.ush" 3603
"../../../Engine/Plugins/FX/Niagara/Shaders/Private/NiagaraDataInterfaceIntRenderTarget2D.ush" 3604
"../../../Engine/Plugins/FX/Niagara/Shaders/Private/NiagaraDataInterfaceLandscape.ush" 3605
"../../../Engine/Plugins/FX/Niagara/Shaders/Private/NiagaraDataInterfaceMemoryBufferTemplate.ush" 3606
"../../../Engine/Plugins/FX/Niagara/Shaders/Private/NiagaraDataInterfaceMeshRendererInfoTemplate.ush" 3607
"../../../Engine/Plugins/FX/Niagara/Shaders/Private/NiagaraDataInterfaceOcclusion.ush" 3608
"../../../Engine/Plugins/FX/Niagara/Shaders/Private/NiagaraDataInterfacePhysicsAsset.ush" 3609
"../../../Engine/Plugins/Experimental/ChaosNiagara/Shaders/NiagaraDataInterfacePhysicsField.ush" 3610
"../../../Engine/Plugins/FX/Niagara/Shaders/Private/NiagaraDataInterfacePlatformSetTemplate.ush" 3611
"../../../Engine/Plugins/Runtime/HairStrands/Shaders/Private/NiagaraDataInterfaceVelocityGrid.ush" 3612
"../../../Engine/Plugins/Runtime/HairStrands/Shaders/Private/NiagaraDataInterfaceVelocityGridTemplate.ush" 3613
"../../../Engine/Plugins/Runtime/HairStrands/Shaders/Private/NiagaraDataInterfacePressureGrid.ush" 3614
"../../../Engine/Plugins/Runtime/HairStrands/Shaders/Private/NiagaraDataInterfacePressureGridTemplate.ush" 3615
"../../../Engine/Plugins/FX/Niagara/Shaders/Private/NiagaraDataInterfaceRenderTarget2DTemplate.ush" 3616
"../../../Engine/Plugins/FX/Niagara/Shaders/Private/NiagaraDataInterfaceRenderTarget2DArrayTemplate.ush" 3617
"../../../Engine/Plugins/FX/Niagara/Shaders/Private/NiagaraDataInterfaceRenderTargetCubeTemplate.ush" 3618
"../../../Engine/Plugins/FX/Niagara/Shaders/Private/NiagaraDataInterfaceRenderTargetVolumeTemplate.ush" 3619
"../../../Engine/Plugins/FX/Niagara/Shaders/Private/NiagaraDataInterfaceRigidMeshCollisionQuery.ush" 3620
"../../../Engine/Plugins/FX/Niagara/Shaders/Private/NiagaraDistanceFieldQueries.ush" 3621
"../../../Engine/Plugins/FX/Niagara/Shaders/Private/NiagaraDataInterfaceSceneCapture2DTemplate.ush" 3622
"../../../Engine/Plugins/FX/Niagara/Shaders/Private/NiagaraDataInterfaceSimCacheReaderTemplate.ush" 3623
"../../../Engine/Plugins/FX/Niagara/Shaders/Private/NiagaraDataInterfaceSimpleCounterTemplate.ush" 3624
"../../../Engine/Plugins/FX/Niagara/Shaders/Private/NiagaraDataInterfaceSkeletalMesh.ush" 3625
"../../../Engine/Plugins/FX/Niagara/Shaders/Private/NiagaraBaryCentricUtils.ush" 3626
"../../../Engine/Plugins/FX/Niagara/Shaders/Private/NiagaraDataInterfaceSkeletalMeshTemplate.ush" 3627
"../../../Engine/Plugins/FX/Niagara/Shaders/Private/NiagaraDataInterfaceSocketReaderTemplate.ush" 3628
"../../../Engine/Plugins/FX/Niagara/Shaders/Private/NiagaraDataInterfaceSparseVolumeTextureTemplate.ush" 3629
"../../../Engine/Plugins/FX/Niagara/Shaders/Private/NiagaraDataInterfaceSplineTemplate.ush" 3630
"../../../Engine/Plugins/FX/Niagara/Shaders/Private/NiagaraDataInterfaceSpriteRendererInfoTemplate.ush" 3631
"../../../Engine/Plugins/FX/Niagara/Shaders/Private/NiagaraDataInterfaceStaticMeshTemplate.ush" 3632
"../../../Engine/Plugins/FX/Niagara/Shaders/Private/NiagaraDataInterfaceTextureTemplate.ush" 3633
"../../../Engine/Plugins/FX/Niagara/Shaders/Private/NiagaraDataInterfaceVirtualTexture.ush" 3634
"../../../Engine/Plugins/FX/Niagara/Shaders/Private/NiagaraDataInterfaceVirtualTextureTemplate.ush" 3635
"../../../Engine/Plugins/FX/Niagara/Shaders/Private/NiagaraDataInterfaceVirtualTextureSampleTemplate.ush" 3636
"../../../Engine/Plugins/FX/Niagara/Shaders/Private/NiagaraDataInterfaceVolumeCache.ush" 3637
"../../../Engine/Plugins/FX/Niagara/Shaders/Private/NiagaraDataInterfaceVolumeTextureTemplate.ush" 3638
"C:/Users/student/AppData/Local/Temp/UnrealShaderWorkingDir/1F37CB2F44484BB0B87C539C23519EAC/6/WorkerOutputOnly.out" 3639
"C:/Users/student/AppData/Local/Temp/UnrealShaderWorkingDir/1F37CB2F44484BB0B87C539C23519EAC/0/WorkerOutputOnly.out" 3640
"C:/Users/student/AppData/Local/Temp/UnrealShaderWorkingDir/1F37CB2F44484BB0B87C539C23519EAC/2/WorkerOutputOnly.out" 3641
"C:/Users/student/AppData/Local/Temp/UnrealShaderWorkingDir/1F37CB2F44484BB0B87C539C23519EAC/1/WorkerOutputOnly.out" 3642
"C:/Users/student/AppData/Local/Temp/UnrealShaderWorkingDir/1F37CB2F44484BB0B87C539C23519EAC/9/WorkerOutputOnly.out" 3643
"C:/Users/student/AppData/Local/Temp/UnrealShaderWorkingDir/1F37CB2F44484BB0B87C539C23519EAC/10/WorkerOutputOnly.out" 3644
"C:/Users/student/AppData/Local/Temp/UnrealShaderWorkingDir/1F37CB2F44484BB0B87C539C23519EAC/5/WorkerOutputOnly.out" 3645
"C:/Users/student/AppData/Local/Temp/UnrealShaderWorkingDir/1F37CB2F44484BB0B87C539C23519EAC/3/WorkerOutputOnly.out" 3646
"C:/Users/student/AppData/Local/Temp/UnrealShaderWorkingDir/1F37CB2F44484BB0B87C539C23519EAC/4/WorkerOutputOnly.out" 3647
"C:/Users/student/AppData/Local/Temp/UnrealShaderWorkingDir/1F37CB2F44484BB0B87C539C23519EAC/8/WorkerOutputOnly.out" 3648
"C:/Users/student/AppData/Local/Temp/UnrealShaderWorkingDir/1F37CB2F44484BB0B87C539C23519EAC/12/WorkerOutputOnly.out" 3649
"C:/Users/student/AppData/Local/Temp/UnrealShaderWorkingDir/1F37CB2F44484BB0B87C539C23519EAC/7/WorkerOutputOnly.out" 3650
"C:/Users/student/AppData/Local/Temp/UnrealShaderWorkingDir/1F37CB2F44484BB0B87C539C23519EAC/13/WorkerOutputOnly.out" 3651
"C:/Users/student/AppData/Local/Temp/UnrealShaderWorkingDir/1F37CB2F44484BB0B87C539C23519EAC/14/WorkerOutputOnly.out" 3652
"C:/Users/student/AppData/Local/Temp/UnrealShaderWorkingDir/1F37CB2F44484BB0B87C539C23519EAC/11/WorkerOutputOnly.out" 3653
"C:/Users/student/AppData/Local/Temp/UnrealShaderWorkingDir/1F37CB2F44484BB0B87C539C23519EAC/15/WorkerOutputOnly.out" 3654
"C:/Users/student/AppData/Local/Temp/UnrealShaderWorkingDir/1F37CB2F44484BB0B87C539C23519EAC/16/WorkerOutputOnly.out" 3655
"D:/24cu0220/KONA_BANANA/Content/Characters/29-banana/lambert3.uasset" 3656
"D:/24cu0220/KONA_BANANA/Content/FirstPerson/Blueprints/BP_Banana.uasset" 3657
"D:/24cu0220/KONA_BANANA/Content/Characters/29-banana/Banana_skin_texture.uasset" 3658
"D:/24cu0220/KONA_BANANA/Content/FirstPerson/Blueprints/BP_FirstPersonCameraManager.uasset" 3659
"D:/24cu0220/KONA_BANANA/Content/FirstPerson/Blueprints/E_MovementState.uasset" 3660
"../../../Engine/Content/MobileResources/HUD/VirtualJoystick_Background.uasset" 3661
"D:/24cu0220/KONA_BANANA/Content/FirstPerson/Blueprints/BP_FirstPersonPlayerController.uasset" 3662
"../../../Engine/Plugins/Interchange/Assets/Content/Functions/MF_PhongToMetalRoughness.uasset" 3663
"D:/24cu0220/KONA_BANANA/Content/__ExternalActors__/FirstPerson/Lvl_FirstPerson/7/NI/7Z9KFUHGDC33I0LYBUUYUQ.uasset" 3664
"../../../Engine/Content/Functions/Engine_MaterialFunctions03/Procedurals/NormalFromHeightmap.uasset" 3665
"D:/24cu0220/KONA_BANANA/Content/Characters/29-banana/banana.uasset" 3666
"D:/24cu0220/KONA_BANANA/Content/FirstPerson/Blueprints/E_CrorchType.uasset" 3667
"../../../Engine/Content/EngineMaterials/DefaultNormal.uasset" 3668
"D:/24cu0220/KONA_BANANA/Content/Input/IMC_MouseLook.uasset" 3669
"D:/24cu0220/KONA_BANANA/Content/Input/Touch/UI_Thumbstick.uasset" 3670
"D:/24cu0220/KONA_BANANA/Content/Input/IMC_Default.uasset" 3671
"D:/24cu0220/KONA_BANANA/Content/Characters/Mannequins/Anims/Unarmed/Walk/MF_Unarmed_Walk_Right.uasset" 3672
"D:/24cu0220/KONA_BANANA/Content/Characters/Mannequins/Anims/Unarmed/Jump/MM_Fall_Loop.uasset" 3673
"D:/24cu0220/KONA_BANANA/Content/Input/Touch/BPI_TouchInterface.uasset" 3674
"D:/24cu0220/KONA_BANANA/Content/Characters/Mannequins/Anims/Unarmed/Walk/MF_Unarmed_Walk_Left.uasset" 3675
"../../../Engine/Content/MobileResources/HUD/VirtualJoystick_Thumb.uasset" 3676
"D:/24cu0220/KONA_BANANA/Content/Characters/Mannequins/Anims/Unarmed/Walk/MF_Unarmed_Walk_Fwd_Left.uasset" 3677
"D:/24cu0220/KONA_BANANA/Content/Characters/Mannequins/Anims/Unarmed/Jump/MM_Land.uasset" 3678
"D:/24cu0220/KONA_BANANA/Content/Input/Actions/IA_Jump.uasset" 3679
"D:/24cu0220/KONA_BANANA/Content/Characters/Mannequins/Anims/Unarmed/Walk/MF_Unarmed_Walk_Bwd_Right.uasset" 3680
"D:/24cu0220/KONA_BANANA/Content/Characters/Mannequins/Anims/Unarmed/Walk/MF_Unarmed_Walk_Bwd_Left.uasset" 3681
"D:/24cu0220/KONA_BANANA/Content/Characters/Mannequins/Anims/Unarmed/Walk/MF_Unarmed_Walk_Fwd_Right.uasset" 3682
"D:/24cu0220/KONA_BANANA/Content/Characters/Mannequins/Anims/Unarmed/Walk/MF_Unarmed_Walk_Bwd.uasset" 3683
"D:/24cu0220/KONA_BANANA/Content/Input/Touch/UI_TouchSimple.uasset" 3684
"D:/24cu0220/KONA_BANANA/Content/Characters/Mannequins/Anims/Unarmed/Walk/MF_Unarmed_Walk_Fwd.uasset" 3685
"D:/24cu0220/KONA_BANANA/Content/Characters/Mannequins/Anims/Unarmed/Jump/MM_Jump.uasset" 3686
"../../../Engine/Plugins/Interchange/Assets/Content/Materials/FBXLegacyPhongSurfaceMaterial.uasset" 3687
"/Game/FirstPerson/Blueprints/BP_FirstPersonCameraManager" 3688
"/Game/FirstPerson/Blueprints/E_MovementState" 3689
"/Engine/MobileResources/HUD/VirtualJoystick_Background" 3690
"D:/24cu0220/KONA_BANANA/Content/Characters/Mannequins/Anims/Unarmed/Jog/MF_Unarmed_Jog_Right.uasset" 3691
"D:/24cu0220/KONA_BANANA/Content/Characters/Mannequins/Anims/Unarmed/Jog/MF_Unarmed_Jog_Fwd_Right.uasset" 3692
"D:/24cu0220/KONA_BANANA/Content/Characters/Mannequins/Anims/Unarmed/Jog/MF_Unarmed_Jog_Left.uasset" 3693
"/Game/__ExternalActors__/FirstPerson/Lvl_FirstPerson/7/NI/7Z9KFUHGDC33I0LYBUUYUQ" 3694
"D:/24cu0220/KONA_BANANA/Content/FirstPerson/Blueprints/BP_FirstPersonGameMode.uasset" 3695
"D:/24cu0220/KONA_BANANA/Content/FirstPerson/Blueprints/BP_FirstPersonCharacter.uasset" 3696
"D:/24cu0220/KONA_BANANA/Content/Characters/Mannequins/Anims/Unarmed/ABP_Unarmed.uasset" 3697
"../../../Engine/Content/EditorBlueprintResources/StandardMacros.uasset" 3698
"D:/24cu0220/KONA_BANANA/Content/Input/Actions/IA_Crouch.uasset" 3699
"D:/24cu0220/KONA_BANANA/Content/Input/Actions/IA_Dash.uasset" 3700
"D:/24cu0220/KONA_BANANA/Content/Input/Actions/IA_Look.uasset" 3701
"D:/24cu0220/KONA_BANANA/Content/Input/Actions/IA_MouseLook.uasset" 3702
"D:/24cu0220/KONA_BANANA/Content/Input/Actions/IA_Move.uasset" 3703
"D:/24cu0220/KONA_BANANA/Content/Widget/WBP_CharacterWindow.uasset" 3704
"D:/24cu0220/KONA_BANANA/Content/Characters/Mannequins/Anims/Unarmed/MM_Idle.uasset" 3705
"D:/24cu0220/KONA_BANANA/Content/Characters/Mannequins/Anims/Unarmed/BS_Idle_Walk_Run.uasset" 3706
"D:/24cu0220/KONA_BANANA/Content/Characters/Mannequins/Rigs/CR_Mannequin_FootIK.uasset" 3707
"D:/24cu0220/KONA_BANANA/Content/Characters/Mannequins/Meshes/SK_Mannequin.uasset" 3708
"../../../Engine/Content/Animation/DefaultAnimBoneCompressionSettings.uasset" 3709
"../../../Engine/Content/Animation/DefaultAnimCurveCompressionSettings.uasset" 3710
"D:/24cu0220/KONA_BANANA/Content/Characters/Mannequins/Anims/Unarmed/Jog/MF_Unarmed_Jog_Bwd.uasset" 3711
"D:/24cu0220/KONA_BANANA/Content/Characters/Mannequins/Anims/Unarmed/Jog/MF_Unarmed_Jog_Bwd_Left.uasset" 3712
"D:/24cu0220/KONA_BANANA/Content/Characters/Mannequins/Anims/Unarmed/Jog/MF_Unarmed_Jog_Bwd_Right.uasset" 3713
"D:/24cu0220/KONA_BANANA/Content/Characters/Mannequins/Anims/Unarmed/Jog/MF_Unarmed_Jog_Fwd.uasset" 3714
"D:/24cu0220/KONA_BANANA/Content/Characters/Mannequins/Anims/Unarmed/Jog/MF_Unarmed_Jog_Fwd_Left.uasset" 3715
"../../../Engine/Content/EngineSounds/Submixes/MasterReverbEffectPreset.uasset" 3716
"../../../Engine/Content/EngineSounds/Submixes/MasterReverbSubmixDefault.uasset" 3717
"../../../Engine/Content/EngineSounds/Submixes/MasterSubmixDefault.uasset" 3718
"../../../Engine/Content/EngineSounds/Submixes/MasterEQSubmixDefault.uasset" 3719
"../../../Engine/Content/EngineSounds/Submixes/MasterEQEffectPreset.uasset" 3720
"/Engine/EngineSounds/Submixes/MasterReverbSubmixDefault" 3721
"../../../Engine/Plugins/Interchange/Assets/Content/gltf/MaterialFunctions/MF_RotateNormals_TS.uasset" 3722
"../../../Engine/Plugins/Interchange/Assets/Content/gltf/MaterialFunctions/MF_ScaleNormal.uasset" 3723
"../../../Engine/Plugins/Interchange/Assets/Content/gltf/MaterialFunctions/MF_MetallicRoughness.uasset" 3724
"../../../Engine/Plugins/Interchange/Assets/Content/gltf/MaterialFunctions/MF_Emissive.uasset" 3725
"../../../Engine/Plugins/Interchange/Assets/Content/gltf/Textures/T_Generic_N.uasset" 3726
"../../../Engine/Plugins/Interchange/Assets/Content/gltf/Textures/T_Anisotropy_Direction_Linear.uasset" 3727
"../../../Engine/Plugins/Interchange/Assets/Content/gltf/MaterialFunctions/MF_IOR.uasset" 3728
"../../../Engine/Content/Functions/Engine_MaterialFunctions03/Math/RemapValueRange.uasset" 3729
"../../../Engine/Plugins/Interchange/Assets/Content/gltf/MaterialFunctions/MF_Clearcoat.uasset" 3730
"../../../Engine/Plugins/Interchange/Assets/Content/gltf/MaterialFunctions/MF_Specular.uasset" 3731
"../../../Engine/Plugins/Interchange/Assets/Content/gltf/MaterialFunctions/MF_RotateV2.uasset" 3732
"../../../Engine/Plugins/Interchange/Assets/Content/gltf/MaterialFunctions/MF_SpecularAnisotropy.uasset" 3733
"../../../Engine/Plugins/Interchange/Assets/Content/Functions/MF_IridescenceNoLUT.uasset" 3734
"../../../Engine/Plugins/Interchange/Assets/Content/gltf/MaterialFunctions/MF_TransformUVs.uasset" 3735
"../../../Engine/Plugins/Interchange/Assets/Content/gltf/Textures/T_White_Linear.uasset" 3736
"../../../Engine/Plugins/Interchange/Assets/Content/gltf/MaterialFunctions/MF_Occlusion.uasset" 3737
"../../../Engine/Plugins/Interchange/Assets/Content/gltf/MaterialFunctions/MF_Normals.uasset" 3738
"../../../Engine/Plugins/Interchange/Assets/Content/gltf/MaterialInstances/MI_ClearCoat_Opaque.uasset" 3739
"../../../Engine/Content/Functions/Engine_MaterialFunctions01/Texturing/FlattenNormal.uasset" 3740
"../../../Engine/Plugins/Interchange/Assets/Content/gltf/M_ClearCoat.uasset" 3741
"../../../Engine/Plugins/Interchange/Assets/Content/gltf/MaterialBodies/MF_ClearCoat_Body.uasset" 3742
"../../../Engine/Plugins/Interchange/Assets/Content/gltf/MaterialFunctions/MF_BaseColor.uasset" 3743
"../../../Engine/Plugins/Interchange/Assets/Content/Functions/MF_Iridescence.uasset" 3744
"../../../Engine/Plugins/Interchange/Assets/Content/gltf/MaterialInstances/MI_ClearCoat_Mask.uasset" 3745
"../../../Engine/Plugins/Interchange/Assets/Content/gltf/Textures/T_White_srgb.uasset" 3746
"../../../Engine/Plugins/Interchange/Assets/Content/gltf/MaterialFunctions/MF_Iridescence.uasset" 3747
"../../../Engine/Plugins/Interchange/Assets/Content/Utilities/New_LUT.uasset" 3748
"/InterchangeAssets/gltf/MaterialFunctions/MF_TransformUVs" 3749
"/InterchangeAssets/gltf/MaterialInstances/MI_ClearCoat_Mask" 3750
"../../../Engine/Plugins/Interchange/Assets/Content/gltf/MaterialInstances/MI_ClearCoat_Blend.uasset" 3751
"../../../Engine/Plugins/Interchange/Assets/Content/gltf/MaterialInstances/MI_ClearCoat_Opaque_DS.uasset" 3752
"../../../Engine/Plugins/Interchange/Assets/Content/gltf/MaterialInstances/MI_ClearCoat_Mask_DS.uasset" 3753
"../../../Engine/Plugins/Interchange/Assets/Content/gltf/MaterialInstances/MI_ClearCoat_Blend_DS.uasset" 3754
"../../../Engine/Plugins/Interchange/Assets/Content/gltf/MaterialBodies/MF_Default_Body.uasset" 3755
"/InterchangeAssets/gltf/MaterialInstances/MI_ClearCoat_Opaque" 3756
"/Game/__ExternalActors__/FirstPerson/Lvl_FirstPerson/0/BP/YMG0KVFWJWDC5RJY0OUQEM" 3757
"D:/24cu0220/KONA_BANANA/Content/__ExternalActors__/FirstPerson/Lvl_FirstPerson/0/BP/YMG0KVFWJWDC5RJY0OUQEM.uasset" 3758
"D:/24cu0220/KONA_BANANA/Content/Characters/Bananacat/bananaCatbananaBones_hiiiiiiiii.uasset" 3759
"D:/24cu0220/KONA_BANANA/Content/Characters/Bananacat/bananaCat.uasset" 3760
"D:/24cu0220/KONA_BANANA/Content/Characters/Bananacat/bananaCat_Skeleton.uasset" 3761
"D:/24cu0220/KONA_BANANA/Content/Characters/Bananacat/bananacatcolor.uasset" 3762
"D:/24cu0220/KONA_BANANA/Content/Characters/Bananacat/bananaCat_PhysicsAsset.uasset" 3763
"D:/24cu0220/KONA_BANANA/Content/Characters/Bananacat/check_BaseColor.uasset" 3764
"/Game/__ExternalActors__/FirstPerson/Lvl_FirstPerson/0/GZ/TTBKQTM7H2HDLWB3T16ZLY" 3765
"D:/24cu0220/KONA_BANANA/Content/__ExternalActors__/FirstPerson/Lvl_FirstPerson/0/GZ/TTBKQTM7H2HDLWB3T16ZLY.uasset" 3766
"D:/24cu0220/KONA_BANANA/Content/LevelPrototyping/Materials/MI_PrototypeGrid_Gray.uasset" 3767
"../../../Engine/Content/MapTemplates/SM_Template_Map_Floor.uasset" 3768
"D:/24cu0220/KONA_BANANA/Content/LevelPrototyping/Materials/M_PrototypeGrid.uasset" 3769
"../../../Engine/Content/Functions/Engine_MaterialFunctions01/Gradient/LinearGradient.uasset" 3770
"../../../Engine/Content/Functions/Engine_MaterialFunctions01/ImageAdjustment/CheapContrast.uasset" 3771
"D:/24cu0220/KONA_BANANA/Content/LevelPrototyping/Materials/MF_ProcGrid.uasset" 3772
"D:/24cu0220/KONA_BANANA/Content/LevelPrototyping/Textures/T_GridChecker_A.uasset" 3773
"/Game/__ExternalActors__/FirstPerson/Lvl_FirstPerson/1/CC/0JTUNI8VQLSXUN7CSUXHGJ" 3774
"D:/24cu0220/KONA_BANANA/Content/__ExternalActors__/FirstPerson/Lvl_FirstPerson/1/CC/0JTUNI8VQLSXUN7CSUXHGJ.uasset" 3775
"/Game/__ExternalActors__/FirstPerson/Lvl_FirstPerson/1/DN/Z1Y4F803HOVE23WG3FSP2L" 3776
"D:/24cu0220/KONA_BANANA/Content/__ExternalActors__/FirstPerson/Lvl_FirstPerson/1/DN/Z1Y4F803HOVE23WG3FSP2L.uasset" 3777
"D:/24cu0220/KONA_BANANA/Content/Characters/Bananacat/bananaCatbananaBones_jump.uasset" 3778
"/Game/__ExternalActors__/FirstPerson/Lvl_FirstPerson/1/LC/YNC4BETTR4NZXKH4JIWAJ1" 3779
"D:/24cu0220/KONA_BANANA/Content/__ExternalActors__/FirstPerson/Lvl_FirstPerson/1/LC/YNC4BETTR4NZXKH4JIWAJ1.uasset" 3780
"D:/24cu0220/KONA_BANANA/Content/Map/MAPmodel/utukusiimeiga1.uasset" 3781
"D:/24cu0220/KONA_BANANA/Content/Map/MAPmodel/blinn7.uasset" 3782
"/Game/__ExternalActors__/FirstPerson/Lvl_FirstPerson/1/SO/S13SVBELBY4UNGQ56SJLLC" 3783
"D:/24cu0220/KONA_BANANA/Content/__ExternalActors__/FirstPerson/Lvl_FirstPerson/1/SO/S13SVBELBY4UNGQ56SJLLC.uasset" 3784
"D:/24cu0220/KONA_BANANA/Content/FirstPerson/Blueprints/BP_Enemy.uasset" 3785
"D:/24cu0220/KONA_BANANA/Content/FirstPerson/Blueprints/BP_AIController.uasset" 3786
"D:/24cu0220/KONA_BANANA/Content/Characters/Mannequins/Meshes/SKM_Manny_Simple.uasset" 3787
"D:/24cu0220/KONA_BANANA/Content/FirstPerson/Blueprints/BT_Enemy.uasset" 3788
"D:/24cu0220/KONA_BANANA/Content/FirstPerson/Blueprints/BB_Enemy.uasset" 3789
"D:/24cu0220/KONA_BANANA/Content/Characters/Mannequins/Materials/Manny/MI_Manny_01_New.uasset" 3790
"D:/24cu0220/KONA_BANANA/Content/Characters/Mannequins/Materials/Manny/MI_Manny_02_New.uasset" 3791
"D:/24cu0220/KONA_BANANA/Content/Characters/Mannequins/Rigs/PA_Mannequin.uasset" 3792
"D:/24cu0220/KONA_BANANA/Content/Characters/Mannequins/Materials/M_Mannequin.uasset" 3793
"D:/24cu0220/KONA_BANANA/Content/Characters/Mannequins/Textures/Manny/T_Manny_01_BN.uasset" 3794
"D:/24cu0220/KONA_BANANA/Content/Characters/Mannequins/Textures/Manny/T_Manny_01_D.uasset" 3795
"D:/24cu0220/KONA_BANANA/Content/Characters/Mannequins/Textures/Manny/T_Manny_01_MRA.uasset" 3796
"D:/24cu0220/KONA_BANANA/Content/Characters/Mannequins/Textures/Manny/T_Manny_02_BN.uasset" 3797
"D:/24cu0220/KONA_BANANA/Content/Characters/Mannequins/Textures/Manny/T_Manny_02_D.uasset" 3798
"D:/24cu0220/KONA_BANANA/Content/Characters/Mannequins/Textures/Manny/T_Manny_02_MRA.uasset" 3799
"D:/24cu0220/KONA_BANANA/Content/Characters/Mannequins/Textures/Shared/T_UE_Logo_M.uasset" 3800
"/Game/__ExternalActors__/FirstPerson/Lvl_FirstPerson/2/7B/UMG9XFJVA7YAPABVTKP53A" 3801
"D:/24cu0220/KONA_BANANA/Content/__ExternalActors__/FirstPerson/Lvl_FirstPerson/2/7B/UMG9XFJVA7YAPABVTKP53A.uasset" 3802
"D:/24cu0220/KONA_BANANA/Content/Map/art_museum_map1.uasset" 3803
"D:/24cu0220/KONA_BANANA/Content/Map/lambert1.uasset" 3804
"/Game/__ExternalActors__/FirstPerson/Lvl_FirstPerson/2/8I/5I13W9XIR9IAUG4O4EKYO5" 3805
"D:/24cu0220/KONA_BANANA/Content/__ExternalActors__/FirstPerson/Lvl_FirstPerson/2/8I/5I13W9XIR9IAUG4O4EKYO5.uasset" 3806
"D:/24cu0220/KONA_BANANA/Content/Characters/Bananacat/bananaCatbananaBones_sit.uasset" 3807
"/Game/__ExternalActors__/FirstPerson/Lvl_FirstPerson/2/EG/CIZR6W2NYH4Y5P8G67XOU0" 3808
"D:/24cu0220/KONA_BANANA/Content/__ExternalActors__/FirstPerson/Lvl_FirstPerson/2/EG/CIZR6W2NYH4Y5P8G67XOU0.uasset" 3809
"/Game/__ExternalActors__/FirstPerson/Lvl_FirstPerson/2/ST/YLARIOPHFW57RL00PKP678" 3810
"D:/24cu0220/KONA_BANANA/Content/__ExternalActors__/FirstPerson/Lvl_FirstPerson/2/ST/YLARIOPHFW57RL00PKP678.uasset" 3811
"D:/24cu0220/KONA_BANANA/Content/Map/MAPmodel/hatarakumeiga7.uasset" 3812
"D:/24cu0220/KONA_BANANA/Content/Map/MAPmodel/blinn5.uasset" 3813
"D:/24cu0220/KONA_BANANA/Content/Map/MAPmodel/???????.uasset" 3814
"/Game/__ExternalActors__/FirstPerson/Lvl_FirstPerson/3/1J/VM18KNAOLFN2UWI572XQEN" 3815
"D:/24cu0220/KONA_BANANA/Content/__ExternalActors__/FirstPerson/Lvl_FirstPerson/3/1J/VM18KNAOLFN2UWI572XQEN.uasset" 3816
"D:/24cu0220/KONA_BANANA/Content/__ExternalActors__/FirstPerson/Lvl_FirstPerson/B/4V/5MIY8WP59KG65N0C6LQVPO.uasset" 3817
"D:/24cu0220/KONA_BANANA/Content/Characters/lambert3.uasset" 3818
"D:/24cu0220/KONA_BANANA/Content/Characters/Mesh.uasset" 3819
"D:/24cu0220/KONA_BANANA/Content/Characters/Banana_skin_texture.uasset" 3820
"/Game/__ExternalActors__/FirstPerson/Lvl_FirstPerson/3/M5/TULY9G42SSU3SXQ8DU92MG" 3821
"D:/24cu0220/KONA_BANANA/Content/__ExternalActors__/FirstPerson/Lvl_FirstPerson/3/M5/TULY9G42SSU3SXQ8DU92MG.uasset" 3822
"D:/24cu0220/KONA_BANANA/Content/Map/MAPmodel/sougennnameiga6.uasset" 3823
"D:/24cu0220/KONA_BANANA/Content/Map/MAPmodel/blinn11.uasset" 3824
"D:/24cu0220/KONA_BANANA/Content/Map/MAPmodel/????????.uasset" 3825
"/Game/__ExternalActors__/FirstPerson/Lvl_FirstPerson/3/PA/G6690ZBOSAPWAIPNXEUPYC" 3826
"D:/24cu0220/KONA_BANANA/Content/__ExternalActors__/FirstPerson/Lvl_FirstPerson/3/PA/G6690ZBOSAPWAIPNXEUPYC.uasset" 3827
"D:/24cu0220/KONA_BANANA/Content/Map/MAPmodel/miruki_nameiga4.uasset" 3828
"D:/24cu0220/KONA_BANANA/Content/Map/MAPmodel/blinn3.uasset" 3829
"D:/24cu0220/KONA_BANANA/Content/Map/MAPmodel/????????.uasset" 3830
"/Game/__ExternalActors__/FirstPerson/Lvl_FirstPerson/3/SS/IBMGBI4ODIW56SD7IYF9YP" 3831
"D:/24cu0220/KONA_BANANA/Content/__ExternalActors__/FirstPerson/Lvl_FirstPerson/3/SS/IBMGBI4ODIW56SD7IYF9YP.uasset" 3832
"/Game/__ExternalActors__/FirstPerson/Lvl_FirstPerson/4/ZS/LW9N5UMB7UNYR0FMXFJ9H2" 3833
"D:/24cu0220/KONA_BANANA/Content/__ExternalActors__/FirstPerson/Lvl_FirstPerson/4/ZS/LW9N5UMB7UNYR0FMXFJ9H2.uasset" 3834
"D:/24cu0220/KONA_BANANA/Content/Map/MAPmodel/takumasiimeiga12.uasset" 3835
"D:/24cu0220/KONA_BANANA/Content/Map/MAPmodel/blinn6.uasset" 3836
"D:/24cu0220/KONA_BANANA/Content/Map/MAPmodel/????????.uasset" 3837
"/Game/__ExternalActors__/FirstPerson/Lvl_FirstPerson/5/Q0/LF53XZEPPWY5JLTW91EPRD" 3838
"D:/24cu0220/KONA_BANANA/Content/__ExternalActors__/FirstPerson/Lvl_FirstPerson/5/Q0/LF53XZEPPWY5JLTW91EPRD.uasset" 3839
"D:/24cu0220/KONA_BANANA/Content/Map/MAPmodel/kedakaimeiga11.uasset" 3840
"D:/24cu0220/KONA_BANANA/Content/Map/MAPmodel/blinn4.uasset" 3841
"D:/24cu0220/KONA_BANANA/Content/Map/MAPmodel/???????.uasset" 3842
"/Game/__ExternalActors__/FirstPerson/Lvl_FirstPerson/5/UQ/MQLDJHYQX69J2VP76HLIEI" 3843
"D:/24cu0220/KONA_BANANA/Content/__ExternalActors__/FirstPerson/Lvl_FirstPerson/5/UQ/MQLDJHYQX69J2VP76HLIEI.uasset" 3844
"D:/24cu0220/KONA_BANANA/Content/Map/MAPmodel/hohoeminomeiga10.uasset" 3845
"D:/24cu0220/KONA_BANANA/Content/Map/MAPmodel/blinn2.uasset" 3846
"D:/24cu0220/KONA_BANANA/Content/Map/MAPmodel/????????.uasset" 3847
"/Game/__ExternalActors__/FirstPerson/Lvl_FirstPerson/5/UU/1ZY1QFVHRWZSP8YI4VZLMK" 3848
"D:/24cu0220/KONA_BANANA/Content/__ExternalActors__/FirstPerson/Lvl_FirstPerson/5/UU/1ZY1QFVHRWZSP8YI4VZLMK.uasset" 3849
"../../../Engine/Content/EngineSky/M_SimpleSkyDome.uasset" 3850
"../../../Engine/Content/EngineSky/SM_SkySphere.uasset" 3851
"../../../Engine/Content/EngineSky/M_Sky_Panning_Clouds2.uasset" 3852
"../../../Engine/Content/EngineSky/T_Sky_Blue.uasset" 3853
"../../../Engine/Content/EngineSky/T_Sky_Clouds_M.uasset" 3854
"../../../Engine/Content/EngineSky/T_Sky_Stars.uasset" 3855
"/Game/__ExternalActors__/FirstPerson/Lvl_FirstPerson/6/96/JEF6NHSL8XXSCQTOUZMFM6" 3856
"D:/24cu0220/KONA_BANANA/Content/__ExternalActors__/FirstPerson/Lvl_FirstPerson/6/96/JEF6NHSL8XXSCQTOUZMFM6.uasset" 3857
"/Game/__ExternalActors__/FirstPerson/Lvl_FirstPerson/6/NA/5CYB6UHJDSFNCZ1KHA0DHP" 3858
"D:/24cu0220/KONA_BANANA/Content/__ExternalActors__/FirstPerson/Lvl_FirstPerson/6/NA/5CYB6UHJDSFNCZ1KHA0DHP.uasset" 3859
"D:/24cu0220/KONA_BANANA/Content/Map/MAPmodel/medetaimeiga13.uasset" 3860
"D:/24cu0220/KONA_BANANA/Content/Map/MAPmodel/blinn14.uasset" 3861
"D:/24cu0220/KONA_BANANA/Content/Map/MAPmodel/???????.uasset" 3862
"/Game/__ExternalActors__/FirstPerson/Lvl_FirstPerson/7/AG/9TG21NVBU6N2LMQ6CJP1HG" 3863
"D:/24cu0220/KONA_BANANA/Content/__ExternalActors__/FirstPerson/Lvl_FirstPerson/7/AG/9TG21NVBU6N2LMQ6CJP1HG.uasset" 3864
"/Game/__ExternalActors__/FirstPerson/Lvl_FirstPerson/8/ME/4ADT2NMB97SW8KKWAU6WSR" 3865
"D:/24cu0220/KONA_BANANA/Content/__ExternalActors__/FirstPerson/Lvl_FirstPerson/8/ME/4ADT2NMB97SW8KKWAU6WSR.uasset" 3866
"D:/24cu0220/KONA_BANANA/Content/Map/MAPmodel/eraimeiga8.uasset" 3867
"D:/24cu0220/KONA_BANANA/Content/Map/MAPmodel/blinn9.uasset" 3868
"D:/24cu0220/KONA_BANANA/Content/Map/MAPmodel/??????.uasset" 3869
"/Game/__ExternalActors__/FirstPerson/Lvl_FirstPerson/8/NI/NI4PS0MGR5YU5ORXZ31K5W" 3870
"D:/24cu0220/KONA_BANANA/Content/__ExternalActors__/FirstPerson/Lvl_FirstPerson/8/NI/NI4PS0MGR5YU5ORXZ31K5W.uasset" 3871
"D:/24cu0220/KONA_BANANA/Content/Characters/Bananacat/bananaCatbananaBones_damaged.uasset" 3872
"/Game/__ExternalActors__/FirstPerson/Lvl_FirstPerson/8/QY/FSMNL3KLM133J5VKZAU0BE" 3873
"D:/24cu0220/KONA_BANANA/Content/__ExternalActors__/FirstPerson/Lvl_FirstPerson/8/QY/FSMNL3KLM133J5VKZAU0BE.uasset" 3874
"/Game/__ExternalActors__/FirstPerson/Lvl_FirstPerson/9/KT/ZTZ2OKUKE0Z8YB9K60X2LR" 3875
"D:/24cu0220/KONA_BANANA/Content/__ExternalActors__/FirstPerson/Lvl_FirstPerson/9/KT/ZTZ2OKUKE0Z8YB9K60X2LR.uasset" 3876
"D:/24cu0220/KONA_BANANA/Content/Map/MAPmodel/honoguraimeiga5.uasset" 3877
"D:/24cu0220/KONA_BANANA/Content/Map/MAPmodel/blinn13.uasset" 3878
"D:/24cu0220/KONA_BANANA/Content/Map/MAPmodel/????????.uasset" 3879
"/Game/__ExternalActors__/FirstPerson/Lvl_FirstPerson/A/6J/PSFW7K1VQ63F1RX4YYLWJW" 3880
"D:/24cu0220/KONA_BANANA/Content/__ExternalActors__/FirstPerson/Lvl_FirstPerson/A/6J/PSFW7K1VQ63F1RX4YYLWJW.uasset" 3881
"D:/24cu0220/KONA_BANANA/Content/Characters/Bananacat/bananaCatbananaBones_sitDown.uasset" 3882
"/Game/__ExternalActors__/FirstPerson/Lvl_FirstPerson/A/FH/BBSDPRY46AWPMD58JC9MLJ" 3883
"D:/24cu0220/KONA_BANANA/Content/__ExternalActors__/FirstPerson/Lvl_FirstPerson/A/FH/BBSDPRY46AWPMD58JC9MLJ.uasset" 3884
"D:/24cu0220/KONA_BANANA/Content/FirstPerson/Blueprints/BP_ForceCrouchingBox.uasset" 3885
"/Game/__ExternalActors__/FirstPerson/Lvl_FirstPerson/B/79/XZGDRUPRFAJTT0BQNMUFUC" 3886
"D:/24cu0220/KONA_BANANA/Content/__ExternalActors__/FirstPerson/Lvl_FirstPerson/B/79/XZGDRUPRFAJTT0BQNMUFUC.uasset" 3887
"/Game/__ExternalActors__/FirstPerson/Lvl_FirstPerson/C/LR/SC1R7I0OV7HHDHSA2MKNEG" 3888
"D:/24cu0220/KONA_BANANA/Content/__ExternalActors__/FirstPerson/Lvl_FirstPerson/C/LR/SC1R7I0OV7HHDHSA2MKNEG.uasset" 3889
"D:/24cu0220/KONA_BANANA/Content/Map/MAPmodel/odayakanameiga2.uasset" 3890
"D:/24cu0220/KONA_BANANA/Content/Map/MAPmodel/blinn15.uasset" 3891
"D:/24cu0220/KONA_BANANA/Content/Map/MAPmodel/????????.uasset" 3892
"/Game/__ExternalActors__/FirstPerson/Lvl_FirstPerson/C/ZT/SLIEP345SGWCF4ZREQ0Y6O" 3893
"D:/24cu0220/KONA_BANANA/Content/__ExternalActors__/FirstPerson/Lvl_FirstPerson/C/ZT/SLIEP345SGWCF4ZREQ0Y6O.uasset" 3894
"D:/24cu0220/KONA_BANANA/Content/Characters/Bananacat/bananaCatbananaBones_idle.uasset" 3895
"/Game/__ExternalActors__/FirstPerson/Lvl_FirstPerson/D/BL/WB7S47W2IE4F23EZ9SLQ1B" 3896
"D:/24cu0220/KONA_BANANA/Content/__ExternalActors__/FirstPerson/Lvl_FirstPerson/D/BL/WB7S47W2IE4F23EZ9SLQ1B.uasset" 3897
"/Game/__ExternalActors__/FirstPerson/Lvl_FirstPerson/D/C7/LHEOZ28EA00LZG55QEAGFH" 3898
"D:/24cu0220/KONA_BANANA/Content/__ExternalActors__/FirstPerson/Lvl_FirstPerson/D/C7/LHEOZ28EA00LZG55QEAGFH.uasset" 3899
"../../../Engine/Content/EngineSky/VolumetricClouds/m_SimpleVolumetricCloud_Inst.uasset" 3900
"../../../Engine/Content/EngineSky/VolumetricClouds/m_SimpleVolumetricCloud.uasset" 3901
"../../../Engine/Content/EngineSky/VolumetricClouds/T_CloudMask.uasset" 3902
"../../../Engine/Content/EngineSky/VolumetricClouds/T_CloudPattern.uasset" 3903
"../../../Engine/Content/EngineSky/VolumetricClouds/T_Profile_08.uasset" 3904
"../../../Engine/Content/EngineSky/VolumetricClouds/VT_PerlinWorley_Balanced.uasset" 3905
"../../../Engine/Content/Functions/Engine_MaterialFunctions01/Units/Km-to-Cm.uasset" 3906
"../../../Engine/Content/Functions/Engine_MaterialFunctions02/Utility/BreakOutFloat4Components.uasset" 3907
"../../../Engine/Content/Functions/Engine_MaterialFunctions02/Utility/MakeFloat4.uasset" 3908
"../../../Engine/Content/EngineSky/VolumetricClouds/VT_Lightning.uasset" 3909
"/Game/__ExternalActors__/FirstPerson/Lvl_FirstPerson/D/IA/2CHSYC4YQIKREAZ0IHLTYB" 3910
"D:/24cu0220/KONA_BANANA/Content/__ExternalActors__/FirstPerson/Lvl_FirstPerson/D/IA/2CHSYC4YQIKREAZ0IHLTYB.uasset" 3911
"D:/24cu0220/KONA_BANANA/Content/Map/MAPmodel/hakanaimeiga9.uasset" 3912
"D:/24cu0220/KONA_BANANA/Content/Map/MAPmodel/blinn12.uasset" 3913
"D:/24cu0220/KONA_BANANA/Content/Map/MAPmodel/???????.uasset" 3914
"/Game/__ExternalActors__/FirstPerson/Lvl_FirstPerson/E/BL/EPDX0AFA3YGAWJ50VJVK22" 3915
"/Engine/EditorResources/EmptyActor" 3916
"../../../Engine/Content/EditorResources/EmptyActor.uasset" 3917
"/Engine/VREditor/SnapGrid/SnapGridPlaneMesh" 3918
"/SpeedTreeImporter/SpeedTree9/SpeedTreeWind" 3919
"/Game/Characters/29-banana/lambert3" 3920
"/Game/Input/Touch/UI_TouchSimple" 3921
"/Game/Characters/Mannequins/Anims/Unarmed/BS_Idle_Walk_Run" 3922
"../../../Engine/Plugins/Interchange/Assets/Shaders/ThinFilmFunctions.usf" 3923
"/Engine/EngineSounds/Submixes/MasterEQSubmixDefault" 3924
"/Engine/EngineSounds/Submixes/MasterSubmixDefault" 3925
"../../../Engine/Plugins/Interchange/Assets/Content/gltf/MaterialInstances/MI_Default_Opaque.uasset" 3926
"../../../Engine/Plugins/Interchange/Assets/Content/gltf/M_Default.uasset" 3927
"../../../Engine/Plugins/Interchange/Assets/Content/gltf/MaterialInstances/MI_Default_Mask.uasset" 3928
"../../../Engine/Plugins/Interchange/Assets/Content/gltf/MaterialInstances/MI_Default_Blend.uasset" 3929
"../../../Engine/Plugins/Interchange/Assets/Content/gltf/MaterialInstances/MI_Default_Opaque_DS.uasset" 3930
"../../../Engine/Plugins/Interchange/Assets/Content/gltf/MaterialBodies/MF_Sheen_Body.uasset" 3931
"../../../Engine/Plugins/Interchange/Assets/Content/gltf/MaterialFunctions/MF_Sheen.uasset" 3932
"../../../Engine/Plugins/Interchange/Assets/Content/gltf/MaterialInstances/MI_Default_Blend_DS.uasset" 3933
"../../../Engine/Plugins/Interchange/Assets/Content/gltf/MaterialInstances/MI_Default_Mask_DS.uasset" 3934
"../../../Engine/Plugins/Interchange/Assets/Content/gltf/M_Sheen.uasset" 3935
"../../../Engine/Plugins/Interchange/Assets/Content/gltf/MaterialInstances/MI_Sheen_Opaque.uasset" 3936
"../../../Engine/Plugins/Interchange/Assets/Content/gltf/MaterialInstances/MI_Sheen_Opaque_DS.uasset" 3937
"../../../Engine/Plugins/Interchange/Assets/Content/gltf/MaterialInstances/MI_Sheen_Mask_DS.uasset" 3938
"../../../Engine/Plugins/Interchange/Assets/Content/gltf/MaterialInstances/MI_Sheen_Mask.uasset" 3939
"../../../Engine/Plugins/Interchange/Assets/Content/gltf/MaterialInstances/MI_Sheen_Blend.uasset" 3940
"../../../Engine/Plugins/Interchange/Assets/Content/gltf/MaterialInstances/MI_Sheen_Blend_DS.uasset" 3941
"../../../Engine/Plugins/Interchange/Assets/Content/gltf/MaterialBodies/MF_Transmission_Body.uasset" 3942
"../../../Engine/Plugins/Interchange/Assets/Content/gltf/MaterialFunctions/MF_Transmission.uasset" 3943
"../../../Engine/Plugins/Interchange/Assets/Content/gltf/MaterialFunctions/MF_Fresnel_DS.uasset" 3944
"../../../Engine/Plugins/Interchange/Assets/Content/gltf/MaterialFunctions/MF_Temporal_Blur.uasset" 3945
"../../../Engine/Plugins/Interchange/Assets/Content/gltf/M_Transmission.uasset" 3946
"../../../Engine/Content/Functions/Engine_MaterialFunctions02/Texturing/ScreenAlignedPixelToPixelUVs.uasset" 3947
"../../../Engine/Plugins/Interchange/Assets/Content/gltf/MaterialFunctions/MF_PerceivedBrightness.uasset" 3948
"../../../Engine/Content/Functions/Engine_MaterialFunctions02/Math/AddComponents.uasset" 3949
"../../../Engine/Plugins/Interchange/Assets/Content/gltf/MaterialInstances/MI_Transmission_DS.uasset" 3950
"../../../Engine/Plugins/Interchange/Assets/Content/gltf/MaterialInstances/MI_Transmission.uasset" 3951
"../../../Engine/Plugins/Interchange/Assets/Content/gltf/MaterialFunctions/MF_SpecGlossToMetalRoughness.uasset" 3952
"/InterchangeAssets/gltf/MaterialInstances/MI_ClearCoat_Blend" 3953
"/InterchangeAssets/gltf/MaterialBodies/MF_Default_Body" 3954
"/InterchangeAssets/gltf/MaterialInstances/MI_ClearCoat_Blend_DS" 3955
"/InterchangeAssets/gltf/MaterialInstances/MI_ClearCoat_Mask_DS" 3956
"/InterchangeAssets/gltf/MaterialInstances/MI_ClearCoat_Opaque_DS" 3957
"/InterchangeAssets/gltf/MaterialFunctions/MF_SpecGlossToMetalRoughness" 3958
"/InterchangeAssets/gltf/MaterialInstances/MI_Transmission_DS" 3959
"../../../Engine/Plugins/Interchange/Assets/Content/gltf/MaterialFunctions/MF_MaxComponentValue.uasset" 3960
"../../../Engine/Plugins/Interchange/Assets/Content/gltf/MaterialFunctions/MF_DiffuseSpecGloss.uasset" 3961
"../../../Engine/Plugins/Interchange/Assets/Content/gltf/M_SpecularGlossiness.uasset" 3962
"../../../Engine/Plugins/Interchange/Assets/Content/gltf/MaterialInstances/MI_SpecularGlossiness_Opaque.uasset" 3963
"/InterchangeAssets/gltf/MaterialInstances/MI_Transmission" 3964
"/InterchangeAssets/gltf/MaterialInstances/MI_Sheen_Blend_DS" 3965
"../../../Engine/Plugins/Interchange/Assets/Content/gltf/MaterialBodies/MF_SpecularGlossiness_Body.uasset" 3966
"/InterchangeAssets/gltf/MaterialInstances/MI_Sheen_Mask_DS" 3967
"/InterchangeAssets/gltf/MaterialInstances/MI_Sheen_Opaque_DS" 3968
"/InterchangeAssets/gltf/MaterialInstances/MI_Sheen_Blend" 3969
"/InterchangeAssets/gltf/MaterialInstances/MI_Sheen_Mask" 3970
"/InterchangeAssets/gltf/MaterialInstances/MI_Sheen_Opaque" 3971
"/InterchangeAssets/gltf/MaterialInstances/MI_Default_Blend_DS" 3972
"/InterchangeAssets/gltf/MaterialInstances/MI_Default_Mask_DS" 3973
"/InterchangeAssets/gltf/MaterialInstances/MI_Default_Opaque_DS" 3974
"/InterchangeAssets/gltf/MaterialInstances/MI_Default_Blend" 3975
"/InterchangeAssets/gltf/MaterialInstances/MI_Default_Mask" 3976
"/InterchangeAssets/gltf/MaterialInstances/MI_Default_Opaque" 3977
"/InterchangeAssets/gltf/MaterialInstances/MI_SpecularGlossiness_Opaque" 3978
"../../../Engine/Plugins/Interchange/Assets/Content/gltf/MaterialInstances/MI_SpecularGlossiness_Opaque_DS.uasset" 3979
"../../../Engine/Plugins/Interchange/Assets/Content/gltf/MaterialInstances/MI_SpecularGlossiness_Blend.uasset" 3980
"../../../Engine/Plugins/Interchange/Assets/Content/gltf/MaterialInstances/MI_SpecularGlossiness_Mask.uasset" 3981
"../../../Engine/Plugins/Interchange/Assets/Content/gltf/MaterialInstances/MI_SpecularGlossiness_Mask_DS.uasset" 3982
"../../../Engine/Plugins/Interchange/Assets/Content/gltf/MaterialInstances/MI_Unlit_Blend.uasset" 3983
"../../../Engine/Plugins/Interchange/Assets/Content/gltf/MaterialInstances/MI_Unlit_Mask_DS.uasset" 3984
"../../../Engine/Plugins/Interchange/Assets/Content/gltf/MaterialInstances/MI_Unlit_Opaque_DS.uasset" 3985
"../../../Engine/Plugins/Interchange/Assets/Content/gltf/MaterialInstances/MI_Unlit_Blend_DS.uasset" 3986
"../../../Engine/Content/Functions/Engine_MaterialFunctions01/Volumetrics/BeersLaw.uasset" 3987
"/Engine/Functions/Engine_MaterialFunctions01/Volumetrics/BeersLaw" 3988
"/InterchangeAssets/gltf/MaterialInstances/MI_SpecularGlossiness_Mask_DS" 3989
"../../../Engine/Plugins/Interchange/Assets/Content/gltf/MaterialInstances/MI_Unlit_Opaque.uasset" 3990
"/InterchangeAssets/gltf/MaterialInstances/MI_SpecularGlossiness_Opaque_DS" 3991
"/InterchangeAssets/gltf/MaterialInstances/MI_SpecularGlossiness_Blend" 3992
"/InterchangeAssets/gltf/MaterialInstances/MI_SpecularGlossiness_Mask" 3993
"../../../Engine/Plugins/Interchange/Assets/Content/gltf/MaterialInstances/MI_SpecularGlossiness_Blend_DS.uasset" 3994
"../../../Engine/Plugins/Interchange/Assets/Content/Functions/MF_OrenNayerView.uasset" 3995
"../../../Engine/Plugins/Interchange/Assets/Content/Functions/MX_StandardSurface.uasset" 3996
"../../../Engine/Plugins/Interchange/Assets/Content/gltf/M_Unlit.uasset" 3997
"../../../Engine/Content/Functions/Substrate/MF_SchlickInternal.uasset" 3998
"../../../Engine/Plugins/Interchange/Assets/Content/gltf/MaterialBodies/MF_Unlit_Body.uasset" 3999
"../../../Engine/Plugins/Interchange/Assets/Content/Functions/MX_OpenPBR_Translucent.uasset" 4000
"../../../Engine/Plugins/Interchange/Assets/Content/Functions/MX_TransmissionSurface.uasset" 4001
"../../../Engine/Plugins/Interchange/Assets/Content/gltf/MaterialInstances/MI_Unlit_Mask.uasset" 4002
"../../../Engine/Plugins/Animation/ControlRig/Content/Controls/ControlRig_Arrow_3mm.uasset" 4003
"../../../Engine/Plugins/Animation/ControlRig/Content/Controls/ControlRig_Arrow_1mm.uasset" 4004
"../../../Engine/Plugins/Animation/ControlRig/Content/Controls/ControlRig_Arrow4_solid.uasset" 4005
"../../../Engine/Plugins/Animation/ControlRig/Content/Controls/ControlRig_Arrow2_1mm.uasset" 4006
"../../../Engine/Plugins/Animation/ControlRig/Content/Controls/ControlRig_Arrow2_3mm.uasset" 4007
"../../../Engine/Plugins/Animation/ControlRig/Content/Controls/ControlRig_Arrow2_solid.uasset" 4008
"../../../Engine/Plugins/Animation/ControlRig/Content/Controls/ControlRig_Arrow4_3mm.uasset" 4009
"../../../Engine/Plugins/Interchange/Assets/Content/Functions/MX_Transmission.uasset" 4010
"../../../Engine/Plugins/Animation/ControlRig/Content/Controls/ControlRig_Circle_1mm.uasset" 4011
"../../../Engine/Plugins/Animation/ControlRig/Content/Controls/ControlRig_Box_1mm.uasset" 4012
"../../../Engine/Plugins/Animation/ControlRig/Content/Controls/ControlRig_Box_3mm.uasset" 4013
"../../../Engine/Plugins/Animation/ControlRig/Content/Controls/ControlRig_Circle_3mm.uasset" 4014
"../../../Engine/Plugins/Animation/ControlRig/Content/Controls/ControlRig_Circle_solid.uasset" 4015
"../../../Engine/Plugins/Animation/ControlRig/Content/Controls/ControlRig_Box_solid.uasset" 4016
"/ControlRig/Controls/ControlRig_Box_1mm" 4017
"../../../Engine/Plugins/Animation/ControlRig/Content/Controls/ControlRig_Arrow_solid.uasset" 4018
"../../../Engine/Plugins/Interchange/Assets/Content/Functions/MX_OpenPBR_Opaque.uasset" 4019
"../../../Engine/Plugins/Animation/ControlRig/Content/Controls/ControlRig_Sphere_solid.uasset" 4020
"/ControlRig/Controls/ControlRig_Arrow4_3mm" 4021
"../../../Engine/Plugins/Animation/ControlRig/Content/Controls/ControlRig_Arrow4_1mm.uasset" 4022
"/ControlRig/Controls/ControlRig_Arrow_3mm" 4023
"/ControlRig/Controls/ControlRig_Arrow_1mm" 4024
"/ControlRig/Controls/ControlRig_Arrow4_solid" 4025
"/ControlRig/Controls/ControlRig_Arrow2_solid" 4026
"/ControlRig/Controls/ControlRig_Arrow2_3mm" 4027
"/ControlRig/Controls/ControlRig_Arrow2_1mm" 4028
"/InterchangeAssets/Functions/MX_OpenPBR_Translucent" 4029
"/ControlRig/Controls/ControlRig_Circle_solid" 4030
"/InterchangeAssets/gltf/MaterialInstances/MI_Unlit_Blend_DS" 4031
"/InterchangeAssets/gltf/MaterialInstances/MI_Unlit_Mask_DS" 4032
"/InterchangeAssets/gltf/MaterialInstances/MI_Unlit_Opaque_DS" 4033
"/InterchangeAssets/gltf/MaterialInstances/MI_Unlit_Blend" 4034
"/InterchangeAssets/gltf/MaterialInstances/MI_Unlit_Mask" 4035
"/InterchangeAssets/gltf/MaterialInstances/MI_Unlit_Opaque" 4036
"/InterchangeAssets/gltf/MaterialInstances/MI_SpecularGlossiness_Blend_DS" 4037
"/ControlRig/Controls/ControlRig_Circle_3mm" 4038
"/ControlRig/Controls/ControlRig_Circle_1mm" 4039
"/ControlRig/Controls/ControlRig_Box_solid" 4040
"/ControlRig/Controls/ControlRig_Box_3mm" 4041
"/ControlRig/Controls/ControlRig_Arrow4_1mm" 4042
"/ControlRig/Controls/ControlRig_Arrow_solid" 4043
"/ControlRig/Controls/ControlRig_Sphere_solid" 4044
"/InterchangeAssets/Functions/MX_OpenPBR_Opaque" 4045
"../../../Engine/Plugins/Animation/ControlRig/Content/Controls/ControlRig_Diamond_1mm.uasset" 4046
"../../../Engine/Plugins/Animation/ControlRig/Content/Controls/ControlRig_Diamond_3mm.uasset" 4047
"../../../Engine/Plugins/Animation/ControlRig/Content/Controls/ControlRig_HalfCircle_1mm.uasset" 4048
"../../../Engine/Plugins/Animation/ControlRig/Content/Controls/ControlRig_Diamond_solid.uasset" 4049
"../../../Engine/Plugins/Animation/ControlRig/Content/Controls/ControlRig_HalfCircle_3mm.uasset" 4050
"/ControlRig/Controls/ControlRig_HalfCircle_1mm" 4051
"../../../Engine/Plugins/Animation/ControlRig/Content/Controls/ControlRig_Hexagon_3mm.uasset" 4052
"../../../Engine/Plugins/Animation/ControlRig/Content/Controls/ControlRig_Hexagon_1mm.uasset" 4053
"../../../Engine/Plugins/Animation/ControlRig/Content/Controls/ControlRig_HalfCircle_solid.uasset" 4054
"../../../Engine/Plugins/Animation/ControlRig/Content/Controls/ControlRig_Octagon_solid.uasset" 4055
"../../../Engine/Plugins/Animation/ControlRig/Content/Controls/ControlRig_Octagon_1mm.uasset" 4056
"../../../Engine/Plugins/Animation/ControlRig/Content/Controls/ControlRig_Octagon_3mm.uasset" 4057
"../../../Engine/Plugins/Animation/ControlRig/Content/Controls/ControlRig_Hexagon_solid.uasset" 4058
"../../../Engine/Plugins/Animation/ControlRig/Content/Controls/ControlRig_QuarterCircle_1mm.uasset" 4059
"../../../Engine/Plugins/Animation/ControlRig/Content/Controls/ControlRig_Pyramid_1mm.uasset" 4060
"../../../Engine/Plugins/Animation/ControlRig/Content/Controls/ControlRig_Pyramid_solid.uasset" 4061
"../../../Engine/Plugins/Animation/ControlRig/Content/Controls/ControlRig_QuarterCircle_3mm.uasset" 4062
"../../../Engine/Plugins/Animation/ControlRig/Content/Controls/ControlRig_Pyramid_3mm.uasset" 4063
"../../../Engine/Plugins/Animation/ControlRig/Content/Controls/ControlRig_RoundedSquare_1mm.uasset" 4064
"../../../Engine/Plugins/Animation/ControlRig/Content/Controls/ControlRig_RoundedSquare_solid.uasset" 4065
"../../../Engine/Plugins/Animation/ControlRig/Content/Controls/ControlRig_RoundedSquare_3mm.uasset" 4066
"../../../Engine/Plugins/Animation/ControlRig/Content/Controls/ControlRig_QuarterCircle_solid.uasset" 4067
"../../../Engine/Plugins/Animation/ControlRig/Content/Controls/ControlRig_RoundedTriangle_1mm.uasset" 4068
"../../../Engine/Plugins/Animation/ControlRig/Content/Controls/ControlRig_Sphere_3mm.uasset" 4069
"../../../Engine/Plugins/Animation/ControlRig/Content/Controls/ControlRig_RoundedTriangle_solid.uasset" 4070
"../../../Engine/Plugins/Animation/ControlRig/Content/Controls/ControlRig_Square_1mm.uasset" 4071
"../../../Engine/Plugins/Animation/ControlRig/Content/Controls/ControlRig_Sphere_1mm.uasset" 4072
"../../../Engine/Plugins/Animation/ControlRig/Content/Controls/ControlRig_RoundedTriangle_3mm.uasset" 4073
"../../../Engine/Plugins/Animation/ControlRig/Content/Controls/ControlRig_Square_3mm.uasset" 4074
"../../../Engine/Plugins/Animation/ControlRig/Content/Controls/ControlRig_Star4_solid.uasset" 4075
"../../../Engine/Plugins/Animation/ControlRig/Content/Controls/ControlRig_Star4_3mm.uasset" 4076
"../../../Engine/Plugins/Animation/ControlRig/Content/Controls/ControlRig_Square_solid.uasset" 4077
"../../../Engine/Plugins/Animation/ControlRig/Content/Controls/ControlRig_Star4_1mm.uasset" 4078
"/ControlRig/Controls/ControlRig_Diamond_solid" 4079
"/ControlRig/Controls/ControlRig_Diamond_3mm" 4080
"/ControlRig/Controls/ControlRig_Diamond_1mm" 4081
"/ControlRig/Controls/ControlRig_HalfCircle_3mm" 4082
"/ControlRig/Controls/ControlRig_Star4_solid" 4083
"../../../Engine/Plugins/Animation/ControlRig/Content/Controls/ControlRig_Triangle_3mm.uasset" 4084
"../../../Engine/Plugins/Animation/ControlRig/Content/Controls/ControlRig_Triangle_solid.uasset" 4085
"../../../Engine/Plugins/Animation/ControlRig/Content/Controls/ControlRig_Triangle_1mm.uasset" 4086
"../../../Engine/Plugins/Animation/ControlRig/Content/Controls/ControlRig_Wedge_1mm.uasset" 4087
"../../../Engine/Plugins/Animation/ControlRig/Content/Controls/ControlRig_Wedge_3mm.uasset" 4088
"/ControlRig/Controls/ControlRig_Star4_3mm" 4089
"/ControlRig/Controls/ControlRig_Star4_1mm" 4090
"/ControlRig/Controls/ControlRig_Square_solid" 4091
"/ControlRig/Controls/ControlRig_Square_3mm" 4092
"/ControlRig/Controls/ControlRig_Square_1mm" 4093
"/ControlRig/Controls/ControlRig_Sphere_3mm" 4094
"/ControlRig/Controls/ControlRig_Sphere_1mm" 4095
"/ControlRig/Controls/ControlRig_RoundedTriangle_solid" 4096
"/ControlRig/Controls/ControlRig_RoundedTriangle_3mm" 4097
"/ControlRig/Controls/ControlRig_RoundedTriangle_1mm" 4098
"/ControlRig/Controls/ControlRig_RoundedSquare_solid" 4099
"/ControlRig/Controls/ControlRig_RoundedSquare_3mm" 4100
"/ControlRig/Controls/ControlRig_RoundedSquare_1mm" 4101
"/ControlRig/Controls/ControlRig_QuarterCircle_solid" 4102
"/ControlRig/Controls/ControlRig_QuarterCircle_3mm" 4103
"/ControlRig/Controls/ControlRig_QuarterCircle_1mm" 4104
"/ControlRig/Controls/ControlRig_Pyramid_solid" 4105
"/ControlRig/Controls/ControlRig_Pyramid_3mm" 4106
"/ControlRig/Controls/ControlRig_Pyramid_1mm" 4107
"/ControlRig/Controls/ControlRig_Octagon_solid" 4108
"/ControlRig/Controls/ControlRig_Octagon_3mm" 4109
"/ControlRig/Controls/ControlRig_Octagon_1mm" 4110
"/ControlRig/Controls/ControlRig_Hexagon_solid" 4111
"/ControlRig/Controls/ControlRig_Hexagon_3mm" 4112
"/ControlRig/Controls/ControlRig_Hexagon_1mm" 4113
"/ControlRig/Controls/ControlRig_HalfCircle_solid" 4114
"../../../Engine/Plugins/Animation/ControlRig/Content/Controls/ControlRig_Wedge_solid.uasset" 4115
"../../../Engine/Content/Maps/Entry_BuiltData.uasset" 4116
"../../../Engine/Content/Maps/Entry.umap" 4117
"/ControlRig/Controls/ControlRig_Wedge_3mm" 4118
"/ControlRig/Controls/ControlRig_Wedge_1mm" 4119
"/ControlRig/Controls/ControlRig_Triangle_solid" 4120
"/ControlRig/Controls/ControlRig_Triangle_3mm" 4121
"/ControlRig/Controls/ControlRig_Triangle_1mm" 4122
"/Engine/Maps/Entry" 4123
"/ControlRig/Controls/ControlRig_Wedge_solid" 4124
"../../../Engine/Content/EditorMaterials/PreviewShadowIndicator.uasset" 4125
"../../../Engine/Content/EditorMaterials/PreviewShadowIndicatorMaterial.uasset" 4126
"../../../Engine/Content/EngineMaterials/Substrate/GLints/dict_16_192_64_0p5_0p02_0063_0014.uasset" 4127
"../../../Engine/Content/EngineMaterials/Substrate/GLints/dict_16_192_64_0p5_0p02_0063_0015.uasset" 4128
"../../../Engine/Content/EngineMaterials/Substrate/GLints/dict_16_192_64_0p5_0p02_0063_0012.uasset" 4129
"../../../Engine/Content/EngineMaterials/Substrate/GLints/dict_16_192_64_0p5_0p02_0063_0008.uasset" 4130
"../../../Engine/Content/EngineMaterials/Substrate/GLints/dict_16_192_64_0p5_0p02_0063_0009.uasset" 4131
"../../../Engine/Content/EngineMaterials/Substrate/GLints/dict_16_192_64_0p5_0p02_0063_0005.uasset" 4132
"../../../Engine/Content/EngineMaterials/Substrate/GLints/dict_16_192_64_0p5_0p02_0063_0006.uasset" 4133
"../../../Engine/Content/EngineMaterials/Substrate/GLints/dict_16_192_64_0p5_0p02_0062_0015.uasset" 4134
"../../../Engine/Content/EngineMaterials/Substrate/GLints/dict_16_192_64_0p5_0p02_0063_0004.uasset" 4135
"../../../Engine/Content/EngineMaterials/Substrate/GLints/dict_16_192_64_0p5_0p02_0063_0000.uasset" 4136
"../../../Engine/Content/EngineMaterials/Substrate/GLints/dict_16_192_64_0p5_0p02_0063_0001.uasset" 4137
"../../../Engine/Content/EngineMaterials/Substrate/GLints/dict_16_192_64_0p5_0p02_0062_0012.uasset" 4138
"../../../Engine/Content/EngineMaterials/Substrate/GLints/dict_16_192_64_0p5_0p02_0062_0013.uasset" 4139
"../../../Engine/Content/EngineMaterials/Substrate/GLints/dict_16_192_64_0p5_0p02_0062_0010.uasset" 4140
"../../../Engine/Content/EngineMaterials/Substrate/GLints/dict_16_192_64_0p5_0p02_0062_0007.uasset" 4141
"../../../Engine/Content/EngineMaterials/Substrate/GLints/dict_16_192_64_0p5_0p02_0062_0009.uasset" 4142
"../../../Engine/Content/EngineMaterials/Substrate/GLints/dict_16_192_64_0p5_0p02_0062_0008.uasset" 4143
"../../../Engine/Content/EngineMaterials/Substrate/GLints/dict_16_192_64_0p5_0p02_0063_0003.uasset" 4144
"../../../Engine/Content/EngineMaterials/Substrate/GLints/dict_16_192_64_0p5_0p02_0062_0005.uasset" 4145
"../../../Engine/Content/EngineMaterials/Substrate/GLints/dict_16_192_64_0p5_0p02_0062_0004.uasset" 4146
"../../../Engine/Content/EngineMaterials/Substrate/GLints/dict_16_192_64_0p5_0p02_0062_0006.uasset" 4147
"../../../Engine/Content/EngineMaterials/Substrate/GLints/dict_16_192_64_0p5_0p02_0062_0003.uasset" 4148
"../../../Engine/Content/EngineMaterials/Substrate/GLints/dict_16_192_64_0p5_0p02_0062_0002.uasset" 4149
"../../../Engine/Content/EngineMaterials/Substrate/GLints/dict_16_192_64_0p5_0p02_0063_0010.uasset" 4150
"../../../Engine/Content/EngineMaterials/Substrate/GLints/dict_16_192_64_0p5_0p02_0063_0007.uasset" 4151
"../../../Engine/Content/EngineMaterials/Substrate/GLints/dict_16_192_64_0p5_0p02_0063_0013.uasset" 4152
"../../../Engine/Content/EngineMaterials/Substrate/GLints/dict_16_192_64_0p5_0p02_0062_0014.uasset" 4153
"../../../Engine/Content/EngineMaterials/Substrate/GLints/dict_16_192_64_0p5_0p02_0063_0011.uasset" 4154
"../../../Engine/Content/EngineMaterials/Substrate/GLints/dict_16_192_64_0p5_0p02_0063_0002.uasset" 4155
"../../../Engine/Content/EngineMaterials/Substrate/GLints/dict_16_192_64_0p5_0p02_0062_0011.uasset" 4156
"/Engine/EngineMaterials/Substrate/GLints/dict_16_192_64_0p5_0p02_0062_0002" 4157
"/Engine/EngineMaterials/Substrate/GLints/dict_16_192_64_0p5_0p02_0062_0003" 4158
"/Engine/EngineMaterials/Substrate/GLints/dict_16_192_64_0p5_0p02_0063_0010" 4159
"/Engine/EngineMaterials/Substrate/GLints/dict_16_192_64_0p5_0p02_0063_0011" 4160
"/Engine/EngineMaterials/Substrate/GLints/dict_16_192_64_0p5_0p02_0062_0004" 4161
"/Engine/EngineMaterials/Substrate/GLints/dict_16_192_64_0p5_0p02_0062_0005" 4162
"/Engine/EngineMaterials/Substrate/GLints/dict_16_192_64_0p5_0p02_0062_0006" 4163
"/Engine/EngineMaterials/Substrate/GLints/dict_16_192_64_0p5_0p02_0062_0007" 4164
"/Engine/EngineMaterials/Substrate/GLints/dict_16_192_64_0p5_0p02_0062_0008" 4165
"/Engine/EngineMaterials/Substrate/GLints/dict_16_192_64_0p5_0p02_0062_0009" 4166
"/Engine/EngineMaterials/Substrate/GLints/dict_16_192_64_0p5_0p02_0063_0012" 4167
"/Engine/EngineMaterials/Substrate/GLints/dict_16_192_64_0p5_0p02_0063_0013" 4168
"/Engine/EngineMaterials/Substrate/GLints/dict_16_192_64_0p5_0p02_0062_0010" 4169
"/Engine/EngineMaterials/Substrate/GLints/dict_16_192_64_0p5_0p02_0062_0011" 4170
"/Engine/EngineMaterials/Substrate/GLints/dict_16_192_64_0p5_0p02_0062_0012" 4171
"/Engine/EngineMaterials/Substrate/GLints/dict_16_192_64_0p5_0p02_0062_0013" 4172
"/Engine/EngineMaterials/Substrate/GLints/dict_16_192_64_0p5_0p02_0062_0014" 4173
"/Engine/EngineMaterials/Substrate/GLints/dict_16_192_64_0p5_0p02_0062_0015" 4174
"/Engine/EngineMaterials/Substrate/GLints/dict_16_192_64_0p5_0p02_0063_0000" 4175
"/Engine/EngineMaterials/Substrate/GLints/dict_16_192_64_0p5_0p02_0063_0001" 4176
"/Engine/EngineMaterials/Substrate/GLints/dict_16_192_64_0p5_0p02_0063_0002" 4177
"/Engine/EngineMaterials/Substrate/GLints/dict_16_192_64_0p5_0p02_0063_0003" 4178
"/Engine/EngineMaterials/Substrate/GLints/dict_16_192_64_0p5_0p02_0063_0004" 4179
"/Engine/EngineMaterials/Substrate/GLints/dict_16_192_64_0p5_0p02_0063_0005" 4180
"/Engine/EngineMaterials/Substrate/GLints/dict_16_192_64_0p5_0p02_0063_0006" 4181
"/Engine/EngineMaterials/Substrate/GLints/dict_16_192_64_0p5_0p02_0063_0007" 4182
"/Engine/EngineMaterials/Substrate/GLints/dict_16_192_64_0p5_0p02_0063_0008" 4183
"/Engine/EngineMaterials/Substrate/GLints/dict_16_192_64_0p5_0p02_0063_0009" 4184
"/Engine/EngineMaterials/Substrate/GLints/dict_16_192_64_0p5_0p02_0063_0015" 4185
"/Engine/EditorMaterials/PreviewShadowIndicatorMaterial" 4186
"/Engine/EngineMaterials/Substrate/GLints/dict_16_192_64_0p5_0p02_0063_0014" 4187
"../../../Engine/Plugins/Animation/DeformerGraph/Shaders/Private/DataInterfaceCustomComputeKernel.ush" 4188
"../../../Engine/Plugins/Animation/DeformerGraph/Shaders/Private/DataInterfaceCloth.ush" 4189
"../../../Engine/Plugins/Animation/DeformerGraph/Shaders/Private/DataInterfaceSkinnedMeshRead.ush" 4190
"../../../Engine/Plugins/Animation/DeformerGraph/Shaders/Private/DataInterfaceSkeleton.ush" 4191
"../../../Engine/Plugins/Animation/DeformerGraph/Shaders/Private/DataInterfaceSkeletonCommon.ush" 4192
"../../../Engine/Plugins/Animation/DeformerGraph/Shaders/Private/DataInterfaceMorphTarget.ush" 4193
"../../../Engine/Plugins/Animation/DeformerGraph/Shaders/Private/DataInterfaceSkinnedMeshWrite.ush" 4194
"../../../Engine/Content/EngineMaterials/Substrate/GLints/dict_16_192_64_0p5_0p02_0061_0014.uasset" 4195
"../../../Engine/Content/EngineMaterials/Substrate/GLints/dict_16_192_64_0p5_0p02_0062_0000.uasset" 4196
"../../../Engine/Content/EngineMaterials/Substrate/GLints/dict_16_192_64_0p5_0p02_0061_0015.uasset" 4197
"../../../Engine/Content/EngineMaterials/Substrate/GLints/dict_16_192_64_0p5_0p02_0061_0013.uasset" 4198
"../../../Engine/Content/EngineMaterials/Substrate/GLints/dict_16_192_64_0p5_0p02_0061_0011.uasset" 4199
"../../../Engine/Content/EngineMaterials/Substrate/GLints/dict_16_192_64_0p5_0p02_0061_0009.uasset" 4200
"../../../Engine/Content/EngineMaterials/Substrate/GLints/dict_16_192_64_0p5_0p02_0061_0010.uasset" 4201
"../../../Engine/Content/EngineMaterials/Substrate/GLints/dict_16_192_64_0p5_0p02_0061_0004.uasset" 4202
"../../../Engine/Content/EngineMaterials/Substrate/GLints/dict_16_192_64_0p5_0p02_0061_0003.uasset" 4203
"../../../Engine/Content/EngineMaterials/Substrate/GLints/dict_16_192_64_0p5_0p02_0061_0001.uasset" 4204
"../../../Engine/Content/EngineMaterials/Substrate/GLints/dict_16_192_64_0p5_0p02_0061_0002.uasset" 4205
"../../../Engine/Content/EngineMaterials/Substrate/GLints/dict_16_192_64_0p5_0p02_0060_0015.uasset" 4206
"../../../Engine/Content/EngineMaterials/Substrate/GLints/dict_16_192_64_0p5_0p02_0060_0014.uasset" 4207
"../../../Engine/Content/EngineMaterials/Substrate/GLints/dict_16_192_64_0p5_0p02_0060_0013.uasset" 4208
"../../../Engine/Content/EngineMaterials/Substrate/GLints/dict_16_192_64_0p5_0p02_0061_0007.uasset" 4209
"../../../Engine/Content/EngineMaterials/Substrate/GLints/dict_16_192_64_0p5_0p02_0060_0010.uasset" 4210
"../../../Engine/Content/EngineMaterials/Substrate/GLints/dict_16_192_64_0p5_0p02_0060_0008.uasset" 4211
"../../../Engine/Content/EngineMaterials/Substrate/GLints/dict_16_192_64_0p5_0p02_0060_0007.uasset" 4212
"../../../Engine/Content/EngineMaterials/Substrate/GLints/dict_16_192_64_0p5_0p02_0060_0009.uasset" 4213
"../../../Engine/Content/EngineMaterials/Substrate/GLints/dict_16_192_64_0p5_0p02_0060_0011.uasset" 4214
"../../../Engine/Content/EngineMaterials/Substrate/GLints/dict_16_192_64_0p5_0p02_0060_0006.uasset" 4215
"../../../Engine/Content/EngineMaterials/Substrate/GLints/dict_16_192_64_0p5_0p02_0060_0004.uasset" 4216
"../../../Engine/Content/EngineMaterials/Substrate/GLints/dict_16_192_64_0p5_0p02_0060_0003.uasset" 4217
"../../../Engine/Content/EngineMaterials/Substrate/GLints/dict_16_192_64_0p5_0p02_0060_0005.uasset" 4218
"../../../Engine/Content/EngineMaterials/Substrate/GLints/dict_16_192_64_0p5_0p02_0061_0008.uasset" 4219
"../../../Engine/Content/EngineMaterials/Substrate/GLints/dict_16_192_64_0p5_0p02_0060_0002.uasset" 4220
"../../../Engine/Content/EngineMaterials/Substrate/GLints/dict_16_192_64_0p5_0p02_0062_0001.uasset" 4221
"../../../Engine/Content/EngineMaterials/Substrate/GLints/dict_16_192_64_0p5_0p02_0061_0000.uasset" 4222
"../../../Engine/Content/EngineMaterials/Substrate/GLints/dict_16_192_64_0p5_0p02_0061_0012.uasset" 4223
"../../../Engine/Content/EngineMaterials/Substrate/GLints/dict_16_192_64_0p5_0p02_0061_0006.uasset" 4224
"../../../Engine/Content/EngineMaterials/Substrate/GLints/dict_16_192_64_0p5_0p02_0061_0005.uasset" 4225
"../../../Engine/Content/EngineMaterials/Substrate/GLints/dict_16_192_64_0p5_0p02_0060_0012.uasset" 4226
"../../../Engine/Plugins/Animation/DeformerGraph/Shaders/Private/DataInterfaceRawBuffer.ush" 4227
"../../../Engine/Plugins/Runtime/ComputeFramework/Shaders/Private/BufferAlias.ush" 4228
"../../../Engine/Plugins/Animation/DeformerGraph/Shaders/Private/DataInterfaceSkinnedMesh.ush" 4229
"../../../Engine/Plugins/Animation/DeformerGraph/Shaders/Private/DataInterfaceHalfEdge.ush" 4230
"/Engine/EngineMaterials/Substrate/GLints/dict_16_192_64_0p5_0p02_0060_0002" 4231
"/Engine/EngineMaterials/Substrate/GLints/dict_16_192_64_0p5_0p02_0060_0003" 4232
"/Engine/EngineMaterials/Substrate/GLints/dict_16_192_64_0p5_0p02_0060_0004" 4233
"/Engine/EngineMaterials/Substrate/GLints/dict_16_192_64_0p5_0p02_0060_0005" 4234
"/Engine/EngineMaterials/Substrate/GLints/dict_16_192_64_0p5_0p02_0060_0006" 4235
"/Engine/EngineMaterials/Substrate/GLints/dict_16_192_64_0p5_0p02_0060_0007" 4236
"/Engine/EngineMaterials/Substrate/GLints/dict_16_192_64_0p5_0p02_0060_0008" 4237
"/Engine/EngineMaterials/Substrate/GLints/dict_16_192_64_0p5_0p02_0060_0009" 4238
"/Engine/EngineMaterials/Substrate/GLints/dict_16_192_64_0p5_0p02_0060_0010" 4239
"/Engine/EngineMaterials/Substrate/GLints/dict_16_192_64_0p5_0p02_0060_0011" 4240
"/Engine/EngineMaterials/Substrate/GLints/dict_16_192_64_0p5_0p02_0060_0012" 4241
"/Engine/EngineMaterials/Substrate/GLints/dict_16_192_64_0p5_0p02_0060_0013" 4242
"/Engine/EngineMaterials/Substrate/GLints/dict_16_192_64_0p5_0p02_0060_0014" 4243
"/Engine/EngineMaterials/Substrate/GLints/dict_16_192_64_0p5_0p02_0060_0015" 4244
"/Engine/EngineMaterials/Substrate/GLints/dict_16_192_64_0p5_0p02_0061_0000" 4245
"/Engine/EngineMaterials/Substrate/GLints/dict_16_192_64_0p5_0p02_0061_0001" 4246
"/Engine/EngineMaterials/Substrate/GLints/dict_16_192_64_0p5_0p02_0061_0002" 4247
"/Engine/EngineMaterials/Substrate/GLints/dict_16_192_64_0p5_0p02_0061_0003" 4248
"/Engine/EngineMaterials/Substrate/GLints/dict_16_192_64_0p5_0p02_0061_0004" 4249
"/Engine/EngineMaterials/Substrate/GLints/dict_16_192_64_0p5_0p02_0061_0005" 4250
"/Engine/EngineMaterials/Substrate/GLints/dict_16_192_64_0p5_0p02_0061_0006" 4251
"/Engine/EngineMaterials/Substrate/GLints/dict_16_192_64_0p5_0p02_0061_0007" 4252
"/Engine/EngineMaterials/Substrate/GLints/dict_16_192_64_0p5_0p02_0061_0008" 4253
"/Engine/EngineMaterials/Substrate/GLints/dict_16_192_64_0p5_0p02_0061_0009" 4254
"/Engine/EngineMaterials/Substrate/GLints/dict_16_192_64_0p5_0p02_0061_0010" 4255
"/Engine/EngineMaterials/Substrate/GLints/dict_16_192_64_0p5_0p02_0061_0011" 4256
"/Engine/EngineMaterials/Substrate/GLints/dict_16_192_64_0p5_0p02_0061_0012" 4257
"/Engine/EngineMaterials/Substrate/GLints/dict_16_192_64_0p5_0p02_0061_0013" 4258
"/Engine/EngineMaterials/Substrate/GLints/dict_16_192_64_0p5_0p02_0061_0014" 4259
"/Engine/EngineMaterials/Substrate/GLints/dict_16_192_64_0p5_0p02_0061_0015" 4260
"/Engine/EngineMaterials/Substrate/GLints/dict_16_192_64_0p5_0p02_0062_0000" 4261
"/Engine/EngineMaterials/Substrate/GLints/dict_16_192_64_0p5_0p02_0062_0001" 4262
"../../../Engine/Content/EngineMaterials/Substrate/GLints/dict_16_192_64_0p5_0p02_0060_0000.uasset" 4263
"../../../Engine/Content/EngineMaterials/Substrate/GLints/dict_16_192_64_0p5_0p02_0059_0015.uasset" 4264
"../../../Engine/Content/EngineMaterials/Substrate/GLints/dict_16_192_64_0p5_0p02_0060_0001.uasset" 4265
"../../../Engine/Content/EngineMaterials/Substrate/GLints/dict_16_192_64_0p5_0p02_0059_0013.uasset" 4266
"../../../Engine/Content/EngineMaterials/Substrate/GLints/dict_16_192_64_0p5_0p02_0059_0005.uasset" 4267
"../../../Engine/Content/EngineMaterials/Substrate/GLints/dict_16_192_64_0p5_0p02_0059_0007.uasset" 4268
"../../../Engine/Content/EngineMaterials/Substrate/GLints/dict_16_192_64_0p5_0p02_0059_0004.uasset" 4269
"../../../Engine/Content/EngineMaterials/Substrate/GLints/dict_16_192_64_0p5_0p02_0059_0006.uasset" 4270
"../../../Engine/Content/EngineMaterials/Substrate/GLints/dict_16_192_64_0p5_0p02_0059_0012.uasset" 4271
"../../../Engine/Content/EngineMaterials/Substrate/GLints/dict_16_192_64_0p5_0p02_0059_0001.uasset" 4272
"../../../Engine/Content/EngineMaterials/Substrate/GLints/dict_16_192_64_0p5_0p02_0059_0000.uasset" 4273
"../../../Engine/Content/EngineMaterials/Substrate/GLints/dict_16_192_64_0p5_0p02_0058_0015.uasset" 4274
"../../../Engine/Content/EngineMaterials/Substrate/GLints/dict_16_192_64_0p5_0p02_0058_0014.uasset" 4275
"../../../Engine/Content/EngineMaterials/Substrate/GLints/dict_16_192_64_0p5_0p02_0058_0013.uasset" 4276
"../../../Engine/Content/EngineMaterials/Substrate/GLints/dict_16_192_64_0p5_0p02_0058_0012.uasset" 4277
"../../../Engine/Content/EngineMaterials/Substrate/GLints/dict_16_192_64_0p5_0p02_0059_0008.uasset" 4278
"../../../Engine/Content/EngineMaterials/Substrate/GLints/dict_16_192_64_0p5_0p02_0058_0002.uasset" 4279
"../../../Engine/Content/EngineMaterials/Substrate/GLints/dict_16_192_64_0p5_0p02_0058_0005.uasset" 4280
"../../../Engine/Content/EngineMaterials/Substrate/GLints/dict_16_192_64_0p5_0p02_0058_0006.uasset" 4281
"../../../Engine/Content/EngineMaterials/Substrate/GLints/dict_16_192_64_0p5_0p02_0058_0007.uasset" 4282
"../../../Engine/Content/EngineMaterials/Substrate/GLints/dict_16_192_64_0p5_0p02_0058_0003.uasset" 4283
"../../../Engine/Content/EngineMaterials/Substrate/GLints/dict_16_192_64_0p5_0p02_0058_0004.uasset" 4284
"../../../Engine/Content/EngineMaterials/Substrate/GLints/dict_16_192_64_0p5_0p02_0059_0014.uasset" 4285
"../../../Engine/Content/EngineMaterials/Substrate/GLints/dict_16_192_64_0p5_0p02_0058_0009.uasset" 4286
"../../../Engine/Content/EngineMaterials/Substrate/GLints/dict_16_192_64_0p5_0p02_0059_0009.uasset" 4287
"/Engine/EngineMaterials/Substrate/GLints/dict_16_192_64_0p5_0p02_0058_0002" 4288
"/Engine/EngineMaterials/Substrate/GLints/dict_16_192_64_0p5_0p02_0058_0003" 4289
"/Engine/EngineMaterials/Substrate/GLints/dict_16_192_64_0p5_0p02_0058_0004" 4290
"/Engine/EngineMaterials/Substrate/GLints/dict_16_192_64_0p5_0p02_0058_0005" 4291
"/Engine/EngineMaterials/Substrate/GLints/dict_16_192_64_0p5_0p02_0058_0006" 4292
"/Engine/EngineMaterials/Substrate/GLints/dict_16_192_64_0p5_0p02_0058_0007" 4293
"/Engine/EngineMaterials/Substrate/GLints/dict_16_192_64_0p5_0p02_0058_0012" 4294
"/Engine/EngineMaterials/Substrate/GLints/dict_16_192_64_0p5_0p02_0058_0013" 4295
"/Engine/EngineMaterials/Substrate/GLints/dict_16_192_64_0p5_0p02_0058_0014" 4296
"/Engine/EngineMaterials/Substrate/GLints/dict_16_192_64_0p5_0p02_0058_0015" 4297
"../../../Engine/Content/EngineMaterials/Substrate/GLints/dict_16_192_64_0p5_0p02_0059_0010.uasset" 4298
"/Engine/EngineMaterials/Substrate/GLints/dict_16_192_64_0p5_0p02_0059_0000" 4299
"/Engine/EngineMaterials/Substrate/GLints/dict_16_192_64_0p5_0p02_0059_0001" 4300
"/Engine/EngineMaterials/Substrate/GLints/dict_16_192_64_0p5_0p02_0059_0004" 4301
"/Engine/EngineMaterials/Substrate/GLints/dict_16_192_64_0p5_0p02_0059_0005" 4302
"/Engine/EngineMaterials/Substrate/GLints/dict_16_192_64_0p5_0p02_0059_0006" 4303
"/Engine/EngineMaterials/Substrate/GLints/dict_16_192_64_0p5_0p02_0059_0007" 4304
"/Engine/EngineMaterials/Substrate/GLints/dict_16_192_64_0p5_0p02_0059_0008" 4305
"/Engine/EngineMaterials/Substrate/GLints/dict_16_192_64_0p5_0p02_0059_0012" 4306
"/Engine/EngineMaterials/Substrate/GLints/dict_16_192_64_0p5_0p02_0059_0013" 4307
"/Engine/EngineMaterials/Substrate/GLints/dict_16_192_64_0p5_0p02_0059_0014" 4308
"/Engine/EngineMaterials/Substrate/GLints/dict_16_192_64_0p5_0p02_0059_0015" 4309
"/Engine/EngineMaterials/Substrate/GLints/dict_16_192_64_0p5_0p02_0060_0000" 4310
"/Engine/EngineMaterials/Substrate/GLints/dict_16_192_64_0p5_0p02_0060_0001" 4311
"../../../Engine/Content/EngineMaterials/Substrate/GLints/dict_16_192_64_0p5_0p02_0059_0003.uasset" 4312
"/Engine/EngineMaterials/Substrate/GLints/dict_16_192_64_0p5_0p02_0058_0009" 4313
"/Engine/EngineMaterials/Substrate/GLints/dict_16_192_64_0p5_0p02_0059_0009" 4314
"/Engine/EngineMaterials/Substrate/GLints/dict_16_192_64_0p5_0p02_0059_0010" 4315
"/Engine/EngineMaterials/Substrate/GLints/dict_16_192_64_0p5_0p02_0059_0003" 4316
"../../../Engine/Content/EngineMaterials/Substrate/GLints/dict_16_192_64_0p5_0p02_0059_0011.uasset" 4317
"../../../Engine/Content/EngineMaterials/Substrate/GLints/dict_16_192_64_0p5_0p02_0058_0011.uasset" 4318
"../../../Engine/Content/EngineMaterials/Substrate/GLints/dict_16_192_64_0p5_0p02_0058_0010.uasset" 4319
"../../../Engine/Content/EngineMaterials/Substrate/GLints/dict_16_192_64_0p5_0p02_0058_0008.uasset" 4320
"../../../Engine/Content/EngineMaterials/Substrate/GLints/dict_16_192_64_0p5_0p02_0059_0002.uasset" 4321
"/Engine/EngineMaterials/Substrate/GLints/dict_16_192_64_0p5_0p02_0058_0008" 4322
"/Engine/EngineMaterials/Substrate/GLints/dict_16_192_64_0p5_0p02_0058_0010" 4323
"/Engine/EngineMaterials/Substrate/GLints/dict_16_192_64_0p5_0p02_0058_0011" 4324
"/Engine/EngineMaterials/Substrate/GLints/dict_16_192_64_0p5_0p02_0059_0002" 4325
"/Engine/EngineMaterials/Substrate/GLints/dict_16_192_64_0p5_0p02_0059_0011" 4326
"../../../Engine/Content/EngineMaterials/Substrate/GLints/dict_16_192_64_0p5_0p02_0057_0012.uasset" 4327
"../../../Engine/Content/EngineMaterials/Substrate/GLints/dict_16_192_64_0p5_0p02_0058_0001.uasset" 4328
"../../../Engine/Content/EngineMaterials/Substrate/GLints/dict_16_192_64_0p5_0p02_0057_0011.uasset" 4329
"../../../Engine/Content/EngineMaterials/Substrate/GLints/dict_16_192_64_0p5_0p02_0057_0003.uasset" 4330
"../../../Engine/Content/EngineMaterials/Substrate/GLints/dict_16_192_64_0p5_0p02_0057_0014.uasset" 4331
"../../../Engine/Content/EngineMaterials/Substrate/GLints/dict_16_192_64_0p5_0p02_0057_0004.uasset" 4332
"/Engine/EngineMaterials/Substrate/GLints/dict_16_192_64_0p5_0p02_0057_0011" 4333
"/Engine/EngineMaterials/Substrate/GLints/dict_16_192_64_0p5_0p02_0057_0012" 4334
"/Engine/EngineMaterials/Substrate/GLints/dict_16_192_64_0p5_0p02_0057_0014" 4335
"/Engine/EngineMaterials/Substrate/GLints/dict_16_192_64_0p5_0p02_0058_0001" 4336
"/Engine/EngineMaterials/Substrate/GLints/dict_16_192_64_0p5_0p02_0057_0003" 4337
"/Engine/EngineMaterials/Substrate/GLints/dict_16_192_64_0p5_0p02_0057_0004" 4338
"../../../Engine/Content/EngineMaterials/Substrate/GLints/dict_16_192_64_0p5_0p02_0056_0015.uasset" 4339
"../../../Engine/Content/EngineMaterials/Substrate/GLints/dict_16_192_64_0p5_0p02_0057_0000.uasset" 4340
"../../../Engine/Content/EngineMaterials/Substrate/GLints/dict_16_192_64_0p5_0p02_0056_0014.uasset" 4341
"../../../Engine/Content/EngineMaterials/Substrate/GLints/dict_16_192_64_0p5_0p02_0058_0000.uasset" 4342
"../../../Engine/Content/EngineMaterials/Substrate/GLints/dict_16_192_64_0p5_0p02_0056_0013.uasset" 4343
"../../../Engine/Content/EngineMaterials/Substrate/GLints/dict_16_192_64_0p5_0p02_0056_0012.uasset" 4344
"../../../Engine/Content/EngineMaterials/Substrate/GLints/dict_16_192_64_0p5_0p02_0056_0011.uasset" 4345
"../../../Engine/Content/EngineMaterials/Substrate/GLints/dict_16_192_64_0p5_0p02_0057_0007.uasset" 4346
"../../../Engine/Content/EngineMaterials/Substrate/GLints/dict_16_192_64_0p5_0p02_0056_0009.uasset" 4347
"../../../Engine/Content/EngineMaterials/Substrate/GLints/dict_16_192_64_0p5_0p02_0056_0008.uasset" 4348
"../../../Engine/Content/EngineMaterials/Substrate/GLints/dict_16_192_64_0p5_0p02_0056_0010.uasset" 4349
"/Engine/EngineMaterials/Substrate/GLints/dict_16_192_64_0p5_0p02_0056_0011" 4350
"/Engine/EngineMaterials/Substrate/GLints/dict_16_192_64_0p5_0p02_0056_0012" 4351
"/Engine/EngineMaterials/Substrate/GLints/dict_16_192_64_0p5_0p02_0056_0013" 4352
"/Engine/EngineMaterials/Substrate/GLints/dict_16_192_64_0p5_0p02_0056_0014" 4353
"../../../Engine/Content/EngineMaterials/Substrate/GLints/dict_16_192_64_0p5_0p02_0056_0007.uasset" 4354
"../../../Engine/Content/EngineMaterials/Substrate/GLints/dict_16_192_64_0p5_0p02_0056_0005.uasset" 4355
"../../../Engine/Content/EngineMaterials/Substrate/GLints/dict_16_192_64_0p5_0p02_0056_0006.uasset" 4356
"../../../Engine/Content/EngineMaterials/Substrate/GLints/dict_16_192_64_0p5_0p02_0056_0004.uasset" 4357
"/Engine/EngineMaterials/Substrate/GLints/dict_16_192_64_0p5_0p02_0056_0015" 4358
"/Engine/EngineMaterials/Substrate/GLints/dict_16_192_64_0p5_0p02_0057_0000" 4359
"/Engine/EngineMaterials/Substrate/GLints/dict_16_192_64_0p5_0p02_0056_0008" 4360
"/Engine/EngineMaterials/Substrate/GLints/dict_16_192_64_0p5_0p02_0057_0007" 4361
"/Engine/EngineMaterials/Substrate/GLints/dict_16_192_64_0p5_0p02_0056_0009" 4362
"../../../Engine/Content/EngineMaterials/Substrate/GLints/dict_16_192_64_0p5_0p02_0057_0006.uasset" 4363
"../../../Engine/Content/EngineMaterials/Substrate/GLints/dict_16_192_64_0p5_0p02_0057_0001.uasset" 4364
"/Engine/EngineMaterials/Substrate/GLints/dict_16_192_64_0p5_0p02_0056_0010" 4365
"/Engine/EngineMaterials/Substrate/GLints/dict_16_192_64_0p5_0p02_0058_0000" 4366
"/Engine/EngineMaterials/Substrate/GLints/dict_16_192_64_0p5_0p02_0056_0004" 4367
"/Engine/EngineMaterials/Substrate/GLints/dict_16_192_64_0p5_0p02_0057_0001" 4368
"/Engine/EngineMaterials/Substrate/GLints/dict_16_192_64_0p5_0p02_0057_0006" 4369
"/Engine/EngineMaterials/Substrate/GLints/dict_16_192_64_0p5_0p02_0056_0005" 4370
"/Engine/EngineMaterials/Substrate/GLints/dict_16_192_64_0p5_0p02_0056_0007" 4371
"../../../Engine/Content/EngineMaterials/Substrate/GLints/dict_16_192_64_0p5_0p02_0057_0010.uasset" 4372
"/Engine/EngineMaterials/Substrate/GLints/dict_16_192_64_0p5_0p02_0056_0006" 4373
"/Engine/EngineMaterials/Substrate/GLints/dict_16_192_64_0p5_0p02_0057_0010" 4374
"../../../Engine/Content/EngineMaterials/Substrate/GLints/dict_16_192_64_0p5_0p02_0057_0009.uasset" 4375
"/Engine/EngineMaterials/Substrate/GLints/dict_16_192_64_0p5_0p02_0057_0009" 4376
"../../../Engine/Content/EngineMaterials/Substrate/GLints/dict_16_192_64_0p5_0p02_0056_0000.uasset" 4377
"../../../Engine/Content/EngineMaterials/Substrate/GLints/dict_16_192_64_0p5_0p02_0056_0002.uasset" 4378
"../../../Engine/Content/EngineMaterials/Substrate/GLints/dict_16_192_64_0p5_0p02_0056_0001.uasset" 4379
"../../../Engine/Content/EngineMaterials/Substrate/GLints/dict_16_192_64_0p5_0p02_0057_0005.uasset" 4380
"../../../Engine/Content/EngineMaterials/Substrate/GLints/dict_16_192_64_0p5_0p02_0057_0013.uasset" 4381
"../../../Engine/Content/EngineMaterials/Substrate/GLints/dict_16_192_64_0p5_0p02_0057_0015.uasset" 4382
"../../../Engine/Content/EngineMaterials/Substrate/GLints/dict_16_192_64_0p5_0p02_0057_0008.uasset" 4383
"../../../Engine/Content/EngineMaterials/Substrate/GLints/dict_16_192_64_0p5_0p02_0055_0013.uasset" 4384
"../../../Engine/Content/EngineMaterials/Substrate/GLints/dict_16_192_64_0p5_0p02_0055_0012.uasset" 4385
"../../../Engine/Content/EngineMaterials/Substrate/GLints/dict_16_192_64_0p5_0p02_0055_0014.uasset" 4386
"../../../Engine/Content/EngineMaterials/Substrate/GLints/dict_16_192_64_0p5_0p02_0055_0015.uasset" 4387
"../../../Engine/Content/EngineMaterials/Substrate/GLints/dict_16_192_64_0p5_0p02_0056_0003.uasset" 4388
"../../../Engine/Content/EngineMaterials/Substrate/GLints/dict_16_192_64_0p5_0p02_0055_0011.uasset" 4389
"../../../Engine/Content/EngineMaterials/Substrate/GLints/dict_16_192_64_0p5_0p02_0055_0006.uasset" 4390
"../../../Engine/Content/EngineMaterials/Substrate/GLints/dict_16_192_64_0p5_0p02_0055_0008.uasset" 4391
"../../../Engine/Content/EngineMaterials/Substrate/GLints/dict_16_192_64_0p5_0p02_0055_0007.uasset" 4392
"/Engine/EngineMaterials/Substrate/GLints/dict_16_192_64_0p5_0p02_0055_0006" 4393
"/Engine/EngineMaterials/Substrate/GLints/dict_16_192_64_0p5_0p02_0056_0002" 4394
"/Engine/EngineMaterials/Substrate/GLints/dict_16_192_64_0p5_0p02_0055_0007" 4395
"/Engine/EngineMaterials/Substrate/GLints/dict_16_192_64_0p5_0p02_0056_0003" 4396
"/Engine/EngineMaterials/Substrate/GLints/dict_16_192_64_0p5_0p02_0055_0012" 4397
"../../../Engine/Content/EngineMaterials/Substrate/GLints/dict_16_192_64_0p5_0p02_0054_0013.uasset" 4398
"../../../Engine/Content/EngineMaterials/Substrate/GLints/dict_16_192_64_0p5_0p02_0054_0015.uasset" 4399
"../../../Engine/Content/EngineMaterials/Substrate/GLints/dict_16_192_64_0p5_0p02_0055_0000.uasset" 4400
"../../../Engine/Content/EngineMaterials/Substrate/GLints/dict_16_192_64_0p5_0p02_0055_0001.uasset" 4401
"../../../Engine/Content/EngineMaterials/Substrate/GLints/dict_16_192_64_0p5_0p02_0054_0014.uasset" 4402
"/Engine/EngineMaterials/Substrate/GLints/dict_16_192_64_0p5_0p02_0055_0013" 4403
"/Engine/EngineMaterials/Substrate/GLints/dict_16_192_64_0p5_0p02_0057_0005" 4404
"/Engine/EngineMaterials/Substrate/GLints/dict_16_192_64_0p5_0p02_0055_0008" 4405
"/Engine/EngineMaterials/Substrate/GLints/dict_16_192_64_0p5_0p02_0057_0008" 4406
"/Engine/EngineMaterials/Substrate/GLints/dict_16_192_64_0p5_0p02_0055_0014" 4407
"/Engine/EngineMaterials/Substrate/GLints/dict_16_192_64_0p5_0p02_0055_0015" 4408
"/Engine/EngineMaterials/Substrate/GLints/dict_16_192_64_0p5_0p02_0057_0013" 4409
"/Engine/EngineMaterials/Substrate/GLints/dict_16_192_64_0p5_0p02_0056_0000" 4410
"/Engine/EngineMaterials/Substrate/GLints/dict_16_192_64_0p5_0p02_0057_0015" 4411
"/Engine/EngineMaterials/Substrate/GLints/dict_16_192_64_0p5_0p02_0055_0011" 4412
"/Engine/EngineMaterials/Substrate/GLints/dict_16_192_64_0p5_0p02_0056_0001" 4413
"../../../Engine/Content/EngineMaterials/Substrate/GLints/dict_16_192_64_0p5_0p02_0054_0012.uasset" 4414
"../../../Engine/Content/EngineMaterials/Substrate/GLints/dict_16_192_64_0p5_0p02_0054_0010.uasset" 4415
"../../../Engine/Content/EngineMaterials/Substrate/GLints/dict_16_192_64_0p5_0p02_0054_0009.uasset" 4416
"../../../Engine/Content/EngineMaterials/Substrate/GLints/dict_16_192_64_0p5_0p02_0054_0011.uasset" 4417
"/Engine/EngineMaterials/Substrate/GLints/dict_16_192_64_0p5_0p02_0055_0001" 4418
"/Engine/EngineMaterials/Substrate/GLints/dict_16_192_64_0p5_0p02_0054_0011" 4419
"../../../Engine/Content/EngineMaterials/Substrate/GLints/dict_16_192_64_0p5_0p02_0057_0002.uasset" 4420
"/Engine/EngineMaterials/Substrate/GLints/dict_16_192_64_0p5_0p02_0054_0012" 4421
"/Engine/EngineMaterials/Substrate/GLints/dict_16_192_64_0p5_0p02_0054_0013" 4422
"/Engine/EngineMaterials/Substrate/GLints/dict_16_192_64_0p5_0p02_0054_0014" 4423
"/Engine/EngineMaterials/Substrate/GLints/dict_16_192_64_0p5_0p02_0054_0015" 4424
"/Engine/EngineMaterials/Substrate/GLints/dict_16_192_64_0p5_0p02_0054_0009" 4425
"/Engine/EngineMaterials/Substrate/GLints/dict_16_192_64_0p5_0p02_0054_0010" 4426
"/Engine/EngineMaterials/Substrate/GLints/dict_16_192_64_0p5_0p02_0055_0000" 4427
"/Engine/EngineMaterials/Substrate/GLints/dict_16_192_64_0p5_0p02_0057_0002" 4428
"../../../Engine/Content/EngineMaterials/Substrate/GLints/dict_16_192_64_0p5_0p02_0054_0007.uasset" 4429
"../../../Engine/Content/EngineMaterials/Substrate/GLints/dict_16_192_64_0p5_0p02_0054_0004.uasset" 4430
"../../../Engine/Content/EngineMaterials/Substrate/GLints/dict_16_192_64_0p5_0p02_0054_0008.uasset" 4431
"../../../Engine/Content/EngineMaterials/Substrate/GLints/dict_16_192_64_0p5_0p02_0054_0001.uasset" 4432
"../../../Engine/Content/EngineMaterials/Substrate/GLints/dict_16_192_64_0p5_0p02_0054_0003.uasset" 4433
"../../../Engine/Content/EngineMaterials/Substrate/GLints/dict_16_192_64_0p5_0p02_0054_0000.uasset" 4434
"../../../Engine/Content/EngineMaterials/Substrate/GLints/dict_16_192_64_0p5_0p02_0054_0005.uasset" 4435
"/Engine/EngineMaterials/Substrate/GLints/dict_16_192_64_0p5_0p02_0054_0000" 4436
"../../../Engine/Content/EngineMaterials/Substrate/GLints/dict_16_192_64_0p5_0p02_0054_0002.uasset" 4437
"../../../Engine/Content/EngineMaterials/Substrate/GLints/dict_16_192_64_0p5_0p02_0053_0015.uasset" 4438
"/Engine/EngineMaterials/Substrate/GLints/dict_16_192_64_0p5_0p02_0054_0001" 4439
"/Engine/EngineMaterials/Substrate/GLints/dict_16_192_64_0p5_0p02_0054_0003" 4440
"/Engine/EngineMaterials/Substrate/GLints/dict_16_192_64_0p5_0p02_0054_0004" 4441
"/Engine/EngineMaterials/Substrate/GLints/dict_16_192_64_0p5_0p02_0054_0005" 4442
"/Engine/EngineMaterials/Substrate/GLints/dict_16_192_64_0p5_0p02_0054_0007" 4443
"/Engine/EngineMaterials/Substrate/GLints/dict_16_192_64_0p5_0p02_0054_0008" 4444
"../../../Engine/Content/EngineMaterials/Substrate/GLints/dict_16_192_64_0p5_0p02_0053_0014.uasset" 4445
"../../../Engine/Content/EngineMaterials/Substrate/GLints/dict_16_192_64_0p5_0p02_0053_0013.uasset" 4446
"../../../Engine/Content/EngineMaterials/Substrate/GLints/dict_16_192_64_0p5_0p02_0053_0008.uasset" 4447
"../../../Engine/Content/EngineMaterials/Substrate/GLints/dict_16_192_64_0p5_0p02_0053_0010.uasset" 4448
"../../../Engine/Content/EngineMaterials/Substrate/GLints/dict_16_192_64_0p5_0p02_0053_0009.uasset" 4449
"/Engine/EngineMaterials/Substrate/GLints/dict_16_192_64_0p5_0p02_0053_0015" 4450
"../../../Engine/Content/EngineMaterials/Substrate/GLints/dict_16_192_64_0p5_0p02_0053_0012.uasset" 4451
"/Engine/EngineMaterials/Substrate/GLints/dict_16_192_64_0p5_0p02_0054_0002" 4452
"/Engine/EngineMaterials/Substrate/GLints/dict_16_192_64_0p5_0p02_0053_0008" 4453
"/Engine/EngineMaterials/Substrate/GLints/dict_16_192_64_0p5_0p02_0053_0009" 4454
"/Engine/EngineMaterials/Substrate/GLints/dict_16_192_64_0p5_0p02_0053_0010" 4455
"/Engine/EngineMaterials/Substrate/GLints/dict_16_192_64_0p5_0p02_0053_0012" 4456
"/Engine/EngineMaterials/Substrate/GLints/dict_16_192_64_0p5_0p02_0053_0013" 4457
"/Engine/EngineMaterials/Substrate/GLints/dict_16_192_64_0p5_0p02_0053_0014" 4458
"../../../Engine/Content/EngineMaterials/Substrate/GLints/dict_16_192_64_0p5_0p02_0053_0011.uasset" 4459
"../../../Engine/Content/EngineMaterials/Substrate/GLints/dict_16_192_64_0p5_0p02_0053_0006.uasset" 4460
"../../../Engine/Content/EngineMaterials/Substrate/GLints/dict_16_192_64_0p5_0p02_0053_0007.uasset" 4461
"../../../Engine/Content/EngineMaterials/Substrate/GLints/dict_16_192_64_0p5_0p02_0055_0003.uasset" 4462
"../../../Engine/Content/EngineMaterials/Substrate/GLints/dict_16_192_64_0p5_0p02_0053_0004.uasset" 4463
"../../../Engine/Content/EngineMaterials/Substrate/GLints/dict_16_192_64_0p5_0p02_0053_0000.uasset" 4464
"../../../Engine/Content/EngineMaterials/Substrate/GLints/dict_16_192_64_0p5_0p02_0053_0002.uasset" 4465
"../../../Engine/Content/EngineMaterials/Substrate/GLints/dict_16_192_64_0p5_0p02_0053_0005.uasset" 4466
"../../../Engine/Content/EngineMaterials/Substrate/GLints/dict_16_192_64_0p5_0p02_0053_0003.uasset" 4467
"../../../Engine/Content/EngineMaterials/Substrate/GLints/dict_16_192_64_0p5_0p02_0053_0001.uasset" 4468
"/Engine/EngineMaterials/Substrate/GLints/dict_16_192_64_0p5_0p02_0053_0000" 4469
"../../../Engine/Content/EngineMaterials/Substrate/GLints/dict_16_192_64_0p5_0p02_0052_0014.uasset" 4470
"../../../Engine/Content/EngineMaterials/Substrate/GLints/dict_16_192_64_0p5_0p02_0052_0011.uasset" 4471
"../../../Engine/Content/EngineMaterials/Substrate/GLints/dict_16_192_64_0p5_0p02_0052_0015.uasset" 4472
"../../../Engine/Content/EngineMaterials/Substrate/GLints/dict_16_192_64_0p5_0p02_0052_0013.uasset" 4473
"/Engine/EngineMaterials/Substrate/GLints/dict_16_192_64_0p5_0p02_0055_0003" 4474
"/Engine/EngineMaterials/Substrate/GLints/dict_16_192_64_0p5_0p02_0053_0011" 4475
"/Engine/EngineMaterials/Substrate/GLints/dict_16_192_64_0p5_0p02_0053_0001" 4476
"../../../Engine/Content/EngineMaterials/Substrate/GLints/dict_16_192_64_0p5_0p02_0055_0009.uasset" 4477
"/Engine/EngineMaterials/Substrate/GLints/dict_16_192_64_0p5_0p02_0053_0002" 4478
"/Engine/EngineMaterials/Substrate/GLints/dict_16_192_64_0p5_0p02_0053_0003" 4479
"/Engine/EngineMaterials/Substrate/GLints/dict_16_192_64_0p5_0p02_0053_0004" 4480
"/Engine/EngineMaterials/Substrate/GLints/dict_16_192_64_0p5_0p02_0053_0005" 4481
"../../../Engine/Content/EngineMaterials/Substrate/GLints/dict_16_192_64_0p5_0p02_0052_0009.uasset" 4482
"../../../Engine/Content/EngineMaterials/Substrate/GLints/dict_16_192_64_0p5_0p02_0052_0006.uasset" 4483
"../../../Engine/Content/EngineMaterials/Substrate/GLints/dict_16_192_64_0p5_0p02_0052_0005.uasset" 4484
"../../../Engine/Content/EngineMaterials/Substrate/GLints/dict_16_192_64_0p5_0p02_0052_0010.uasset" 4485
"../../../Engine/Content/EngineMaterials/Substrate/GLints/dict_16_192_64_0p5_0p02_0052_0008.uasset" 4486
"../../../Engine/Content/EngineMaterials/Substrate/GLints/dict_16_192_64_0p5_0p02_0052_0007.uasset" 4487
"/Engine/EngineMaterials/Substrate/GLints/dict_16_192_64_0p5_0p02_0053_0006" 4488
"/Engine/EngineMaterials/Substrate/GLints/dict_16_192_64_0p5_0p02_0053_0007" 4489
"/Engine/EngineMaterials/Substrate/GLints/dict_16_192_64_0p5_0p02_0052_0015" 4490
"/Engine/EngineMaterials/Substrate/GLints/dict_16_192_64_0p5_0p02_0052_0005" 4491
"/Engine/EngineMaterials/Substrate/GLints/dict_16_192_64_0p5_0p02_0052_0008" 4492
"/Engine/EngineMaterials/Substrate/GLints/dict_16_192_64_0p5_0p02_0052_0009" 4493
"/Engine/EngineMaterials/Substrate/GLints/dict_16_192_64_0p5_0p02_0052_0006" 4494
"/Engine/EngineMaterials/Substrate/GLints/dict_16_192_64_0p5_0p02_0055_0009" 4495
"/Engine/EngineMaterials/Substrate/GLints/dict_16_192_64_0p5_0p02_0052_0007" 4496
"/Engine/EngineMaterials/Substrate/GLints/dict_16_192_64_0p5_0p02_0052_0010" 4497
"/Engine/EngineMaterials/Substrate/GLints/dict_16_192_64_0p5_0p02_0052_0011" 4498
"/Engine/EngineMaterials/Substrate/GLints/dict_16_192_64_0p5_0p02_0052_0013" 4499
"/Engine/EngineMaterials/Substrate/GLints/dict_16_192_64_0p5_0p02_0052_0014" 4500
"../../../Engine/Content/EngineMaterials/Substrate/GLints/dict_16_192_64_0p5_0p02_0052_0002.uasset" 4501
"../../../Engine/Content/EngineMaterials/Substrate/GLints/dict_16_192_64_0p5_0p02_0052_0004.uasset" 4502
"../../../Engine/Content/EngineMaterials/Substrate/GLints/dict_16_192_64_0p5_0p02_0052_0003.uasset" 4503
"../../../Engine/Content/EngineMaterials/Substrate/GLints/dict_16_192_64_0p5_0p02_0052_0001.uasset" 4504
"/Engine/EngineMaterials/Substrate/GLints/dict_16_192_64_0p5_0p02_0052_0001" 4505
"/Engine/EngineMaterials/Substrate/GLints/dict_16_192_64_0p5_0p02_0052_0002" 4506
"/Engine/EngineMaterials/Substrate/GLints/dict_16_192_64_0p5_0p02_0052_0003" 4507
"/Engine/EngineMaterials/Substrate/GLints/dict_16_192_64_0p5_0p02_0052_0004" 4508
"../../../Engine/Content/EngineMaterials/Substrate/GLints/dict_16_192_64_0p5_0p02_0051_0012.uasset" 4509
"../../../Engine/Content/EngineMaterials/Substrate/GLints/dict_16_192_64_0p5_0p02_0051_0014.uasset" 4510
"../../../Engine/Content/EngineMaterials/Substrate/GLints/dict_16_192_64_0p5_0p02_0051_0015.uasset" 4511
"../../../Engine/Content/EngineMaterials/Substrate/GLints/dict_16_192_64_0p5_0p02_0051_0013.uasset" 4512
"../../../Engine/Content/EngineMaterials/Substrate/GLints/dict_16_192_64_0p5_0p02_0051_0010.uasset" 4513
"../../../Engine/Content/EngineMaterials/Substrate/GLints/dict_16_192_64_0p5_0p02_0051_0011.uasset" 4514
"../../../Engine/Content/EngineMaterials/Substrate/GLints/dict_16_192_64_0p5_0p02_0052_0000.uasset" 4515
"../../../Engine/Content/EngineMaterials/Substrate/GLints/dict_16_192_64_0p5_0p02_0051_0008.uasset" 4516
"/Engine/EngineMaterials/Substrate/GLints/dict_16_192_64_0p5_0p02_0052_0000" 4517
"../../../Engine/Content/EngineMaterials/Substrate/GLints/dict_16_192_64_0p5_0p02_0051_0007.uasset" 4518
"/Engine/EngineMaterials/Substrate/GLints/dict_16_192_64_0p5_0p02_0051_0008" 4519
"/Engine/EngineMaterials/Substrate/GLints/dict_16_192_64_0p5_0p02_0051_0010" 4520
"../../../Engine/Content/EngineMaterials/Substrate/GLints/dict_16_192_64_0p5_0p02_0051_0006.uasset" 4521
"/Engine/EngineMaterials/Substrate/GLints/dict_16_192_64_0p5_0p02_0051_0011" 4522
"/Engine/EngineMaterials/Substrate/GLints/dict_16_192_64_0p5_0p02_0051_0012" 4523
"../../../Engine/Content/EngineMaterials/Substrate/GLints/dict_16_192_64_0p5_0p02_0051_0004.uasset" 4524
"../../../Engine/Content/EngineMaterials/Substrate/GLints/dict_16_192_64_0p5_0p02_0051_0005.uasset" 4525
"../../../Engine/Content/EngineMaterials/Substrate/GLints/dict_16_192_64_0p5_0p02_0051_0009.uasset" 4526
"/Engine/EngineMaterials/Substrate/GLints/dict_16_192_64_0p5_0p02_0051_0013" 4527
"/Engine/EngineMaterials/Substrate/GLints/dict_16_192_64_0p5_0p02_0051_0014" 4528
"/Engine/EngineMaterials/Substrate/GLints/dict_16_192_64_0p5_0p02_0051_0015" 4529
"../../../Engine/Content/EngineMaterials/Substrate/GLints/dict_16_192_64_0p5_0p02_0055_0010.uasset" 4530
"/Engine/EngineMaterials/Substrate/GLints/dict_16_192_64_0p5_0p02_0051_0006" 4531
"../../../Engine/Content/EngineMaterials/Substrate/GLints/dict_16_192_64_0p5_0p02_0051_0002.uasset" 4532
"../../../Engine/Content/EngineMaterials/Substrate/GLints/dict_16_192_64_0p5_0p02_0051_0001.uasset" 4533
"../../../Engine/Content/EngineMaterials/Substrate/GLints/dict_16_192_64_0p5_0p02_0051_0003.uasset" 4534
"/Engine/EngineMaterials/Substrate/GLints/dict_16_192_64_0p5_0p02_0051_0007" 4535
"../../../Engine/Content/EngineMaterials/Substrate/GLints/dict_16_192_64_0p5_0p02_0051_0000.uasset" 4536
"/Engine/EngineMaterials/Substrate/GLints/dict_16_192_64_0p5_0p02_0051_0009" 4537
"/Engine/EngineMaterials/Substrate/GLints/dict_16_192_64_0p5_0p02_0055_0010" 4538
"/Engine/EngineMaterials/Substrate/GLints/dict_16_192_64_0p5_0p02_0051_0004" 4539
"/Engine/EngineMaterials/Substrate/GLints/dict_16_192_64_0p5_0p02_0051_0005" 4540
"/Engine/EngineMaterials/Substrate/GLints/dict_16_192_64_0p5_0p02_0051_0000" 4541
"/Engine/EngineMaterials/Substrate/GLints/dict_16_192_64_0p5_0p02_0051_0001" 4542
"/Engine/EngineMaterials/Substrate/GLints/dict_16_192_64_0p5_0p02_0051_0002" 4543
"/Engine/EngineMaterials/Substrate/GLints/dict_16_192_64_0p5_0p02_0051_0003" 4544
"../../../Engine/Content/EngineMaterials/Substrate/GLints/dict_16_192_64_0p5_0p02_0050_0010.uasset" 4545
"../../../Engine/Content/EngineMaterials/Substrate/GLints/dict_16_192_64_0p5_0p02_0050_0009.uasset" 4546
"../../../Engine/Content/EngineMaterials/Substrate/GLints/dict_16_192_64_0p5_0p02_0050_0012.uasset" 4547
"../../../Engine/Content/EngineMaterials/Substrate/GLints/dict_16_192_64_0p5_0p02_0050_0014.uasset" 4548
"../../../Engine/Content/EngineMaterials/Substrate/GLints/dict_16_192_64_0p5_0p02_0050_0013.uasset" 4549
"../../../Engine/Content/EngineMaterials/Substrate/GLints/dict_16_192_64_0p5_0p02_0050_0011.uasset" 4550
"../../../Engine/Content/EngineMaterials/Substrate/GLints/dict_16_192_64_0p5_0p02_0050_0004.uasset" 4551
"../../../Engine/Content/EngineMaterials/Substrate/GLints/dict_16_192_64_0p5_0p02_0050_0005.uasset" 4552
"../../../Engine/Content/EngineMaterials/Substrate/GLints/dict_16_192_64_0p5_0p02_0050_0007.uasset" 4553
"../../../Engine/Content/EngineMaterials/Substrate/GLints/dict_16_192_64_0p5_0p02_0050_0006.uasset" 4554
"/Engine/EngineMaterials/Substrate/GLints/dict_16_192_64_0p5_0p02_0050_0007" 4555
"/Engine/EngineMaterials/Substrate/GLints/dict_16_192_64_0p5_0p02_0050_0011" 4556
"../../../Engine/Content/EngineMaterials/Substrate/GLints/dict_16_192_64_0p5_0p02_0049_0015.uasset" 4557
"../../../Engine/Content/EngineMaterials/Substrate/GLints/dict_16_192_64_0p5_0p02_0050_0002.uasset" 4558
"../../../Engine/Content/EngineMaterials/Substrate/GLints/dict_16_192_64_0p5_0p02_0050_0000.uasset" 4559
"../../../Engine/Content/EngineMaterials/Substrate/GLints/dict_16_192_64_0p5_0p02_0050_0003.uasset" 4560
"/Engine/EngineMaterials/Substrate/GLints/dict_16_192_64_0p5_0p02_0050_0009" 4561
"../../../Engine/Content/EngineMaterials/Substrate/GLints/dict_16_192_64_0p5_0p02_0050_0001.uasset" 4562
"/Engine/EngineMaterials/Substrate/GLints/dict_16_192_64_0p5_0p02_0050_0010" 4563
"../../../Engine/Content/EngineMaterials/Substrate/GLints/dict_16_192_64_0p5_0p02_0049_0014.uasset" 4564
"../../../Engine/Content/EngineMaterials/Substrate/GLints/dict_16_192_64_0p5_0p02_0049_0013.uasset" 4565
"/Engine/EngineMaterials/Substrate/GLints/dict_16_192_64_0p5_0p02_0050_0012" 4566
"/Engine/EngineMaterials/Substrate/GLints/dict_16_192_64_0p5_0p02_0050_0004" 4567
"/Engine/EngineMaterials/Substrate/GLints/dict_16_192_64_0p5_0p02_0050_0013" 4568
"/Engine/EngineMaterials/Substrate/GLints/dict_16_192_64_0p5_0p02_0050_0014" 4569
"/Engine/EngineMaterials/Substrate/GLints/dict_16_192_64_0p5_0p02_0050_0005" 4570
"/Engine/EngineMaterials/Substrate/GLints/dict_16_192_64_0p5_0p02_0050_0006" 4571
"../../../Engine/Content/EngineMaterials/Substrate/GLints/dict_16_192_64_0p5_0p02_0049_0012.uasset" 4572
"../../../Engine/Content/EngineMaterials/Substrate/GLints/dict_16_192_64_0p5_0p02_0049_0011.uasset" 4573
"../../../Engine/Content/EngineMaterials/Substrate/GLints/dict_16_192_64_0p5_0p02_0049_0010.uasset" 4574
"/Engine/EngineMaterials/Substrate/GLints/dict_16_192_64_0p5_0p02_0049_0015" 4575
"/Engine/EngineMaterials/Substrate/GLints/dict_16_192_64_0p5_0p02_0050_0000" 4576
"/Engine/EngineMaterials/Substrate/GLints/dict_16_192_64_0p5_0p02_0050_0001" 4577
"/Engine/EngineMaterials/Substrate/GLints/dict_16_192_64_0p5_0p02_0050_0002" 4578
"/Engine/EngineMaterials/Substrate/GLints/dict_16_192_64_0p5_0p02_0050_0003" 4579
"/Engine/EngineMaterials/Substrate/GLints/dict_16_192_64_0p5_0p02_0049_0012" 4580
"/Engine/EngineMaterials/Substrate/GLints/dict_16_192_64_0p5_0p02_0049_0013" 4581
"/Engine/EngineMaterials/Substrate/GLints/dict_16_192_64_0p5_0p02_0049_0014" 4582
"/Engine/EngineMaterials/Substrate/GLints/dict_16_192_64_0p5_0p02_0049_0010" 4583
"/Engine/EngineMaterials/Substrate/GLints/dict_16_192_64_0p5_0p02_0049_0011" 4584
"../../../Engine/Content/EngineMaterials/Substrate/GLints/dict_16_192_64_0p5_0p02_0049_0008.uasset" 4585
"../../../Engine/Content/EngineMaterials/Substrate/GLints/dict_16_192_64_0p5_0p02_0049_0007.uasset" 4586
"../../../Engine/Content/EngineMaterials/Substrate/GLints/dict_16_192_64_0p5_0p02_0049_0006.uasset" 4587
"../../../Engine/Content/EngineMaterials/Substrate/GLints/dict_16_192_64_0p5_0p02_0049_0005.uasset" 4588
"../../../Engine/Content/EngineMaterials/Substrate/GLints/dict_16_192_64_0p5_0p02_0049_0009.uasset" 4589
"../../../Engine/Content/EngineMaterials/Substrate/GLints/dict_16_192_64_0p5_0p02_0049_0000.uasset" 4590
"../../../Engine/Content/EngineMaterials/Substrate/GLints/dict_16_192_64_0p5_0p02_0049_0003.uasset" 4591
"../../../Engine/Content/EngineMaterials/Substrate/GLints/dict_16_192_64_0p5_0p02_0049_0002.uasset" 4592
"../../../Engine/Content/EngineMaterials/Substrate/GLints/dict_16_192_64_0p5_0p02_0049_0001.uasset" 4593
"../../../Engine/Content/EngineMaterials/Substrate/GLints/dict_16_192_64_0p5_0p02_0049_0004.uasset" 4594
"../../../Engine/Content/EngineMaterials/Substrate/GLints/dict_16_192_64_0p5_0p02_0048_0011.uasset" 4595
"../../../Engine/Content/EngineMaterials/Substrate/GLints/dict_16_192_64_0p5_0p02_0048_0012.uasset" 4596
"../../../Engine/Content/EngineMaterials/Substrate/GLints/dict_16_192_64_0p5_0p02_0048_0015.uasset" 4597
"../../../Engine/Content/EngineMaterials/Substrate/GLints/dict_16_192_64_0p5_0p02_0048_0013.uasset" 4598
"../../../Engine/Content/EngineMaterials/Substrate/GLints/dict_16_192_64_0p5_0p02_0048_0014.uasset" 4599
"/Engine/EngineMaterials/Substrate/GLints/dict_16_192_64_0p5_0p02_0049_0009" 4600
"/Engine/EngineMaterials/Substrate/GLints/dict_16_192_64_0p5_0p02_0048_0011" 4601
"../../../Engine/Content/EngineMaterials/Substrate/GLints/dict_16_192_64_0p5_0p02_0048_0006.uasset" 4602
"../../../Engine/Content/EngineMaterials/Substrate/GLints/dict_16_192_64_0p5_0p02_0048_0009.uasset" 4603
"../../../Engine/Content/EngineMaterials/Substrate/GLints/dict_16_192_64_0p5_0p02_0048_0007.uasset" 4604
"/Engine/EngineMaterials/Substrate/GLints/dict_16_192_64_0p5_0p02_0048_0012" 4605
"/Engine/EngineMaterials/Substrate/GLints/dict_16_192_64_0p5_0p02_0048_0013" 4606
"/Engine/EngineMaterials/Substrate/GLints/dict_16_192_64_0p5_0p02_0048_0014" 4607
"../../../Engine/Content/EngineMaterials/Substrate/GLints/dict_16_192_64_0p5_0p02_0048_0010.uasset" 4608
"../../../Engine/Content/EngineMaterials/Substrate/GLints/dict_16_192_64_0p5_0p02_0048_0008.uasset" 4609
"/Engine/EngineMaterials/Substrate/GLints/dict_16_192_64_0p5_0p02_0048_0015" 4610
"/Engine/EngineMaterials/Substrate/GLints/dict_16_192_64_0p5_0p02_0049_0000" 4611
"/Engine/EngineMaterials/Substrate/GLints/dict_16_192_64_0p5_0p02_0049_0001" 4612
"/Engine/EngineMaterials/Substrate/GLints/dict_16_192_64_0p5_0p02_0049_0002" 4613
"../../../Engine/Content/EngineMaterials/Substrate/GLints/dict_16_192_64_0p5_0p02_0055_0005.uasset" 4614
"/Engine/EngineMaterials/Substrate/GLints/dict_16_192_64_0p5_0p02_0049_0003" 4615
"/Engine/EngineMaterials/Substrate/GLints/dict_16_192_64_0p5_0p02_0049_0004" 4616
"/Engine/EngineMaterials/Substrate/GLints/dict_16_192_64_0p5_0p02_0049_0005" 4617
"/Engine/EngineMaterials/Substrate/GLints/dict_16_192_64_0p5_0p02_0049_0006" 4618
"/Engine/EngineMaterials/Substrate/GLints/dict_16_192_64_0p5_0p02_0049_0007" 4619
"/Engine/EngineMaterials/Substrate/GLints/dict_16_192_64_0p5_0p02_0049_0008" 4620
"/Engine/EngineMaterials/Substrate/GLints/dict_16_192_64_0p5_0p02_0055_0005" 4621
"/Engine/EngineMaterials/Substrate/GLints/dict_16_192_64_0p5_0p02_0048_0006" 4622
"/Engine/EngineMaterials/Substrate/GLints/dict_16_192_64_0p5_0p02_0048_0007" 4623
"../../../Engine/Content/EngineMaterials/Substrate/GLints/dict_16_192_64_0p5_0p02_0048_0004.uasset" 4624
"../../../Engine/Content/EngineMaterials/Substrate/GLints/dict_16_192_64_0p5_0p02_0048_0002.uasset" 4625
"../../../Engine/Content/EngineMaterials/Substrate/GLints/dict_16_192_64_0p5_0p02_0048_0001.uasset" 4626
"../../../Engine/Content/EngineMaterials/Substrate/GLints/dict_16_192_64_0p5_0p02_0048_0005.uasset" 4627
"../../../Engine/Content/EngineMaterials/Substrate/GLints/dict_16_192_64_0p5_0p02_0048_0003.uasset" 4628
"/Engine/EngineMaterials/Substrate/GLints/dict_16_192_64_0p5_0p02_0048_0008" 4629
"/Engine/EngineMaterials/Substrate/GLints/dict_16_192_64_0p5_0p02_0048_0009" 4630
"/Engine/EngineMaterials/Substrate/GLints/dict_16_192_64_0p5_0p02_0048_0010" 4631
"/Engine/EngineMaterials/Substrate/GLints/dict_16_192_64_0p5_0p02_0048_0001" 4632
"/Engine/EngineMaterials/Substrate/GLints/dict_16_192_64_0p5_0p02_0048_0003" 4633
"/Engine/EngineMaterials/Substrate/GLints/dict_16_192_64_0p5_0p02_0048_0004" 4634
"/Engine/EngineMaterials/Substrate/GLints/dict_16_192_64_0p5_0p02_0048_0002" 4635
"/Engine/EngineMaterials/Substrate/GLints/dict_16_192_64_0p5_0p02_0048_0005" 4636
"../../../Engine/Content/EngineMaterials/Substrate/GLints/dict_16_192_64_0p5_0p02_0047_0014.uasset" 4637
"../../../Engine/Content/EngineMaterials/Substrate/GLints/dict_16_192_64_0p5_0p02_0047_0011.uasset" 4638
"../../../Engine/Content/EngineMaterials/Substrate/GLints/dict_16_192_64_0p5_0p02_0047_0013.uasset" 4639
"../../../Engine/Content/EngineMaterials/Substrate/GLints/dict_16_192_64_0p5_0p02_0048_0000.uasset" 4640
"../../../Engine/Content/EngineMaterials/Substrate/GLints/dict_16_192_64_0p5_0p02_0047_0015.uasset" 4641
"../../../Engine/Content/EngineMaterials/Substrate/GLints/dict_16_192_64_0p5_0p02_0047_0012.uasset" 4642
"../../../Engine/Content/EngineMaterials/Substrate/GLints/dict_16_192_64_0p5_0p02_0047_0010.uasset" 4643
"../../../Engine/Content/EngineMaterials/Substrate/GLints/dict_16_192_64_0p5_0p02_0047_0009.uasset" 4644
"../../../Engine/Content/EngineMaterials/Substrate/GLints/dict_16_192_64_0p5_0p02_0047_0008.uasset" 4645
"/Engine/EngineMaterials/Substrate/GLints/dict_16_192_64_0p5_0p02_0047_0008" 4646
"/Engine/EngineMaterials/Substrate/GLints/dict_16_192_64_0p5_0p02_0047_0009" 4647
"/Engine/EngineMaterials/Substrate/GLints/dict_16_192_64_0p5_0p02_0047_0010" 4648
"/Engine/EngineMaterials/Substrate/GLints/dict_16_192_64_0p5_0p02_0047_0011" 4649
"/Engine/EngineMaterials/Substrate/GLints/dict_16_192_64_0p5_0p02_0047_0012" 4650
"/Engine/EngineMaterials/Substrate/GLints/dict_16_192_64_0p5_0p02_0047_0013" 4651
"/Engine/EngineMaterials/Substrate/GLints/dict_16_192_64_0p5_0p02_0047_0014" 4652
"/Engine/EngineMaterials/Substrate/GLints/dict_16_192_64_0p5_0p02_0047_0015" 4653
"/Engine/EngineMaterials/Substrate/GLints/dict_16_192_64_0p5_0p02_0048_0000" 4654
"../../../Engine/Content/EngineMaterials/Substrate/GLints/dict_16_192_64_0p5_0p02_0047_0004.uasset" 4655
"../../../Engine/Content/EngineMaterials/Substrate/GLints/dict_16_192_64_0p5_0p02_0047_0005.uasset" 4656
"../../../Engine/Content/EngineMaterials/Substrate/GLints/dict_16_192_64_0p5_0p02_0047_0002.uasset" 4657
"../../../Engine/Content/EngineMaterials/Substrate/GLints/dict_16_192_64_0p5_0p02_0047_0003.uasset" 4658
"../../../Engine/Content/EngineMaterials/Substrate/GLints/dict_16_192_64_0p5_0p02_0047_0007.uasset" 4659
"../../../Engine/Content/EngineMaterials/Substrate/GLints/dict_16_192_64_0p5_0p02_0047_0006.uasset" 4660
"../../../Engine/Content/EngineMaterials/Substrate/GLints/dict_16_192_64_0p5_0p02_0047_0001.uasset" 4661
"../../../Engine/Content/EngineMaterials/Substrate/GLints/dict_16_192_64_0p5_0p02_0047_0000.uasset" 4662
"../../../Engine/Content/EngineMaterials/Substrate/GLints/dict_16_192_64_0p5_0p02_0046_0013.uasset" 4663
"../../../Engine/Content/EngineMaterials/Substrate/GLints/dict_16_192_64_0p5_0p02_0046_0010.uasset" 4664
"../../../Engine/Content/EngineMaterials/Substrate/GLints/dict_16_192_64_0p5_0p02_0046_0008.uasset" 4665
"../../../Engine/Content/EngineMaterials/Substrate/GLints/dict_16_192_64_0p5_0p02_0046_0014.uasset" 4666
"../../../Engine/Content/EngineMaterials/Substrate/GLints/dict_16_192_64_0p5_0p02_0046_0011.uasset" 4667
"../../../Engine/Content/EngineMaterials/Substrate/GLints/dict_16_192_64_0p5_0p02_0046_0015.uasset" 4668
"../../../Engine/Content/EngineMaterials/Substrate/GLints/dict_16_192_64_0p5_0p02_0046_0012.uasset" 4669
"/Engine/EngineMaterials/Substrate/GLints/dict_16_192_64_0p5_0p02_0047_0002" 4670
"../../../Engine/Content/EngineMaterials/Substrate/GLints/dict_16_192_64_0p5_0p02_0046_0009.uasset" 4671
"/Engine/EngineMaterials/Substrate/GLints/dict_16_192_64_0p5_0p02_0046_0012" 4672
"/Engine/EngineMaterials/Substrate/GLints/dict_16_192_64_0p5_0p02_0046_0008" 4673
"/Engine/EngineMaterials/Substrate/GLints/dict_16_192_64_0p5_0p02_0047_0003" 4674
"/Engine/EngineMaterials/Substrate/GLints/dict_16_192_64_0p5_0p02_0046_0010" 4675
"/Engine/EngineMaterials/Substrate/GLints/dict_16_192_64_0p5_0p02_0046_0011" 4676
"/Engine/EngineMaterials/Substrate/GLints/dict_16_192_64_0p5_0p02_0047_0004" 4677
"/Engine/EngineMaterials/Substrate/GLints/dict_16_192_64_0p5_0p02_0047_0005" 4678
"/Engine/EngineMaterials/Substrate/GLints/dict_16_192_64_0p5_0p02_0047_0006" 4679
"../../../Engine/Content/EngineMaterials/Substrate/GLints/dict_16_192_64_0p5_0p02_0046_0007.uasset" 4680
"../../../Engine/Content/EngineMaterials/Substrate/GLints/dict_16_192_64_0p5_0p02_0046_0006.uasset" 4681
"/Engine/EngineMaterials/Substrate/GLints/dict_16_192_64_0p5_0p02_0047_0007" 4682
"/Engine/EngineMaterials/Substrate/GLints/dict_16_192_64_0p5_0p02_0046_0013" 4683
"/Engine/EngineMaterials/Substrate/GLints/dict_16_192_64_0p5_0p02_0046_0014" 4684
"/Engine/EngineMaterials/Substrate/GLints/dict_16_192_64_0p5_0p02_0046_0015" 4685
"/Engine/EngineMaterials/Substrate/GLints/dict_16_192_64_0p5_0p02_0047_0000" 4686
"/Engine/EngineMaterials/Substrate/GLints/dict_16_192_64_0p5_0p02_0047_0001" 4687
"/Engine/EngineMaterials/Substrate/GLints/dict_16_192_64_0p5_0p02_0046_0007" 4688
"/Engine/EngineMaterials/Substrate/GLints/dict_16_192_64_0p5_0p02_0046_0009" 4689
"/Engine/EngineMaterials/Substrate/GLints/dict_16_192_64_0p5_0p02_0046_0006" 4690
"../../../Engine/Content/EngineMaterials/Substrate/GLints/dict_16_192_64_0p5_0p02_0046_0005.uasset" 4691
"../../../Engine/Content/EngineMaterials/Substrate/GLints/dict_16_192_64_0p5_0p02_0046_0004.uasset" 4692
"../../../Engine/Content/EngineMaterials/Substrate/GLints/dict_16_192_64_0p5_0p02_0046_0003.uasset" 4693
"../../../Engine/Content/EngineMaterials/Substrate/GLints/dict_16_192_64_0p5_0p02_0046_0000.uasset" 4694
"../../../Engine/Content/EngineMaterials/Substrate/GLints/dict_16_192_64_0p5_0p02_0046_0002.uasset" 4695
"../../../Engine/Content/EngineMaterials/Substrate/GLints/dict_16_192_64_0p5_0p02_0046_0001.uasset" 4696
"../../../Engine/Content/EngineMaterials/Substrate/GLints/dict_16_192_64_0p5_0p02_0045_0015.uasset" 4697
"../../../Engine/Content/EngineMaterials/Substrate/GLints/dict_16_192_64_0p5_0p02_0045_0014.uasset" 4698
"../../../Engine/Content/EngineMaterials/Substrate/GLints/dict_16_192_64_0p5_0p02_0045_0011.uasset" 4699
"../../../Engine/Content/EngineMaterials/Substrate/GLints/dict_16_192_64_0p5_0p02_0045_0013.uasset" 4700
"../../../Engine/Content/EngineMaterials/Substrate/GLints/dict_16_192_64_0p5_0p02_0045_0008.uasset" 4701
"../../../Engine/Content/EngineMaterials/Substrate/GLints/dict_16_192_64_0p5_0p02_0045_0009.uasset" 4702
"../../../Engine/Content/EngineMaterials/Substrate/GLints/dict_16_192_64_0p5_0p02_0045_0012.uasset" 4703
"/Engine/EngineMaterials/Substrate/GLints/dict_16_192_64_0p5_0p02_0045_0014" 4704
"../../../Engine/Content/EngineMaterials/Substrate/GLints/dict_16_192_64_0p5_0p02_0045_0010.uasset" 4705
"../../../Engine/Content/EngineMaterials/Substrate/GLints/dict_16_192_64_0p5_0p02_0055_0002.uasset" 4706
"/Engine/EngineMaterials/Substrate/GLints/dict_16_192_64_0p5_0p02_0045_0015" 4707
"../../../Engine/Content/EngineMaterials/Substrate/GLints/dict_16_192_64_0p5_0p02_0045_0006.uasset" 4708
"../../../Engine/Content/EngineMaterials/Substrate/GLints/dict_16_192_64_0p5_0p02_0045_0005.uasset" 4709
"../../../Engine/Content/EngineMaterials/Substrate/GLints/dict_16_192_64_0p5_0p02_0045_0007.uasset" 4710
"/Engine/EngineMaterials/Substrate/GLints/dict_16_192_64_0p5_0p02_0046_0000" 4711
"/Engine/EngineMaterials/Substrate/GLints/dict_16_192_64_0p5_0p02_0046_0001" 4712
"/Engine/EngineMaterials/Substrate/GLints/dict_16_192_64_0p5_0p02_0046_0002" 4713
"/Engine/EngineMaterials/Substrate/GLints/dict_16_192_64_0p5_0p02_0046_0003" 4714
"/Engine/EngineMaterials/Substrate/GLints/dict_16_192_64_0p5_0p02_0046_0004" 4715
"/Engine/EngineMaterials/Substrate/GLints/dict_16_192_64_0p5_0p02_0046_0005" 4716
"/Engine/EngineMaterials/Substrate/GLints/dict_16_192_64_0p5_0p02_0055_0002" 4717
"/Engine/EngineMaterials/Substrate/GLints/dict_16_192_64_0p5_0p02_0045_0005" 4718
"../../../Engine/Content/EngineMaterials/Substrate/GLints/dict_16_192_64_0p5_0p02_0045_0004.uasset" 4719
"/Engine/EngineMaterials/Substrate/GLints/dict_16_192_64_0p5_0p02_0045_0006" 4720
"/Engine/EngineMaterials/Substrate/GLints/dict_16_192_64_0p5_0p02_0045_0007" 4721
"/Engine/EngineMaterials/Substrate/GLints/dict_16_192_64_0p5_0p02_0045_0008" 4722
"/Engine/EngineMaterials/Substrate/GLints/dict_16_192_64_0p5_0p02_0045_0009" 4723
"/Engine/EngineMaterials/Substrate/GLints/dict_16_192_64_0p5_0p02_0045_0010" 4724
"/Engine/EngineMaterials/Substrate/GLints/dict_16_192_64_0p5_0p02_0045_0011" 4725
"/Engine/EngineMaterials/Substrate/GLints/dict_16_192_64_0p5_0p02_0045_0012" 4726
"../../../Engine/Content/EngineMaterials/Substrate/GLints/dict_16_192_64_0p5_0p02_0045_0001.uasset" 4727
"../../../Engine/Content/EngineMaterials/Substrate/GLints/dict_16_192_64_0p5_0p02_0045_0003.uasset" 4728
"../../../Engine/Content/EngineMaterials/Substrate/GLints/dict_16_192_64_0p5_0p02_0044_0014.uasset" 4729
"../../../Engine/Content/EngineMaterials/Substrate/GLints/dict_16_192_64_0p5_0p02_0044_0015.uasset" 4730
"../../../Engine/Content/EngineMaterials/Substrate/GLints/dict_16_192_64_0p5_0p02_0045_0002.uasset" 4731
"../../../Engine/Content/EngineMaterials/Substrate/GLints/dict_16_192_64_0p5_0p02_0045_0000.uasset" 4732
"/Engine/EngineMaterials/Substrate/GLints/dict_16_192_64_0p5_0p02_0045_0013" 4733
"/Engine/EngineMaterials/Substrate/GLints/dict_16_192_64_0p5_0p02_0044_0015" 4734
"/Engine/EngineMaterials/Substrate/GLints/dict_16_192_64_0p5_0p02_0045_0000" 4735
"/Engine/EngineMaterials/Substrate/GLints/dict_16_192_64_0p5_0p02_0045_0001" 4736
"/Engine/EngineMaterials/Substrate/GLints/dict_16_192_64_0p5_0p02_0045_0002" 4737
"/Engine/EngineMaterials/Substrate/GLints/dict_16_192_64_0p5_0p02_0045_0003" 4738
"/Engine/EngineMaterials/Substrate/GLints/dict_16_192_64_0p5_0p02_0045_0004" 4739
"/Engine/EngineMaterials/Substrate/GLints/dict_16_192_64_0p5_0p02_0044_0014" 4740
"../../../Engine/Content/EngineMaterials/Substrate/GLints/dict_16_192_64_0p5_0p02_0044_0012.uasset" 4741
"../../../Engine/Content/EngineMaterials/Substrate/GLints/dict_16_192_64_0p5_0p02_0044_0011.uasset" 4742
"../../../Engine/Content/EngineMaterials/Substrate/GLints/dict_16_192_64_0p5_0p02_0044_0010.uasset" 4743
"../../../Engine/Content/EngineMaterials/Substrate/GLints/dict_16_192_64_0p5_0p02_0044_0009.uasset" 4744
"../../../Engine/Content/EngineMaterials/Substrate/GLints/dict_16_192_64_0p5_0p02_0054_0006.uasset" 4745
"../../../Engine/Content/EngineMaterials/Substrate/GLints/dict_16_192_64_0p5_0p02_0044_0007.uasset" 4746
"../../../Engine/Content/EngineMaterials/Substrate/GLints/dict_16_192_64_0p5_0p02_0044_0008.uasset" 4747
"../../../Engine/Content/EngineMaterials/Substrate/GLints/dict_16_192_64_0p5_0p02_0044_0005.uasset" 4748
"../../../Engine/Content/EngineMaterials/Substrate/GLints/dict_16_192_64_0p5_0p02_0044_0004.uasset" 4749
"../../../Engine/Content/EngineMaterials/Substrate/GLints/dict_16_192_64_0p5_0p02_0044_0006.uasset" 4750
"../../../Engine/Content/EngineMaterials/Substrate/GLints/dict_16_192_64_0p5_0p02_0044_0003.uasset" 4751
"../../../Engine/Content/EngineMaterials/Substrate/GLints/dict_16_192_64_0p5_0p02_0044_0002.uasset" 4752
"/Engine/EngineMaterials/Substrate/GLints/dict_16_192_64_0p5_0p02_0044_0012" 4753
"../../../Engine/Content/EngineMaterials/Substrate/GLints/dict_16_192_64_0p5_0p02_0044_0000.uasset" 4754
"/Engine/EngineMaterials/Substrate/GLints/dict_16_192_64_0p5_0p02_0044_0004" 4755
"/Engine/EngineMaterials/Substrate/GLints/dict_16_192_64_0p5_0p02_0044_0005" 4756
"../../../Engine/Content/EngineMaterials/Substrate/GLints/dict_16_192_64_0p5_0p02_0043_0015.uasset" 4757
"/Engine/EngineMaterials/Substrate/GLints/dict_16_192_64_0p5_0p02_0044_0006" 4758
"../../../Engine/Content/EngineMaterials/Substrate/GLints/dict_16_192_64_0p5_0p02_0044_0001.uasset" 4759
"../../../Engine/Content/EngineMaterials/Substrate/GLints/dict_16_192_64_0p5_0p02_0043_0010.uasset" 4760
"../../../Engine/Content/EngineMaterials/Substrate/GLints/dict_16_192_64_0p5_0p02_0043_0009.uasset" 4761
"/Engine/EngineMaterials/Substrate/GLints/dict_16_192_64_0p5_0p02_0044_0007" 4762
"../../../Engine/Content/EngineMaterials/Substrate/GLints/dict_16_192_64_0p5_0p02_0043_0013.uasset" 4763
"../../../Engine/Content/EngineMaterials/Substrate/GLints/dict_16_192_64_0p5_0p02_0043_0011.uasset" 4764
"../../../Engine/Content/EngineMaterials/Substrate/GLints/dict_16_192_64_0p5_0p02_0043_0012.uasset" 4765
"/Engine/EngineMaterials/Substrate/GLints/dict_16_192_64_0p5_0p02_0044_0008" 4766
"/Engine/EngineMaterials/Substrate/GLints/dict_16_192_64_0p5_0p02_0044_0009" 4767
"/Engine/EngineMaterials/Substrate/GLints/dict_16_192_64_0p5_0p02_0044_0010" 4768
"/Engine/EngineMaterials/Substrate/GLints/dict_16_192_64_0p5_0p02_0044_0011" 4769
"/Engine/EngineMaterials/Substrate/GLints/dict_16_192_64_0p5_0p02_0054_0006" 4770
"/Engine/EngineMaterials/Substrate/GLints/dict_16_192_64_0p5_0p02_0043_0010" 4771
"/Engine/EngineMaterials/Substrate/GLints/dict_16_192_64_0p5_0p02_0043_0011" 4772
"/Engine/EngineMaterials/Substrate/GLints/dict_16_192_64_0p5_0p02_0043_0012" 4773
"/Engine/EngineMaterials/Substrate/GLints/dict_16_192_64_0p5_0p02_0043_0013" 4774
"/Engine/EngineMaterials/Substrate/GLints/dict_16_192_64_0p5_0p02_0043_0015" 4775
"/Engine/EngineMaterials/Substrate/GLints/dict_16_192_64_0p5_0p02_0044_0000" 4776
"/Engine/EngineMaterials/Substrate/GLints/dict_16_192_64_0p5_0p02_0044_0001" 4777
"/Engine/EngineMaterials/Substrate/GLints/dict_16_192_64_0p5_0p02_0043_0009" 4778
"/Engine/EngineMaterials/Substrate/GLints/dict_16_192_64_0p5_0p02_0044_0002" 4779
"/Engine/EngineMaterials/Substrate/GLints/dict_16_192_64_0p5_0p02_0044_0003" 4780
"../../../Engine/Content/EngineMaterials/Substrate/GLints/dict_16_192_64_0p5_0p02_0043_0008.uasset" 4781
"../../../Engine/Content/EngineMaterials/Substrate/GLints/dict_16_192_64_0p5_0p02_0043_0003.uasset" 4782
"../../../Engine/Content/EngineMaterials/Substrate/GLints/dict_16_192_64_0p5_0p02_0043_0005.uasset" 4783
"../../../Engine/Content/EngineMaterials/Substrate/GLints/dict_16_192_64_0p5_0p02_0043_0007.uasset" 4784
"../../../Engine/Content/EngineMaterials/Substrate/GLints/dict_16_192_64_0p5_0p02_0043_0004.uasset" 4785
"../../../Engine/Content/EngineMaterials/Substrate/GLints/dict_16_192_64_0p5_0p02_0043_0006.uasset" 4786
"../../../Engine/Content/EngineMaterials/Substrate/GLints/dict_16_192_64_0p5_0p02_0043_0001.uasset" 4787
"../../../Engine/Content/EngineMaterials/Substrate/GLints/dict_16_192_64_0p5_0p02_0043_0000.uasset" 4788
"../../../Engine/Content/EngineMaterials/Substrate/GLints/dict_16_192_64_0p5_0p02_0043_0002.uasset" 4789
"../../../Engine/Content/EngineMaterials/Substrate/GLints/dict_16_192_64_0p5_0p02_0042_0015.uasset" 4790
"/Engine/EngineMaterials/Substrate/GLints/dict_16_192_64_0p5_0p02_0043_0003" 4791
"../../../Engine/Content/EngineMaterials/Substrate/GLints/dict_16_192_64_0p5_0p02_0042_0014.uasset" 4792
"../../../Engine/Content/EngineMaterials/Substrate/GLints/dict_16_192_64_0p5_0p02_0042_0011.uasset" 4793
"../../../Engine/Content/EngineMaterials/Substrate/GLints/dict_16_192_64_0p5_0p02_0042_0009.uasset" 4794
"../../../Engine/Content/EngineMaterials/Substrate/GLints/dict_16_192_64_0p5_0p02_0042_0010.uasset" 4795
"../../../Engine/Content/EngineMaterials/Substrate/GLints/dict_16_192_64_0p5_0p02_0042_0012.uasset" 4796
"../../../Engine/Content/EngineMaterials/Substrate/GLints/dict_16_192_64_0p5_0p02_0042_0008.uasset" 4797
"../../../Engine/Content/EngineMaterials/Substrate/GLints/dict_16_192_64_0p5_0p02_0042_0013.uasset" 4798
"/Engine/EngineMaterials/Substrate/GLints/dict_16_192_64_0p5_0p02_0043_0004" 4799
"/Engine/EngineMaterials/Substrate/GLints/dict_16_192_64_0p5_0p02_0043_0005" 4800
"/Engine/EngineMaterials/Substrate/GLints/dict_16_192_64_0p5_0p02_0043_0006" 4801
"/Engine/EngineMaterials/Substrate/GLints/dict_16_192_64_0p5_0p02_0043_0007" 4802
"/Engine/EngineMaterials/Substrate/GLints/dict_16_192_64_0p5_0p02_0043_0008" 4803
"/Engine/EngineMaterials/Substrate/GLints/dict_16_192_64_0p5_0p02_0042_0015" 4804
"/Engine/EngineMaterials/Substrate/GLints/dict_16_192_64_0p5_0p02_0043_0000" 4805
"../../../Engine/Content/EngineMaterials/Substrate/GLints/dict_16_192_64_0p5_0p02_0042_0007.uasset" 4806
"../../../Engine/Content/EngineMaterials/Substrate/GLints/dict_16_192_64_0p5_0p02_0042_0006.uasset" 4807
"/Engine/EngineMaterials/Substrate/GLints/dict_16_192_64_0p5_0p02_0043_0001" 4808
"../../../Engine/Content/EngineMaterials/Substrate/GLints/dict_16_192_64_0p5_0p02_0042_0005.uasset" 4809
"../../../Engine/Content/EngineMaterials/Substrate/GLints/dict_16_192_64_0p5_0p02_0042_0004.uasset" 4810
"/Engine/EngineMaterials/Substrate/GLints/dict_16_192_64_0p5_0p02_0043_0002" 4811
"/Engine/EngineMaterials/Substrate/GLints/dict_16_192_64_0p5_0p02_0042_0009" 4812
"/Engine/EngineMaterials/Substrate/GLints/dict_16_192_64_0p5_0p02_0042_0004" 4813
"/Engine/EngineMaterials/Substrate/GLints/dict_16_192_64_0p5_0p02_0042_0010" 4814
"/Engine/EngineMaterials/Substrate/GLints/dict_16_192_64_0p5_0p02_0042_0011" 4815
"/Engine/EngineMaterials/Substrate/GLints/dict_16_192_64_0p5_0p02_0042_0012" 4816
"/Engine/EngineMaterials/Substrate/GLints/dict_16_192_64_0p5_0p02_0042_0013" 4817
"/Engine/EngineMaterials/Substrate/GLints/dict_16_192_64_0p5_0p02_0042_0014" 4818
"/Engine/EngineMaterials/Substrate/GLints/dict_16_192_64_0p5_0p02_0042_0005" 4819
"/Engine/EngineMaterials/Substrate/GLints/dict_16_192_64_0p5_0p02_0042_0006" 4820
"/Engine/EngineMaterials/Substrate/GLints/dict_16_192_64_0p5_0p02_0042_0007" 4821
"/Engine/EngineMaterials/Substrate/GLints/dict_16_192_64_0p5_0p02_0042_0008" 4822
"../../../Engine/Content/EngineMaterials/Substrate/GLints/dict_16_192_64_0p5_0p02_0042_0003.uasset" 4823
"../../../Engine/Content/EngineMaterials/Substrate/GLints/dict_16_192_64_0p5_0p02_0041_0015.uasset" 4824
"../../../Engine/Content/EngineMaterials/Substrate/GLints/dict_16_192_64_0p5_0p02_0042_0002.uasset" 4825
"../../../Engine/Content/EngineMaterials/Substrate/GLints/dict_16_192_64_0p5_0p02_0042_0000.uasset" 4826
"../../../Engine/Content/EngineMaterials/Substrate/GLints/dict_16_192_64_0p5_0p02_0042_0001.uasset" 4827
"../../../Engine/Content/EngineMaterials/Substrate/GLints/dict_16_192_64_0p5_0p02_0041_0010.uasset" 4828
"../../../Engine/Content/EngineMaterials/Substrate/GLints/dict_16_192_64_0p5_0p02_0041_0012.uasset" 4829
"../../../Engine/Content/EngineMaterials/Substrate/GLints/dict_16_192_64_0p5_0p02_0041_0014.uasset" 4830
"../../../Engine/Content/EngineMaterials/Substrate/GLints/dict_16_192_64_0p5_0p02_0041_0009.uasset" 4831
"../../../Engine/Content/EngineMaterials/Substrate/GLints/dict_16_192_64_0p5_0p02_0041_0013.uasset" 4832
"../../../Engine/Content/EngineMaterials/Substrate/GLints/dict_16_192_64_0p5_0p02_0041_0011.uasset" 4833
"/Engine/EngineMaterials/Substrate/GLints/dict_16_192_64_0p5_0p02_0041_0015" 4834
"/Engine/EngineMaterials/Substrate/GLints/dict_16_192_64_0p5_0p02_0041_0009" 4835
"/Engine/EngineMaterials/Substrate/GLints/dict_16_192_64_0p5_0p02_0041_0010" 4836
"../../../Engine/Content/EngineMaterials/Substrate/GLints/dict_16_192_64_0p5_0p02_0041_0006.uasset" 4837
"../../../Engine/Content/EngineMaterials/Substrate/GLints/dict_16_192_64_0p5_0p02_0041_0007.uasset" 4838
"../../../Engine/Content/EngineMaterials/Substrate/GLints/dict_16_192_64_0p5_0p02_0041_0008.uasset" 4839
"../../../Engine/Content/EngineMaterials/Substrate/GLints/dict_16_192_64_0p5_0p02_0041_0004.uasset" 4840
"/Engine/EngineMaterials/Substrate/GLints/dict_16_192_64_0p5_0p02_0042_0000" 4841
"/Engine/EngineMaterials/Substrate/GLints/dict_16_192_64_0p5_0p02_0042_0001" 4842
"/Engine/EngineMaterials/Substrate/GLints/dict_16_192_64_0p5_0p02_0042_0002" 4843
"../../../Engine/Content/EngineMaterials/Substrate/GLints/dict_16_192_64_0p5_0p02_0041_0005.uasset" 4844
"/Engine/EngineMaterials/Substrate/GLints/dict_16_192_64_0p5_0p02_0042_0003" 4845
"/Engine/EngineMaterials/Substrate/GLints/dict_16_192_64_0p5_0p02_0041_0011" 4846
"/Engine/EngineMaterials/Substrate/GLints/dict_16_192_64_0p5_0p02_0041_0012" 4847
"/Engine/EngineMaterials/Substrate/GLints/dict_16_192_64_0p5_0p02_0041_0013" 4848
"/Engine/EngineMaterials/Substrate/GLints/dict_16_192_64_0p5_0p02_0041_0014" 4849
"../../../Engine/Content/EngineMaterials/Substrate/GLints/dict_16_192_64_0p5_0p02_0041_0000.uasset" 4850
"../../../Engine/Content/EngineMaterials/Substrate/GLints/dict_16_192_64_0p5_0p02_0041_0001.uasset" 4851
"../../../Engine/Content/EngineMaterials/Substrate/GLints/dict_16_192_64_0p5_0p02_0040_0015.uasset" 4852
"../../../Engine/Content/EngineMaterials/Substrate/GLints/dict_16_192_64_0p5_0p02_0041_0003.uasset" 4853
"/Engine/EngineMaterials/Substrate/GLints/dict_16_192_64_0p5_0p02_0041_0005" 4854
"../../../Engine/Content/EngineMaterials/Substrate/GLints/dict_16_192_64_0p5_0p02_0041_0002.uasset" 4855
"/Engine/EngineMaterials/Substrate/GLints/dict_16_192_64_0p5_0p02_0041_0006" 4856
"/Engine/EngineMaterials/Substrate/GLints/dict_16_192_64_0p5_0p02_0041_0007" 4857
"/Engine/EngineMaterials/Substrate/GLints/dict_16_192_64_0p5_0p02_0041_0008" 4858
"/Engine/EngineMaterials/Substrate/GLints/dict_16_192_64_0p5_0p02_0040_0015" 4859
"/Engine/EngineMaterials/Substrate/GLints/dict_16_192_64_0p5_0p02_0041_0000" 4860
"/Engine/EngineMaterials/Substrate/GLints/dict_16_192_64_0p5_0p02_0041_0001" 4861
"/Engine/EngineMaterials/Substrate/GLints/dict_16_192_64_0p5_0p02_0041_0003" 4862
"/Engine/EngineMaterials/Substrate/GLints/dict_16_192_64_0p5_0p02_0041_0004" 4863
"/Engine/EngineMaterials/Substrate/GLints/dict_16_192_64_0p5_0p02_0041_0002" 4864
"../../../Engine/Content/EngineMaterials/Substrate/GLints/dict_16_192_64_0p5_0p02_0040_0014.uasset" 4865
"../../../Engine/Content/EngineMaterials/Substrate/GLints/dict_16_192_64_0p5_0p02_0040_0011.uasset" 4866
"../../../Engine/Content/EngineMaterials/Substrate/GLints/dict_16_192_64_0p5_0p02_0040_0013.uasset" 4867
"../../../Engine/Content/EngineMaterials/Substrate/GLints/dict_16_192_64_0p5_0p02_0040_0012.uasset" 4868
"../../../Engine/Content/EngineMaterials/Substrate/GLints/dict_16_192_64_0p5_0p02_0040_0010.uasset" 4869
"../../../Engine/Content/EngineMaterials/Substrate/GLints/dict_16_192_64_0p5_0p02_0040_0009.uasset" 4870
"../../../Engine/Content/EngineMaterials/Substrate/GLints/dict_16_192_64_0p5_0p02_0040_0004.uasset" 4871
"../../../Engine/Content/EngineMaterials/Substrate/GLints/dict_16_192_64_0p5_0p02_0040_0008.uasset" 4872
"../../../Engine/Content/EngineMaterials/Substrate/GLints/dict_16_192_64_0p5_0p02_0040_0007.uasset" 4873
"../../../Engine/Content/EngineMaterials/Substrate/GLints/dict_16_192_64_0p5_0p02_0040_0006.uasset" 4874
"../../../Engine/Content/EngineMaterials/Substrate/GLints/dict_16_192_64_0p5_0p02_0040_0005.uasset" 4875
"/Engine/EngineMaterials/Substrate/GLints/dict_16_192_64_0p5_0p02_0040_0010" 4876
"/Engine/EngineMaterials/Substrate/GLints/dict_16_192_64_0p5_0p02_0040_0004" 4877
"/Engine/EngineMaterials/Substrate/GLints/dict_16_192_64_0p5_0p02_0040_0011" 4878
"/Engine/EngineMaterials/Substrate/GLints/dict_16_192_64_0p5_0p02_0040_0012" 4879
"../../../Engine/Content/EngineMaterials/Substrate/GLints/dict_16_192_64_0p5_0p02_0040_0002.uasset" 4880
"../../../Engine/Content/EngineMaterials/Substrate/GLints/dict_16_192_64_0p5_0p02_0040_0001.uasset" 4881
"../../../Engine/Content/EngineMaterials/Substrate/GLints/dict_16_192_64_0p5_0p02_0039_0015.uasset" 4882
"../../../Engine/Content/EngineMaterials/Substrate/GLints/dict_16_192_64_0p5_0p02_0040_0003.uasset" 4883
"/Engine/EngineMaterials/Substrate/GLints/dict_16_192_64_0p5_0p02_0040_0013" 4884
"/Engine/EngineMaterials/Substrate/GLints/dict_16_192_64_0p5_0p02_0040_0014" 4885
"/Engine/EngineMaterials/Substrate/GLints/dict_16_192_64_0p5_0p02_0040_0006" 4886
"/Engine/EngineMaterials/Substrate/GLints/dict_16_192_64_0p5_0p02_0040_0007" 4887
"/Engine/EngineMaterials/Substrate/GLints/dict_16_192_64_0p5_0p02_0040_0008" 4888
"../../../Engine/Content/EngineMaterials/Substrate/GLints/dict_16_192_64_0p5_0p02_0039_0013.uasset" 4889
"../../../Engine/Content/EngineMaterials/Substrate/GLints/dict_16_192_64_0p5_0p02_0040_0000.uasset" 4890
"../../../Engine/Content/EngineMaterials/Substrate/GLints/dict_16_192_64_0p5_0p02_0039_0014.uasset" 4891
"../../../Engine/Content/EngineMaterials/Substrate/GLints/dict_16_192_64_0p5_0p02_0039_0012.uasset" 4892
"../../../Engine/Content/EngineMaterials/Substrate/GLints/dict_16_192_64_0p5_0p02_0039_0010.uasset" 4893
"/Engine/EngineMaterials/Substrate/GLints/dict_16_192_64_0p5_0p02_0040_0009" 4894
"../../../Engine/Content/EngineMaterials/Substrate/GLints/dict_16_192_64_0p5_0p02_0039_0011.uasset" 4895
"/Engine/EngineMaterials/Substrate/GLints/dict_16_192_64_0p5_0p02_0039_0015" 4896
"/Engine/EngineMaterials/Substrate/GLints/dict_16_192_64_0p5_0p02_0040_0000" 4897
"/Engine/EngineMaterials/Substrate/GLints/dict_16_192_64_0p5_0p02_0040_0001" 4898
"/Engine/EngineMaterials/Substrate/GLints/dict_16_192_64_0p5_0p02_0040_0002" 4899
"/Engine/EngineMaterials/Substrate/GLints/dict_16_192_64_0p5_0p02_0040_0003" 4900
"/Engine/EngineMaterials/Substrate/GLints/dict_16_192_64_0p5_0p02_0040_0005" 4901
"/Engine/EngineMaterials/Substrate/GLints/dict_16_192_64_0p5_0p02_0039_0010" 4902
"/Engine/EngineMaterials/Substrate/GLints/dict_16_192_64_0p5_0p02_0039_0012" 4903
"/Engine/EngineMaterials/Substrate/GLints/dict_16_192_64_0p5_0p02_0039_0013" 4904
"/Engine/EngineMaterials/Substrate/GLints/dict_16_192_64_0p5_0p02_0039_0014" 4905
"/Engine/EngineMaterials/Substrate/GLints/dict_16_192_64_0p5_0p02_0039_0011" 4906
"../../../Engine/Content/EngineMaterials/Substrate/GLints/dict_16_192_64_0p5_0p02_0039_0009.uasset" 4907
"../../../Engine/Content/EngineMaterials/Substrate/GLints/dict_16_192_64_0p5_0p02_0039_0007.uasset" 4908
"../../../Engine/Content/EngineMaterials/Substrate/GLints/dict_16_192_64_0p5_0p02_0039_0005.uasset" 4909
"../../../Engine/Content/EngineMaterials/Substrate/GLints/dict_16_192_64_0p5_0p02_0039_0008.uasset" 4910
"../../../Engine/Content/EngineMaterials/Substrate/GLints/dict_16_192_64_0p5_0p02_0039_0006.uasset" 4911
"../../../Engine/Content/EngineMaterials/Substrate/GLints/dict_16_192_64_0p5_0p02_0039_0002.uasset" 4912
"../../../Engine/Content/EngineMaterials/Substrate/GLints/dict_16_192_64_0p5_0p02_0039_0004.uasset" 4913
"../../../Engine/Content/EngineMaterials/Substrate/GLints/dict_16_192_64_0p5_0p02_0039_0003.uasset" 4914
"../../../Engine/Content/EngineMaterials/Substrate/GLints/dict_16_192_64_0p5_0p02_0039_0001.uasset" 4915
"/Engine/EngineMaterials/Substrate/GLints/dict_16_192_64_0p5_0p02_0039_0006" 4916
"../../../Engine/Content/EngineMaterials/Substrate/GLints/dict_16_192_64_0p5_0p02_0039_0000.uasset" 4917
"../../../Engine/Content/EngineMaterials/Substrate/GLints/dict_16_192_64_0p5_0p02_0038_0015.uasset" 4918
"/Engine/EngineMaterials/Substrate/GLints/dict_16_192_64_0p5_0p02_0039_0007" 4919
"../../../Engine/Content/EngineMaterials/Substrate/GLints/dict_16_192_64_0p5_0p02_0038_0013.uasset" 4920
"../../../Engine/Content/EngineMaterials/Substrate/GLints/dict_16_192_64_0p5_0p02_0038_0014.uasset" 4921
"../../../Engine/Content/EngineMaterials/Substrate/GLints/dict_16_192_64_0p5_0p02_0038_0012.uasset" 4922
"/Engine/EngineMaterials/Substrate/GLints/dict_16_192_64_0p5_0p02_0039_0008" 4923
"/Engine/EngineMaterials/Substrate/GLints/dict_16_192_64_0p5_0p02_0039_0009" 4924
"/Engine/EngineMaterials/Substrate/GLints/dict_16_192_64_0p5_0p02_0039_0001" 4925
"/Engine/EngineMaterials/Substrate/GLints/dict_16_192_64_0p5_0p02_0039_0002" 4926
"../../../Engine/Content/EngineMaterials/Substrate/GLints/dict_16_192_64_0p5_0p02_0038_0009.uasset" 4927
"../../../Engine/Content/EngineMaterials/Substrate/GLints/dict_16_192_64_0p5_0p02_0038_0008.uasset" 4928
"../../../Engine/Content/EngineMaterials/Substrate/GLints/dict_16_192_64_0p5_0p02_0038_0010.uasset" 4929
"../../../Engine/Content/EngineMaterials/Substrate/GLints/dict_16_192_64_0p5_0p02_0038_0007.uasset" 4930
"../../../Engine/Content/EngineMaterials/Substrate/GLints/dict_16_192_64_0p5_0p02_0038_0011.uasset" 4931
"/Engine/EngineMaterials/Substrate/GLints/dict_16_192_64_0p5_0p02_0039_0003" 4932
"/Engine/EngineMaterials/Substrate/GLints/dict_16_192_64_0p5_0p02_0039_0005" 4933
"/Engine/EngineMaterials/Substrate/GLints/dict_16_192_64_0p5_0p02_0039_0004" 4934
"/Engine/EngineMaterials/Substrate/GLints/dict_16_192_64_0p5_0p02_0038_0011" 4935
"/Engine/EngineMaterials/Substrate/GLints/dict_16_192_64_0p5_0p02_0038_0012" 4936
"/Engine/EngineMaterials/Substrate/GLints/dict_16_192_64_0p5_0p02_0038_0013" 4937
"/Engine/EngineMaterials/Substrate/GLints/dict_16_192_64_0p5_0p02_0038_0014" 4938
"/Engine/EngineMaterials/Substrate/GLints/dict_16_192_64_0p5_0p02_0038_0015" 4939
"/Engine/EngineMaterials/Substrate/GLints/dict_16_192_64_0p5_0p02_0039_0000" 4940
"../../../Engine/Content/EngineMaterials/Substrate/GLints/dict_16_192_64_0p5_0p02_0038_0006.uasset" 4941
"../../../Engine/Content/EngineMaterials/Substrate/GLints/dict_16_192_64_0p5_0p02_0038_0005.uasset" 4942
"/Engine/EngineMaterials/Substrate/GLints/dict_16_192_64_0p5_0p02_0038_0007" 4943
"/Engine/EngineMaterials/Substrate/GLints/dict_16_192_64_0p5_0p02_0038_0008" 4944
"/Engine/EngineMaterials/Substrate/GLints/dict_16_192_64_0p5_0p02_0038_0009" 4945
"/Engine/EngineMaterials/Substrate/GLints/dict_16_192_64_0p5_0p02_0038_0010" 4946
"../../../Engine/Content/EngineMaterials/Substrate/GLints/dict_16_192_64_0p5_0p02_0038_0003.uasset" 4947
"../../../Engine/Content/EngineMaterials/Substrate/GLints/dict_16_192_64_0p5_0p02_0038_0001.uasset" 4948
"../../../Engine/Content/EngineMaterials/Substrate/GLints/dict_16_192_64_0p5_0p02_0038_0004.uasset" 4949
"../../../Engine/Content/EngineMaterials/Substrate/GLints/dict_16_192_64_0p5_0p02_0038_0002.uasset" 4950
"/Engine/EngineMaterials/Substrate/GLints/dict_16_192_64_0p5_0p02_0038_0001" 4951
"/Engine/EngineMaterials/Substrate/GLints/dict_16_192_64_0p5_0p02_0038_0002" 4952
"/Engine/EngineMaterials/Substrate/GLints/dict_16_192_64_0p5_0p02_0038_0003" 4953
"/Engine/EngineMaterials/Substrate/GLints/dict_16_192_64_0p5_0p02_0038_0004" 4954
"../../../Engine/Content/EngineMaterials/Substrate/GLints/dict_16_192_64_0p5_0p02_0038_0000.uasset" 4955
"/Engine/EngineMaterials/Substrate/GLints/dict_16_192_64_0p5_0p02_0038_0005" 4956
"../../../Engine/Content/EngineMaterials/Substrate/GLints/dict_16_192_64_0p5_0p02_0037_0013.uasset" 4957
"/Engine/EngineMaterials/Substrate/GLints/dict_16_192_64_0p5_0p02_0038_0006" 4958
"../../../Engine/Content/EngineMaterials/Substrate/GLints/dict_16_192_64_0p5_0p02_0037_0014.uasset" 4959
"/Engine/EngineMaterials/Substrate/GLints/dict_16_192_64_0p5_0p02_0038_0000" 4960
"/Engine/EngineMaterials/Substrate/GLints/dict_16_192_64_0p5_0p02_0037_0013" 4961
"/Engine/EngineMaterials/Substrate/GLints/dict_16_192_64_0p5_0p02_0037_0014" 4962
"../../../Engine/Content/EngineMaterials/Substrate/GLints/dict_16_192_64_0p5_0p02_0037_0015.uasset" 4963
"../../../Engine/Content/EngineMaterials/Substrate/GLints/dict_16_192_64_0p5_0p02_0037_0009.uasset" 4964
"../../../Engine/Content/EngineMaterials/Substrate/GLints/dict_16_192_64_0p5_0p02_0037_0012.uasset" 4965
"../../../Engine/Content/EngineMaterials/Substrate/GLints/dict_16_192_64_0p5_0p02_0037_0011.uasset" 4966
"../../../Engine/Content/EngineMaterials/Substrate/GLints/dict_16_192_64_0p5_0p02_0037_0007.uasset" 4967
"../../../Engine/Content/EngineMaterials/Substrate/GLints/dict_16_192_64_0p5_0p02_0037_0008.uasset" 4968
"../../../Engine/Content/EngineMaterials/Substrate/GLints/dict_16_192_64_0p5_0p02_0037_0006.uasset" 4969
"../../../Engine/Content/EngineMaterials/Substrate/GLints/dict_16_192_64_0p5_0p02_0037_0010.uasset" 4970
"../../../Engine/Content/EngineMaterials/Substrate/GLints/dict_16_192_64_0p5_0p02_0037_0005.uasset" 4971
"../../../Engine/Content/EngineMaterials/Substrate/GLints/dict_16_192_64_0p5_0p02_0037_0004.uasset" 4972
"/Engine/EngineMaterials/Substrate/GLints/dict_16_192_64_0p5_0p02_0037_0007" 4973
"../../../Engine/Content/EngineMaterials/Substrate/GLints/dict_16_192_64_0p5_0p02_0036_0014.uasset" 4974
"../../../Engine/Content/EngineMaterials/Substrate/GLints/dict_16_192_64_0p5_0p02_0036_0015.uasset" 4975
"../../../Engine/Content/EngineMaterials/Substrate/GLints/dict_16_192_64_0p5_0p02_0037_0000.uasset" 4976
"../../../Engine/Content/EngineMaterials/Substrate/GLints/dict_16_192_64_0p5_0p02_0037_0003.uasset" 4977
"/Engine/EngineMaterials/Substrate/GLints/dict_16_192_64_0p5_0p02_0037_0008" 4978
"/Engine/EngineMaterials/Substrate/GLints/dict_16_192_64_0p5_0p02_0037_0009" 4979
"../../../Engine/Content/EngineMaterials/Substrate/GLints/dict_16_192_64_0p5_0p02_0037_0002.uasset" 4980
"/Engine/EngineMaterials/Substrate/GLints/dict_16_192_64_0p5_0p02_0037_0010" 4981
"/Engine/EngineMaterials/Substrate/GLints/dict_16_192_64_0p5_0p02_0037_0011" 4982
"/Engine/EngineMaterials/Substrate/GLints/dict_16_192_64_0p5_0p02_0037_0004" 4983
"../../../Engine/Content/EngineMaterials/Substrate/GLints/dict_16_192_64_0p5_0p02_0037_0001.uasset" 4984
"/Engine/EngineMaterials/Substrate/GLints/dict_16_192_64_0p5_0p02_0037_0012" 4985
"/Engine/EngineMaterials/Substrate/GLints/dict_16_192_64_0p5_0p02_0037_0015" 4986
"/Engine/EngineMaterials/Substrate/GLints/dict_16_192_64_0p5_0p02_0037_0005" 4987
"/Engine/EngineMaterials/Substrate/GLints/dict_16_192_64_0p5_0p02_0037_0006" 4988
"../../../Engine/Content/EngineMaterials/Substrate/GLints/dict_16_192_64_0p5_0p02_0036_0013.uasset" 4989
"/Engine/EngineMaterials/Substrate/GLints/dict_16_192_64_0p5_0p02_0036_0013" 4990
"/Engine/EngineMaterials/Substrate/GLints/dict_16_192_64_0p5_0p02_0036_0014" 4991
"../../../Engine/Content/EngineMaterials/Substrate/GLints/dict_16_192_64_0p5_0p02_0036_0011.uasset" 4992
"/Engine/EngineMaterials/Substrate/GLints/dict_16_192_64_0p5_0p02_0036_0015" 4993
"/Engine/EngineMaterials/Substrate/GLints/dict_16_192_64_0p5_0p02_0037_0000" 4994
"/Engine/EngineMaterials/Substrate/GLints/dict_16_192_64_0p5_0p02_0037_0001" 4995
"/Engine/EngineMaterials/Substrate/GLints/dict_16_192_64_0p5_0p02_0037_0002" 4996
"/Engine/EngineMaterials/Substrate/GLints/dict_16_192_64_0p5_0p02_0037_0003" 4997
"/Engine/EngineMaterials/Substrate/GLints/dict_16_192_64_0p5_0p02_0036_0011" 4998
"../../../Engine/Content/EngineMaterials/Substrate/GLints/dict_16_192_64_0p5_0p02_0036_0012.uasset" 4999
"../../../Engine/Content/EngineMaterials/Substrate/GLints/dict_16_192_64_0p5_0p02_0036_0010.uasset" 5000
"../../../Engine/Content/EngineMaterials/Substrate/GLints/dict_16_192_64_0p5_0p02_0036_0006.uasset" 5001
"../../../Engine/Content/EngineMaterials/Substrate/GLints/dict_16_192_64_0p5_0p02_0036_0009.uasset" 5002
"../../../Engine/Content/EngineMaterials/Substrate/GLints/dict_16_192_64_0p5_0p02_0036_0007.uasset" 5003
"../../../Engine/Content/EngineMaterials/Substrate/GLints/dict_16_192_64_0p5_0p02_0036_0005.uasset" 5004
"../../../Engine/Content/EngineMaterials/Substrate/GLints/dict_16_192_64_0p5_0p02_0036_0008.uasset" 5005
"../../../Engine/Content/EngineMaterials/Substrate/GLints/dict_16_192_64_0p5_0p02_0036_0004.uasset" 5006
"../../../Engine/Content/EngineMaterials/Substrate/GLints/dict_16_192_64_0p5_0p02_0036_0003.uasset" 5007
"../../../Engine/Content/EngineMaterials/Substrate/GLints/dict_16_192_64_0p5_0p02_0036_0002.uasset" 5008
"../../../Engine/Content/EngineMaterials/Substrate/GLints/dict_16_192_64_0p5_0p02_0035_0011.uasset" 5009
"../../../Engine/Content/EngineMaterials/Substrate/GLints/dict_16_192_64_0p5_0p02_0036_0000.uasset" 5010
"../../../Engine/Content/EngineMaterials/Substrate/GLints/dict_16_192_64_0p5_0p02_0035_0014.uasset" 5011
"../../../Engine/Content/EngineMaterials/Substrate/GLints/dict_16_192_64_0p5_0p02_0035_0013.uasset" 5012
"../../../Engine/Content/EngineMaterials/Substrate/GLints/dict_16_192_64_0p5_0p02_0035_0012.uasset" 5013
"../../../Engine/Content/EngineMaterials/Substrate/GLints/dict_16_192_64_0p5_0p02_0036_0001.uasset" 5014
"/Engine/EngineMaterials/Substrate/GLints/dict_16_192_64_0p5_0p02_0036_0007" 5015
"../../../Engine/Content/EngineMaterials/Substrate/GLints/dict_16_192_64_0p5_0p02_0035_0015.uasset" 5016
"/Engine/EngineMaterials/Substrate/GLints/dict_16_192_64_0p5_0p02_0036_0008" 5017
"/Engine/EngineMaterials/Substrate/GLints/dict_16_192_64_0p5_0p02_0036_0009" 5018
"/Engine/EngineMaterials/Substrate/GLints/dict_16_192_64_0p5_0p02_0036_0010" 5019
"/Engine/EngineMaterials/Substrate/GLints/dict_16_192_64_0p5_0p02_0036_0012" 5020
"/Engine/EngineMaterials/Substrate/GLints/dict_16_192_64_0p5_0p02_0036_0004" 5021
"/Engine/EngineMaterials/Substrate/GLints/dict_16_192_64_0p5_0p02_0036_0005" 5022
"/Engine/EngineMaterials/Substrate/GLints/dict_16_192_64_0p5_0p02_0036_0006" 5023
"/Engine/EngineMaterials/Substrate/GLints/dict_16_192_64_0p5_0p02_0036_0002" 5024
"/Engine/EngineMaterials/Substrate/GLints/dict_16_192_64_0p5_0p02_0036_0003" 5025
"../../../Engine/Content/EngineMaterials/Substrate/GLints/dict_16_192_64_0p5_0p02_0035_0009.uasset" 5026
"../../../Engine/Content/EngineMaterials/Substrate/GLints/dict_16_192_64_0p5_0p02_0035_0010.uasset" 5027
"../../../Engine/Content/EngineMaterials/Substrate/GLints/dict_16_192_64_0p5_0p02_0035_0008.uasset" 5028
"/Engine/EngineMaterials/Substrate/GLints/dict_16_192_64_0p5_0p02_0035_0011" 5029
"/Engine/EngineMaterials/Substrate/GLints/dict_16_192_64_0p5_0p02_0035_0012" 5030
"../../../Engine/Content/EngineMaterials/Substrate/GLints/dict_16_192_64_0p5_0p02_0035_0002.uasset" 5031
"../../../Engine/Content/EngineMaterials/Substrate/GLints/dict_16_192_64_0p5_0p02_0055_0004.uasset" 5032
"../../../Engine/Content/EngineMaterials/Substrate/GLints/dict_16_192_64_0p5_0p02_0035_0006.uasset" 5033
"../../../Engine/Content/EngineMaterials/Substrate/GLints/dict_16_192_64_0p5_0p02_0035_0007.uasset" 5034
"../../../Engine/Content/EngineMaterials/Substrate/GLints/dict_16_192_64_0p5_0p02_0035_0004.uasset" 5035
"/Engine/EngineMaterials/Substrate/GLints/dict_16_192_64_0p5_0p02_0035_0013" 5036
"/Engine/EngineMaterials/Substrate/GLints/dict_16_192_64_0p5_0p02_0035_0008" 5037
"/Engine/EngineMaterials/Substrate/GLints/dict_16_192_64_0p5_0p02_0035_0009" 5038
"../../../Engine/Content/EngineMaterials/Substrate/GLints/dict_16_192_64_0p5_0p02_0035_0003.uasset" 5039
"../../../Engine/Content/EngineMaterials/Substrate/GLints/dict_16_192_64_0p5_0p02_0035_0005.uasset" 5040
"/Engine/EngineMaterials/Substrate/GLints/dict_16_192_64_0p5_0p02_0035_0014" 5041
"/Engine/EngineMaterials/Substrate/GLints/dict_16_192_64_0p5_0p02_0035_0015" 5042
"/Engine/EngineMaterials/Substrate/GLints/dict_16_192_64_0p5_0p02_0036_0000" 5043
"../../../Engine/Content/EngineMaterials/Substrate/GLints/dict_16_192_64_0p5_0p02_0034_0015.uasset" 5044
"../../../Engine/Content/EngineMaterials/Substrate/GLints/dict_16_192_64_0p5_0p02_0035_0001.uasset" 5045
"/Engine/EngineMaterials/Substrate/GLints/dict_16_192_64_0p5_0p02_0036_0001" 5046
"/Engine/EngineMaterials/Substrate/GLints/dict_16_192_64_0p5_0p02_0035_0010" 5047
"/Engine/EngineMaterials/Substrate/GLints/dict_16_192_64_0p5_0p02_0035_0003" 5048
"../../../Engine/Content/EngineMaterials/Substrate/GLints/dict_16_192_64_0p5_0p02_0035_0000.uasset" 5049
"/Engine/EngineMaterials/Substrate/GLints/dict_16_192_64_0p5_0p02_0055_0004" 5050
"../../../Engine/Content/EngineMaterials/Substrate/GLints/dict_16_192_64_0p5_0p02_0034_0013.uasset" 5051
"../../../Engine/Content/EngineMaterials/Substrate/GLints/dict_16_192_64_0p5_0p02_0034_0014.uasset" 5052
"../../../Engine/Content/EngineMaterials/Substrate/GLints/dict_16_192_64_0p5_0p02_0034_0012.uasset" 5053
"/Engine/EngineMaterials/Substrate/GLints/dict_16_192_64_0p5_0p02_0035_0002" 5054
"../../../Engine/Content/EngineMaterials/Substrate/GLints/dict_16_192_64_0p5_0p02_0034_0011.uasset" 5055
"../../../Engine/Content/EngineMaterials/Substrate/GLints/dict_16_192_64_0p5_0p02_0034_0010.uasset" 5056
"/Engine/EngineMaterials/Substrate/GLints/dict_16_192_64_0p5_0p02_0035_0004" 5057
"/Engine/EngineMaterials/Substrate/GLints/dict_16_192_64_0p5_0p02_0035_0005" 5058
"/Engine/EngineMaterials/Substrate/GLints/dict_16_192_64_0p5_0p02_0035_0006" 5059
"/Engine/EngineMaterials/Substrate/GLints/dict_16_192_64_0p5_0p02_0035_0007" 5060
"/Engine/EngineMaterials/Substrate/GLints/dict_16_192_64_0p5_0p02_0034_0015" 5061
"/Engine/EngineMaterials/Substrate/GLints/dict_16_192_64_0p5_0p02_0035_0001" 5062
"/Engine/EngineMaterials/Substrate/GLints/dict_16_192_64_0p5_0p02_0034_0010" 5063
"/Engine/EngineMaterials/Substrate/GLints/dict_16_192_64_0p5_0p02_0034_0011" 5064
"/Engine/EngineMaterials/Substrate/GLints/dict_16_192_64_0p5_0p02_0034_0012" 5065
"/Engine/EngineMaterials/Substrate/GLints/dict_16_192_64_0p5_0p02_0034_0013" 5066
"/Engine/EngineMaterials/Substrate/GLints/dict_16_192_64_0p5_0p02_0034_0014" 5067
"../../../Engine/Content/EngineMaterials/Substrate/GLints/dict_16_192_64_0p5_0p02_0034_0009.uasset" 5068
"../../../Engine/Content/EngineMaterials/Substrate/GLints/dict_16_192_64_0p5_0p02_0034_0008.uasset" 5069
"/Engine/EngineMaterials/Substrate/GLints/dict_16_192_64_0p5_0p02_0035_0000" 5070
"/Engine/EngineMaterials/Substrate/GLints/dict_16_192_64_0p5_0p02_0034_0008" 5071
"/Engine/EngineMaterials/Substrate/GLints/dict_16_192_64_0p5_0p02_0034_0009" 5072
"../../../Engine/Content/EngineMaterials/Substrate/GLints/dict_16_192_64_0p5_0p02_0034_0007.uasset" 5073
"../../../Engine/Content/EngineMaterials/Substrate/GLints/dict_16_192_64_0p5_0p02_0034_0006.uasset" 5074
"../../../Engine/Content/EngineMaterials/Substrate/GLints/dict_16_192_64_0p5_0p02_0034_0003.uasset" 5075
"../../../Engine/Content/EngineMaterials/Substrate/GLints/dict_16_192_64_0p5_0p02_0034_0004.uasset" 5076
"../../../Engine/Content/EngineMaterials/Substrate/GLints/dict_16_192_64_0p5_0p02_0034_0002.uasset" 5077
"../../../Engine/Content/EngineMaterials/Substrate/GLints/dict_16_192_64_0p5_0p02_0034_0005.uasset" 5078
"../../../Engine/Content/EngineMaterials/Substrate/GLints/dict_16_192_64_0p5_0p02_0034_0001.uasset" 5079
"../../../Engine/Content/EngineMaterials/Substrate/GLints/dict_16_192_64_0p5_0p02_0034_0000.uasset" 5080
"../../../Engine/Content/EngineMaterials/Substrate/GLints/dict_16_192_64_0p5_0p02_0033_0010.uasset" 5081
"../../../Engine/Content/EngineMaterials/Substrate/GLints/dict_16_192_64_0p5_0p02_0033_0011.uasset" 5082
"../../../Engine/Content/EngineMaterials/Substrate/GLints/dict_16_192_64_0p5_0p02_0033_0015.uasset" 5083
"../../../Engine/Content/EngineMaterials/Substrate/GLints/dict_16_192_64_0p5_0p02_0033_0014.uasset" 5084
"../../../Engine/Content/EngineMaterials/Substrate/GLints/dict_16_192_64_0p5_0p02_0033_0012.uasset" 5085
"/Engine/EngineMaterials/Substrate/GLints/dict_16_192_64_0p5_0p02_0034_0000" 5086
"../../../Engine/Content/EngineMaterials/Substrate/GLints/dict_16_192_64_0p5_0p02_0033_0013.uasset" 5087
"/Engine/EngineMaterials/Substrate/GLints/dict_16_192_64_0p5_0p02_0034_0001" 5088
"/Engine/EngineMaterials/Substrate/GLints/dict_16_192_64_0p5_0p02_0033_0010" 5089
"/Engine/EngineMaterials/Substrate/GLints/dict_16_192_64_0p5_0p02_0033_0011" 5090
"/Engine/EngineMaterials/Substrate/GLints/dict_16_192_64_0p5_0p02_0033_0012" 5091
"/Engine/EngineMaterials/Substrate/GLints/dict_16_192_64_0p5_0p02_0034_0002" 5092
"/Engine/EngineMaterials/Substrate/GLints/dict_16_192_64_0p5_0p02_0034_0003" 5093
"/Engine/EngineMaterials/Substrate/GLints/dict_16_192_64_0p5_0p02_0034_0004" 5094
"/Engine/EngineMaterials/Substrate/GLints/dict_16_192_64_0p5_0p02_0034_0005" 5095
"/Engine/EngineMaterials/Substrate/GLints/dict_16_192_64_0p5_0p02_0034_0006" 5096
"/Engine/EngineMaterials/Substrate/GLints/dict_16_192_64_0p5_0p02_0034_0007" 5097
"../../../Engine/Content/EngineMaterials/Substrate/GLints/dict_16_192_64_0p5_0p02_0033_0008.uasset" 5098
"../../../Engine/Content/EngineMaterials/Substrate/GLints/dict_16_192_64_0p5_0p02_0033_0009.uasset" 5099
"/Engine/EngineMaterials/Substrate/GLints/dict_16_192_64_0p5_0p02_0033_0014" 5100
"../../../Engine/Content/EngineMaterials/Substrate/GLints/dict_16_192_64_0p5_0p02_0033_0007.uasset" 5101
"/Engine/EngineMaterials/Substrate/GLints/dict_16_192_64_0p5_0p02_0033_0007" 5102
"/Engine/EngineMaterials/Substrate/GLints/dict_16_192_64_0p5_0p02_0033_0015" 5103
"/Engine/EngineMaterials/Substrate/GLints/dict_16_192_64_0p5_0p02_0033_0008" 5104
"../../../Engine/Content/EngineMaterials/Substrate/GLints/dict_16_192_64_0p5_0p02_0033_0005.uasset" 5105
"../../../Engine/Content/EngineMaterials/Substrate/GLints/dict_16_192_64_0p5_0p02_0033_0002.uasset" 5106
"../../../Engine/Content/EngineMaterials/Substrate/GLints/dict_16_192_64_0p5_0p02_0033_0003.uasset" 5107
"../../../Engine/Content/EngineMaterials/Substrate/GLints/dict_16_192_64_0p5_0p02_0033_0001.uasset" 5108
"/Engine/EngineMaterials/Substrate/GLints/dict_16_192_64_0p5_0p02_0033_0009" 5109
"../../../Engine/Content/EngineMaterials/Substrate/GLints/dict_16_192_64_0p5_0p02_0043_0014.uasset" 5110
"/Engine/EngineMaterials/Substrate/GLints/dict_16_192_64_0p5_0p02_0033_0013" 5111
"/Engine/EngineMaterials/Substrate/GLints/dict_16_192_64_0p5_0p02_0033_0005" 5112
"../../../Engine/Content/EngineMaterials/Substrate/GLints/dict_16_192_64_0p5_0p02_0033_0004.uasset" 5113
"/Engine/EngineMaterials/Substrate/GLints/dict_16_192_64_0p5_0p02_0043_0014" 5114
"../../../Engine/Content/EngineMaterials/Substrate/GLints/dict_16_192_64_0p5_0p02_0033_0006.uasset" 5115
"/Engine/EngineMaterials/Substrate/GLints/dict_16_192_64_0p5_0p02_0033_0001" 5116
"/Engine/EngineMaterials/Substrate/GLints/dict_16_192_64_0p5_0p02_0033_0002" 5117
"/Engine/EngineMaterials/Substrate/GLints/dict_16_192_64_0p5_0p02_0033_0003" 5118
"/Engine/EngineMaterials/Substrate/GLints/dict_16_192_64_0p5_0p02_0033_0006" 5119
"/Engine/EngineMaterials/Substrate/GLints/dict_16_192_64_0p5_0p02_0033_0004" 5120
"../../../Engine/Content/EngineMaterials/Substrate/GLints/dict_16_192_64_0p5_0p02_0033_0000.uasset" 5121
"../../../Engine/Content/EngineMaterials/Substrate/GLints/dict_16_192_64_0p5_0p02_0032_0015.uasset" 5122
"/Engine/EngineMaterials/Substrate/GLints/dict_16_192_64_0p5_0p02_0032_0015" 5123
"../../../Engine/Content/EngineMaterials/Substrate/GLints/dict_16_192_64_0p5_0p02_0032_0014.uasset" 5124
"../../../Engine/Content/EngineMaterials/Substrate/GLints/dict_16_192_64_0p5_0p02_0032_0012.uasset" 5125
"../../../Engine/Content/EngineMaterials/Substrate/GLints/dict_16_192_64_0p5_0p02_0032_0010.uasset" 5126
"../../../Engine/Content/EngineMaterials/Substrate/GLints/dict_16_192_64_0p5_0p02_0032_0011.uasset" 5127
"../../../Engine/Content/EngineMaterials/Substrate/GLints/dict_16_192_64_0p5_0p02_0032_0013.uasset" 5128
"../../../Engine/Content/EngineMaterials/Substrate/GLints/dict_16_192_64_0p5_0p02_0032_0008.uasset" 5129
"../../../Engine/Content/EngineMaterials/Substrate/GLints/dict_16_192_64_0p5_0p02_0032_0007.uasset" 5130
"../../../Engine/Content/EngineMaterials/Substrate/GLints/dict_16_192_64_0p5_0p02_0032_0004.uasset" 5131
"../../../Engine/Content/EngineMaterials/Substrate/GLints/dict_16_192_64_0p5_0p02_0032_0003.uasset" 5132
"../../../Engine/Content/EngineMaterials/Substrate/GLints/dict_16_192_64_0p5_0p02_0032_0001.uasset" 5133
"../../../Engine/Content/EngineMaterials/Substrate/GLints/dict_16_192_64_0p5_0p02_0032_0005.uasset" 5134
"../../../Engine/Content/EngineMaterials/Substrate/GLints/dict_16_192_64_0p5_0p02_0032_0002.uasset" 5135
"../../../Engine/Content/EngineMaterials/Substrate/GLints/dict_16_192_64_0p5_0p02_0032_0000.uasset" 5136
"../../../Engine/Content/EngineMaterials/Substrate/GLints/dict_16_192_64_0p5_0p02_0052_0012.uasset" 5137
"/Engine/EngineMaterials/Substrate/GLints/dict_16_192_64_0p5_0p02_0032_0013" 5138
"../../../Engine/Content/EngineMaterials/Substrate/GLints/dict_16_192_64_0p5_0p02_0044_0013.uasset" 5139
"../../../Engine/Content/EngineMaterials/Substrate/GLints/dict_16_192_64_0p5_0p02_0032_0006.uasset" 5140
"/Engine/EngineMaterials/Substrate/GLints/dict_16_192_64_0p5_0p02_0032_0001" 5141
"/Engine/EngineMaterials/Substrate/GLints/dict_16_192_64_0p5_0p02_0032_0002" 5142
"/Engine/EngineMaterials/Substrate/GLints/dict_16_192_64_0p5_0p02_0032_0014" 5143
"/Engine/EngineMaterials/Substrate/GLints/dict_16_192_64_0p5_0p02_0033_0000" 5144
"/Engine/EngineMaterials/Substrate/GLints/dict_16_192_64_0p5_0p02_0032_0003" 5145
"../../../Engine/Content/EngineMaterials/Substrate/GLints/dict_16_192_64_0p5_0p02_0031_0015.uasset" 5146
"/Engine/EngineMaterials/Substrate/GLints/dict_16_192_64_0p5_0p02_0032_0004" 5147
"/Engine/EngineMaterials/Substrate/GLints/dict_16_192_64_0p5_0p02_0032_0005" 5148
"/Engine/EngineMaterials/Substrate/GLints/dict_16_192_64_0p5_0p02_0032_0007" 5149
"../../../Engine/Content/EngineMaterials/Substrate/GLints/dict_16_192_64_0p5_0p02_0031_0014.uasset" 5150
"/Engine/EngineMaterials/Substrate/GLints/dict_16_192_64_0p5_0p02_0032_0008" 5151
"/Engine/EngineMaterials/Substrate/GLints/dict_16_192_64_0p5_0p02_0032_0010" 5152
"/Engine/EngineMaterials/Substrate/GLints/dict_16_192_64_0p5_0p02_0032_0000" 5153
"/Engine/EngineMaterials/Substrate/GLints/dict_16_192_64_0p5_0p02_0052_0012" 5154
"/Engine/EngineMaterials/Substrate/GLints/dict_16_192_64_0p5_0p02_0032_0011" 5155
"../../../Engine/Content/EngineMaterials/Substrate/GLints/dict_16_192_64_0p5_0p02_0031_0008.uasset" 5156
"../../../Engine/Content/EngineMaterials/Substrate/GLints/dict_16_192_64_0p5_0p02_0031_0012.uasset" 5157
"../../../Engine/Content/EngineMaterials/Substrate/GLints/dict_16_192_64_0p5_0p02_0031_0009.uasset" 5158
"../../../Engine/Content/EngineMaterials/Substrate/GLints/dict_16_192_64_0p5_0p02_0031_0010.uasset" 5159
"../../../Engine/Content/EngineMaterials/Substrate/GLints/dict_16_192_64_0p5_0p02_0031_0013.uasset" 5160
"/Engine/EngineMaterials/Substrate/GLints/dict_16_192_64_0p5_0p02_0032_0012" 5161
"/Engine/EngineMaterials/Substrate/GLints/dict_16_192_64_0p5_0p02_0031_0012" 5162
"/Engine/EngineMaterials/Substrate/GLints/dict_16_192_64_0p5_0p02_0031_0013" 5163
"/Engine/EngineMaterials/Substrate/GLints/dict_16_192_64_0p5_0p02_0044_0013" 5164
"../../../Engine/Content/EngineMaterials/Substrate/GLints/dict_16_192_64_0p5_0p02_0031_0007.uasset" 5165
"../../../Engine/Content/EngineMaterials/Substrate/GLints/dict_16_192_64_0p5_0p02_0031_0004.uasset" 5166
"/Engine/EngineMaterials/Substrate/GLints/dict_16_192_64_0p5_0p02_0031_0014" 5167
"../../../Engine/Content/EngineMaterials/Substrate/GLints/dict_16_192_64_0p5_0p02_0031_0011.uasset" 5168
"/Engine/EngineMaterials/Substrate/GLints/dict_16_192_64_0p5_0p02_0031_0015" 5169
"/Engine/EngineMaterials/Substrate/GLints/dict_16_192_64_0p5_0p02_0031_0008" 5170
"/Engine/EngineMaterials/Substrate/GLints/dict_16_192_64_0p5_0p02_0031_0009" 5171
"/Engine/EngineMaterials/Substrate/GLints/dict_16_192_64_0p5_0p02_0032_0006" 5172
"/Engine/EngineMaterials/Substrate/GLints/dict_16_192_64_0p5_0p02_0031_0010" 5173
"/Engine/EngineMaterials/Substrate/GLints/dict_16_192_64_0p5_0p02_0031_0007" 5174
"/Engine/EngineMaterials/Substrate/GLints/dict_16_192_64_0p5_0p02_0031_0004" 5175
"/Engine/EngineMaterials/Substrate/GLints/dict_16_192_64_0p5_0p02_0031_0011" 5176
"../../../Engine/Content/EngineMaterials/Substrate/GLints/dict_16_192_64_0p5_0p02_0031_0003.uasset" 5177
"../../../Engine/Content/EngineMaterials/Substrate/GLints/dict_16_192_64_0p5_0p02_0031_0002.uasset" 5178
"../../../Engine/Content/EngineMaterials/Substrate/GLints/dict_16_192_64_0p5_0p02_0030_0015.uasset" 5179
"../../../Engine/Content/EngineMaterials/Substrate/GLints/dict_16_192_64_0p5_0p02_0031_0001.uasset" 5180
"../../../Engine/Content/EngineMaterials/Substrate/GLints/dict_16_192_64_0p5_0p02_0030_0014.uasset" 5181
"../../../Engine/Content/EngineMaterials/Substrate/GLints/dict_16_192_64_0p5_0p02_0031_0000.uasset" 5182
"/Engine/EngineMaterials/Substrate/GLints/dict_16_192_64_0p5_0p02_0030_0014" 5183
"../../../Engine/Content/EngineMaterials/Substrate/GLints/dict_16_192_64_0p5_0p02_0030_0010.uasset" 5184
"../../../Engine/Content/EngineMaterials/Substrate/GLints/dict_16_192_64_0p5_0p02_0030_0012.uasset" 5185
"../../../Engine/Content/EngineMaterials/Substrate/GLints/dict_16_192_64_0p5_0p02_0030_0013.uasset" 5186
"../../../Engine/Content/EngineMaterials/Substrate/GLints/dict_16_192_64_0p5_0p02_0030_0009.uasset" 5187
"../../../Engine/Content/EngineMaterials/Substrate/GLints/dict_16_192_64_0p5_0p02_0030_0011.uasset" 5188
"../../../Engine/Content/EngineMaterials/Substrate/GLints/dict_16_192_64_0p5_0p02_0030_0008.uasset" 5189
"/Engine/EngineMaterials/Substrate/GLints/dict_16_192_64_0p5_0p02_0030_0015" 5190
"/Engine/EngineMaterials/Substrate/GLints/dict_16_192_64_0p5_0p02_0031_0000" 5191
"/Engine/EngineMaterials/Substrate/GLints/dict_16_192_64_0p5_0p02_0031_0001" 5192
"/Engine/EngineMaterials/Substrate/GLints/dict_16_192_64_0p5_0p02_0031_0002" 5193
"/Engine/EngineMaterials/Substrate/GLints/dict_16_192_64_0p5_0p02_0031_0003" 5194
"/Engine/EngineMaterials/Substrate/GLints/dict_16_192_64_0p5_0p02_0030_0008" 5195
"/Engine/EngineMaterials/Substrate/GLints/dict_16_192_64_0p5_0p02_0030_0009" 5196
"/Engine/EngineMaterials/Substrate/GLints/dict_16_192_64_0p5_0p02_0030_0010" 5197
"/Engine/EngineMaterials/Substrate/GLints/dict_16_192_64_0p5_0p02_0030_0011" 5198
"/Engine/EngineMaterials/Substrate/GLints/dict_16_192_64_0p5_0p02_0030_0012" 5199
"/Engine/EngineMaterials/Substrate/GLints/dict_16_192_64_0p5_0p02_0030_0013" 5200
"../../../Engine/Content/EngineMaterials/Substrate/GLints/dict_16_192_64_0p5_0p02_0030_0007.uasset" 5201
"../../../Engine/Content/EngineMaterials/Substrate/GLints/dict_16_192_64_0p5_0p02_0030_0002.uasset" 5202
"../../../Engine/Content/EngineMaterials/Substrate/GLints/dict_16_192_64_0p5_0p02_0030_0005.uasset" 5203
"../../../Engine/Content/EngineMaterials/Substrate/GLints/dict_16_192_64_0p5_0p02_0030_0004.uasset" 5204
"../../../Engine/Content/EngineMaterials/Substrate/GLints/dict_16_192_64_0p5_0p02_0030_0006.uasset" 5205
"../../../Engine/Content/EngineMaterials/Substrate/GLints/dict_16_192_64_0p5_0p02_0030_0003.uasset" 5206
"/Engine/EngineMaterials/Substrate/GLints/dict_16_192_64_0p5_0p02_0030_0005" 5207
"../../../Engine/Content/EngineMaterials/Substrate/GLints/dict_16_192_64_0p5_0p02_0050_0008.uasset" 5208
"/Engine/EngineMaterials/Substrate/GLints/dict_16_192_64_0p5_0p02_0030_0006" 5209
"/Engine/EngineMaterials/Substrate/GLints/dict_16_192_64_0p5_0p02_0030_0007" 5210
"/Engine/EngineMaterials/Substrate/GLints/dict_16_192_64_0p5_0p02_0030_0002" 5211
"../../../Engine/Content/EngineMaterials/Substrate/GLints/dict_16_192_64_0p5_0p02_0029_0015.uasset" 5212
"../../../Engine/Content/EngineMaterials/Substrate/GLints/dict_16_192_64_0p5_0p02_0030_0001.uasset" 5213
"../../../Engine/Content/EngineMaterials/Substrate/GLints/dict_16_192_64_0p5_0p02_0029_0013.uasset" 5214
"../../../Engine/Content/EngineMaterials/Substrate/GLints/dict_16_192_64_0p5_0p02_0029_0012.uasset" 5215
"/Engine/EngineMaterials/Substrate/GLints/dict_16_192_64_0p5_0p02_0030_0003" 5216
"/Engine/EngineMaterials/Substrate/GLints/dict_16_192_64_0p5_0p02_0030_0004" 5217
"../../../Engine/Content/EngineMaterials/Substrate/GLints/dict_16_192_64_0p5_0p02_0030_0000.uasset" 5218
"../../../Engine/Content/EngineMaterials/Substrate/GLints/dict_16_192_64_0p5_0p02_0029_0014.uasset" 5219
"/Engine/EngineMaterials/Substrate/GLints/dict_16_192_64_0p5_0p02_0029_0012" 5220
"/Engine/EngineMaterials/Substrate/GLints/dict_16_192_64_0p5_0p02_0029_0013" 5221
"/Engine/EngineMaterials/Substrate/GLints/dict_16_192_64_0p5_0p02_0050_0008" 5222
"/Engine/EngineMaterials/Substrate/GLints/dict_16_192_64_0p5_0p02_0029_0015" 5223
"/Engine/EngineMaterials/Substrate/GLints/dict_16_192_64_0p5_0p02_0030_0001" 5224
"/Engine/EngineMaterials/Substrate/GLints/dict_16_192_64_0p5_0p02_0029_0014" 5225
"/Engine/EngineMaterials/Substrate/GLints/dict_16_192_64_0p5_0p02_0030_0000" 5226
"../../../Engine/Content/EngineMaterials/Substrate/GLints/dict_16_192_64_0p5_0p02_0029_0009.uasset" 5227
"../../../Engine/Content/EngineMaterials/Substrate/GLints/dict_16_192_64_0p5_0p02_0029_0010.uasset" 5228
"../../../Engine/Content/EngineMaterials/Substrate/GLints/dict_16_192_64_0p5_0p02_0029_0008.uasset" 5229
"../../../Engine/Content/EngineMaterials/Substrate/GLints/dict_16_192_64_0p5_0p02_0029_0005.uasset" 5230
"../../../Engine/Content/EngineMaterials/Substrate/GLints/dict_16_192_64_0p5_0p02_0029_0007.uasset" 5231
"../../../Engine/Content/EngineMaterials/Substrate/GLints/dict_16_192_64_0p5_0p02_0029_0006.uasset" 5232
"/Engine/EngineMaterials/Substrate/GLints/dict_16_192_64_0p5_0p02_0029_0009" 5233
"../../../Engine/Content/EngineMaterials/Substrate/GLints/dict_16_192_64_0p5_0p02_0050_0015.uasset" 5234
"/Engine/EngineMaterials/Substrate/GLints/dict_16_192_64_0p5_0p02_0029_0010" 5235
"/Engine/EngineMaterials/Substrate/GLints/dict_16_192_64_0p5_0p02_0029_0005" 5236
"../../../Engine/Content/EngineMaterials/Substrate/GLints/dict_16_192_64_0p5_0p02_0029_0004.uasset" 5237
"/Engine/EngineMaterials/Substrate/GLints/dict_16_192_64_0p5_0p02_0029_0006" 5238
"../../../Engine/Content/EngineMaterials/Substrate/GLints/dict_16_192_64_0p5_0p02_0029_0002.uasset" 5239
"../../../Engine/Content/EngineMaterials/Substrate/GLints/dict_16_192_64_0p5_0p02_0029_0001.uasset" 5240
"../../../Engine/Content/EngineMaterials/Substrate/GLints/dict_16_192_64_0p5_0p02_0029_0000.uasset" 5241
"../../../Engine/Content/EngineMaterials/Substrate/GLints/dict_16_192_64_0p5_0p02_0029_0003.uasset" 5242
"../../../Engine/Content/EngineMaterials/Substrate/GLints/dict_16_192_64_0p5_0p02_0028_0015.uasset" 5243
"/Engine/EngineMaterials/Substrate/GLints/dict_16_192_64_0p5_0p02_0029_0007" 5244
"../../../Engine/Content/EngineMaterials/Substrate/GLints/dict_16_192_64_0p5_0p02_0029_0011.uasset" 5245
"/Engine/EngineMaterials/Substrate/GLints/dict_16_192_64_0p5_0p02_0029_0008" 5246
"/Engine/EngineMaterials/Substrate/GLints/dict_16_192_64_0p5_0p02_0028_0015" 5247
"/Engine/EngineMaterials/Substrate/GLints/dict_16_192_64_0p5_0p02_0029_0000" 5248
"/Engine/EngineMaterials/Substrate/GLints/dict_16_192_64_0p5_0p02_0029_0001" 5249
"/Engine/EngineMaterials/Substrate/GLints/dict_16_192_64_0p5_0p02_0029_0002" 5250
"/Engine/EngineMaterials/Substrate/GLints/dict_16_192_64_0p5_0p02_0050_0015" 5251
"/Engine/EngineMaterials/Substrate/GLints/dict_16_192_64_0p5_0p02_0029_0003" 5252
"/Engine/EngineMaterials/Substrate/GLints/dict_16_192_64_0p5_0p02_0029_0004" 5253
"/Engine/EngineMaterials/Substrate/GLints/dict_16_192_64_0p5_0p02_0029_0011" 5254
"../../../Engine/Content/EngineMaterials/Substrate/GLints/dict_16_192_64_0p5_0p02_0028_0013.uasset" 5255
"../../../Engine/Content/EngineMaterials/Substrate/GLints/dict_16_192_64_0p5_0p02_0028_0012.uasset" 5256
"../../../Engine/Content/EngineMaterials/Substrate/GLints/dict_16_192_64_0p5_0p02_0028_0010.uasset" 5257
"../../../Engine/Content/EngineMaterials/Substrate/GLints/dict_16_192_64_0p5_0p02_0028_0009.uasset" 5258
"../../../Engine/Content/EngineMaterials/Substrate/GLints/dict_16_192_64_0p5_0p02_0028_0008.uasset" 5259
"../../../Engine/Content/EngineMaterials/Substrate/GLints/dict_16_192_64_0p5_0p02_0028_0011.uasset" 5260
"/Engine/EngineMaterials/Substrate/GLints/dict_16_192_64_0p5_0p02_0028_0008" 5261
"/Engine/EngineMaterials/Substrate/GLints/dict_16_192_64_0p5_0p02_0028_0009" 5262
"../../../Engine/Content/EngineMaterials/Substrate/GLints/dict_16_192_64_0p5_0p02_0028_0006.uasset" 5263
"../../../Engine/Content/EngineMaterials/Substrate/GLints/dict_16_192_64_0p5_0p02_0028_0003.uasset" 5264
"../../../Engine/Content/EngineMaterials/Substrate/GLints/dict_16_192_64_0p5_0p02_0028_0001.uasset" 5265
"../../../Engine/Content/EngineMaterials/Substrate/GLints/dict_16_192_64_0p5_0p02_0028_0004.uasset" 5266
"../../../Engine/Content/EngineMaterials/Substrate/GLints/dict_16_192_64_0p5_0p02_0028_0005.uasset" 5267
"../../../Engine/Content/EngineMaterials/Substrate/GLints/dict_16_192_64_0p5_0p02_0028_0002.uasset" 5268
"/Engine/EngineMaterials/Substrate/GLints/dict_16_192_64_0p5_0p02_0028_0013" 5269
"/Engine/EngineMaterials/Substrate/GLints/dict_16_192_64_0p5_0p02_0028_0010" 5270
"../../../Engine/Content/EngineMaterials/Substrate/GLints/dict_16_192_64_0p5_0p02_0028_0014.uasset" 5271
"/Engine/EngineMaterials/Substrate/GLints/dict_16_192_64_0p5_0p02_0028_0011" 5272
"/Engine/EngineMaterials/Substrate/GLints/dict_16_192_64_0p5_0p02_0028_0012" 5273
"/Engine/EngineMaterials/Substrate/GLints/dict_16_192_64_0p5_0p02_0028_0002" 5274
"/Engine/EngineMaterials/Substrate/GLints/dict_16_192_64_0p5_0p02_0028_0003" 5275
"/Engine/EngineMaterials/Substrate/GLints/dict_16_192_64_0p5_0p02_0028_0004" 5276
"/Engine/EngineMaterials/Substrate/GLints/dict_16_192_64_0p5_0p02_0028_0014" 5277
"/Engine/EngineMaterials/Substrate/GLints/dict_16_192_64_0p5_0p02_0028_0005" 5278
"/Engine/EngineMaterials/Substrate/GLints/dict_16_192_64_0p5_0p02_0028_0001" 5279
"/Engine/EngineMaterials/Substrate/GLints/dict_16_192_64_0p5_0p02_0028_0006" 5280
"../../../Engine/Content/EngineMaterials/Substrate/GLints/dict_16_192_64_0p5_0p02_0027_0015.uasset" 5281
"../../../Engine/Content/EngineMaterials/Substrate/GLints/dict_16_192_64_0p5_0p02_0027_0011.uasset" 5282
"../../../Engine/Content/EngineMaterials/Substrate/GLints/dict_16_192_64_0p5_0p02_0027_0012.uasset" 5283
"../../../Engine/Content/EngineMaterials/Substrate/GLints/dict_16_192_64_0p5_0p02_0027_0014.uasset" 5284
"../../../Engine/Content/EngineMaterials/Substrate/GLints/dict_16_192_64_0p5_0p02_0032_0009.uasset" 5285
"../../../Engine/Content/EngineMaterials/Substrate/GLints/dict_16_192_64_0p5_0p02_0027_0013.uasset" 5286
"../../../Engine/Content/EngineMaterials/Substrate/GLints/dict_16_192_64_0p5_0p02_0028_0000.uasset" 5287
"/Engine/EngineMaterials/Substrate/GLints/dict_16_192_64_0p5_0p02_0028_0000" 5288
"/Engine/EngineMaterials/Substrate/GLints/dict_16_192_64_0p5_0p02_0027_0011" 5289
"../../../Engine/Content/EngineMaterials/Substrate/GLints/dict_16_192_64_0p5_0p02_0027_0004.uasset" 5290
"../../../Engine/Content/EngineMaterials/Substrate/GLints/dict_16_192_64_0p5_0p02_0027_0008.uasset" 5291
"../../../Engine/Content/EngineMaterials/Substrate/GLints/dict_16_192_64_0p5_0p02_0027_0005.uasset" 5292
"../../../Engine/Content/EngineMaterials/Substrate/GLints/dict_16_192_64_0p5_0p02_0027_0007.uasset" 5293
"../../../Engine/Content/EngineMaterials/Substrate/GLints/dict_16_192_64_0p5_0p02_0027_0006.uasset" 5294
"../../../Engine/Content/EngineMaterials/Substrate/GLints/dict_16_192_64_0p5_0p02_0027_0003.uasset" 5295
"../../../Engine/Content/EngineMaterials/Substrate/GLints/dict_16_192_64_0p5_0p02_0027_0009.uasset" 5296
"/Engine/EngineMaterials/Substrate/GLints/dict_16_192_64_0p5_0p02_0032_0009" 5297
"/Engine/EngineMaterials/Substrate/GLints/dict_16_192_64_0p5_0p02_0027_0012" 5298
"/Engine/EngineMaterials/Substrate/GLints/dict_16_192_64_0p5_0p02_0027_0013" 5299
"/Engine/EngineMaterials/Substrate/GLints/dict_16_192_64_0p5_0p02_0027_0014" 5300
"/Engine/EngineMaterials/Substrate/GLints/dict_16_192_64_0p5_0p02_0027_0015" 5301
"/Engine/EngineMaterials/Substrate/GLints/dict_16_192_64_0p5_0p02_0027_0003" 5302
"/Engine/EngineMaterials/Substrate/GLints/dict_16_192_64_0p5_0p02_0027_0004" 5303
"/Engine/EngineMaterials/Substrate/GLints/dict_16_192_64_0p5_0p02_0027_0005" 5304
"/Engine/EngineMaterials/Substrate/GLints/dict_16_192_64_0p5_0p02_0027_0006" 5305
"/Engine/EngineMaterials/Substrate/GLints/dict_16_192_64_0p5_0p02_0027_0007" 5306
"/Engine/EngineMaterials/Substrate/GLints/dict_16_192_64_0p5_0p02_0027_0008" 5307
"/Engine/EngineMaterials/Substrate/GLints/dict_16_192_64_0p5_0p02_0027_0009" 5308
"../../../Engine/Content/EngineMaterials/Substrate/GLints/dict_16_192_64_0p5_0p02_0026_0013.uasset" 5309
"../../../Engine/Content/EngineMaterials/Substrate/GLints/dict_16_192_64_0p5_0p02_0026_0012.uasset" 5310
"../../../Engine/Content/EngineMaterials/Substrate/GLints/dict_16_192_64_0p5_0p02_0027_0000.uasset" 5311
"../../../Engine/Content/EngineMaterials/Substrate/GLints/dict_16_192_64_0p5_0p02_0027_0002.uasset" 5312
"../../../Engine/Content/EngineMaterials/Substrate/GLints/dict_16_192_64_0p5_0p02_0027_0001.uasset" 5313
"../../../Engine/Content/EngineMaterials/Substrate/GLints/dict_16_192_64_0p5_0p02_0026_0015.uasset" 5314
"../../../Engine/Content/EngineMaterials/Substrate/GLints/dict_16_192_64_0p5_0p02_0026_0014.uasset" 5315
"/Engine/EngineMaterials/Substrate/GLints/dict_16_192_64_0p5_0p02_0026_0012" 5316
"/Engine/EngineMaterials/Substrate/GLints/dict_16_192_64_0p5_0p02_0026_0013" 5317
"/Engine/EngineMaterials/Substrate/GLints/dict_16_192_64_0p5_0p02_0026_0014" 5318
"/Engine/EngineMaterials/Substrate/GLints/dict_16_192_64_0p5_0p02_0026_0015" 5319
"/Engine/EngineMaterials/Substrate/GLints/dict_16_192_64_0p5_0p02_0027_0002" 5320
"/Engine/EngineMaterials/Substrate/GLints/dict_16_192_64_0p5_0p02_0027_0000" 5321
"/Engine/EngineMaterials/Substrate/GLints/dict_16_192_64_0p5_0p02_0027_0001" 5322
"../../../Engine/Content/EngineMaterials/Substrate/GLints/dict_16_192_64_0p5_0p02_0026_0010.uasset" 5323
"../../../Engine/Content/EngineMaterials/Substrate/GLints/dict_16_192_64_0p5_0p02_0026_0005.uasset" 5324
"../../../Engine/Content/EngineMaterials/Substrate/GLints/dict_16_192_64_0p5_0p02_0026_0011.uasset" 5325
"../../../Engine/Content/EngineMaterials/Substrate/GLints/dict_16_192_64_0p5_0p02_0026_0009.uasset" 5326
"../../../Engine/Content/EngineMaterials/Substrate/GLints/dict_16_192_64_0p5_0p02_0026_0006.uasset" 5327
"../../../Engine/Content/EngineMaterials/Substrate/GLints/dict_16_192_64_0p5_0p02_0026_0008.uasset" 5328
"../../../Engine/Content/EngineMaterials/Substrate/GLints/dict_16_192_64_0p5_0p02_0026_0007.uasset" 5329
"/Engine/EngineMaterials/Substrate/GLints/dict_16_192_64_0p5_0p02_0026_0005" 5330
"../../../Engine/Content/EngineMaterials/Substrate/GLints/dict_16_192_64_0p5_0p02_0026_0004.uasset" 5331
"../../../Engine/Content/EngineMaterials/Substrate/GLints/dict_16_192_64_0p5_0p02_0025_0015.uasset" 5332
"../../../Engine/Content/EngineMaterials/Substrate/GLints/dict_16_192_64_0p5_0p02_0026_0000.uasset" 5333
"../../../Engine/Content/EngineMaterials/Substrate/GLints/dict_16_192_64_0p5_0p02_0026_0002.uasset" 5334
"/Engine/EngineMaterials/Substrate/GLints/dict_16_192_64_0p5_0p02_0026_0006" 5335
"../../../Engine/Content/EngineMaterials/Substrate/GLints/dict_16_192_64_0p5_0p02_0026_0003.uasset" 5336
"../../../Engine/Content/EngineMaterials/Substrate/GLints/dict_16_192_64_0p5_0p02_0026_0001.uasset" 5337
"/Engine/EngineMaterials/Substrate/GLints/dict_16_192_64_0p5_0p02_0026_0007" 5338
"../../../Engine/Content/EngineMaterials/Substrate/GLints/dict_16_192_64_0p5_0p02_0025_0014.uasset" 5339
"/Engine/EngineMaterials/Substrate/GLints/dict_16_192_64_0p5_0p02_0026_0008" 5340
"/Engine/EngineMaterials/Substrate/GLints/dict_16_192_64_0p5_0p02_0026_0009" 5341
"/Engine/EngineMaterials/Substrate/GLints/dict_16_192_64_0p5_0p02_0026_0010" 5342
"/Engine/EngineMaterials/Substrate/GLints/dict_16_192_64_0p5_0p02_0026_0011" 5343
"/Engine/EngineMaterials/Substrate/GLints/dict_16_192_64_0p5_0p02_0025_0014" 5344
"/Engine/EngineMaterials/Substrate/GLints/dict_16_192_64_0p5_0p02_0025_0015" 5345
"/Engine/EngineMaterials/Substrate/GLints/dict_16_192_64_0p5_0p02_0026_0000" 5346
"/Engine/EngineMaterials/Substrate/GLints/dict_16_192_64_0p5_0p02_0026_0001" 5347
"/Engine/EngineMaterials/Substrate/GLints/dict_16_192_64_0p5_0p02_0026_0002" 5348
"/Engine/EngineMaterials/Substrate/GLints/dict_16_192_64_0p5_0p02_0026_0003" 5349
"/Engine/EngineMaterials/Substrate/GLints/dict_16_192_64_0p5_0p02_0026_0004" 5350
"../../../Engine/Content/EngineMaterials/Substrate/GLints/dict_16_192_64_0p5_0p02_0025_0011.uasset" 5351
"../../../Engine/Content/EngineMaterials/Substrate/GLints/dict_16_192_64_0p5_0p02_0025_0009.uasset" 5352
"../../../Engine/Content/EngineMaterials/Substrate/GLints/dict_16_192_64_0p5_0p02_0025_0008.uasset" 5353
"../../../Engine/Content/EngineMaterials/Substrate/GLints/dict_16_192_64_0p5_0p02_0025_0013.uasset" 5354
"../../../Engine/Content/EngineMaterials/Substrate/GLints/dict_16_192_64_0p5_0p02_0025_0012.uasset" 5355
"../../../Engine/Content/EngineMaterials/Substrate/GLints/dict_16_192_64_0p5_0p02_0025_0010.uasset" 5356
"../../../Engine/Content/EngineMaterials/Substrate/GLints/dict_16_192_64_0p5_0p02_0025_0007.uasset" 5357
"../../../Engine/Content/EngineMaterials/Substrate/GLints/dict_16_192_64_0p5_0p02_0025_0005.uasset" 5358
"../../../Engine/Content/EngineMaterials/Substrate/GLints/dict_16_192_64_0p5_0p02_0025_0001.uasset" 5359
"../../../Engine/Content/EngineMaterials/Substrate/GLints/dict_16_192_64_0p5_0p02_0025_0004.uasset" 5360
"../../../Engine/Content/EngineMaterials/Substrate/GLints/dict_16_192_64_0p5_0p02_0025_0006.uasset" 5361
"../../../Engine/Content/EngineMaterials/Substrate/GLints/dict_16_192_64_0p5_0p02_0025_0002.uasset" 5362
"../../../Engine/Content/EngineMaterials/Substrate/GLints/dict_16_192_64_0p5_0p02_0025_0003.uasset" 5363
"../../../Engine/Content/EngineMaterials/Substrate/GLints/dict_16_192_64_0p5_0p02_0025_0000.uasset" 5364
"../../../Engine/Content/EngineMaterials/Substrate/GLints/dict_16_192_64_0p5_0p02_0024_0009.uasset" 5365
"../../../Engine/Content/EngineMaterials/Substrate/GLints/dict_16_192_64_0p5_0p02_0024_0014.uasset" 5366
"../../../Engine/Content/EngineMaterials/Substrate/GLints/dict_16_192_64_0p5_0p02_0024_0011.uasset" 5367
"../../../Engine/Content/EngineMaterials/Substrate/GLints/dict_16_192_64_0p5_0p02_0024_0010.uasset" 5368
"../../../Engine/Content/EngineMaterials/Substrate/GLints/dict_16_192_64_0p5_0p02_0024_0015.uasset" 5369
"../../../Engine/Content/EngineMaterials/Substrate/GLints/dict_16_192_64_0p5_0p02_0024_0013.uasset" 5370
"../../../Engine/Content/EngineMaterials/Substrate/GLints/dict_16_192_64_0p5_0p02_0024_0012.uasset" 5371
"../../../Engine/Content/EngineMaterials/Substrate/GLints/dict_16_192_64_0p5_0p02_0028_0007.uasset" 5372
"../../../Engine/Content/EngineMaterials/Substrate/GLints/dict_16_192_64_0p5_0p02_0031_0006.uasset" 5373
"../../../Engine/Content/EngineMaterials/Substrate/GLints/dict_16_192_64_0p5_0p02_0024_0003.uasset" 5374
"../../../Engine/Content/EngineMaterials/Substrate/GLints/dict_16_192_64_0p5_0p02_0024_0004.uasset" 5375
"../../../Engine/Content/EngineMaterials/Substrate/GLints/dict_16_192_64_0p5_0p02_0024_0008.uasset" 5376
"../../../Engine/Content/EngineMaterials/Substrate/GLints/dict_16_192_64_0p5_0p02_0024_0002.uasset" 5377
"../../../Engine/Content/EngineMaterials/Substrate/GLints/dict_16_192_64_0p5_0p02_0024_0005.uasset" 5378
"../../../Engine/Content/EngineMaterials/Substrate/GLints/dict_16_192_64_0p5_0p02_0024_0007.uasset" 5379
"../../../Engine/Content/EngineMaterials/Substrate/GLints/dict_16_192_64_0p5_0p02_0031_0005.uasset" 5380
"../../../Engine/Content/EngineMaterials/Substrate/GLints/dict_16_192_64_0p5_0p02_0024_0006.uasset" 5381
"../../../Engine/Content/EngineMaterials/Substrate/GLints/dict_16_192_64_0p5_0p02_0027_0010.uasset" 5382
"/Engine/EngineMaterials/Substrate/GLints/dict_16_192_64_0p5_0p02_0027_0010" 5383
"/Engine/EngineMaterials/Substrate/GLints/dict_16_192_64_0p5_0p02_0028_0007" 5384
"/Engine/EngineMaterials/Substrate/GLints/dict_16_192_64_0p5_0p02_0031_0005" 5385
"/Engine/EngineMaterials/Substrate/GLints/dict_16_192_64_0p5_0p02_0024_0009" 5386
"/Engine/EngineMaterials/Substrate/GLints/dict_16_192_64_0p5_0p02_0024_0010" 5387
"/Engine/EngineMaterials/Substrate/GLints/dict_16_192_64_0p5_0p02_0025_0000" 5388
"/Engine/EngineMaterials/Substrate/GLints/dict_16_192_64_0p5_0p02_0025_0001" 5389
"/Engine/EngineMaterials/Substrate/GLints/dict_16_192_64_0p5_0p02_0024_0002" 5390
"/Engine/EngineMaterials/Substrate/GLints/dict_16_192_64_0p5_0p02_0024_0011" 5391
"/Engine/EngineMaterials/Substrate/GLints/dict_16_192_64_0p5_0p02_0025_0002" 5392
"/Engine/EngineMaterials/Substrate/GLints/dict_16_192_64_0p5_0p02_0024_0003" 5393
"/Engine/EngineMaterials/Substrate/GLints/dict_16_192_64_0p5_0p02_0024_0012" 5394
"/Engine/EngineMaterials/Substrate/GLints/dict_16_192_64_0p5_0p02_0024_0013" 5395
"/Engine/EngineMaterials/Substrate/GLints/dict_16_192_64_0p5_0p02_0024_0014" 5396
"/Engine/EngineMaterials/Substrate/GLints/dict_16_192_64_0p5_0p02_0024_0015" 5397
"/Engine/EngineMaterials/Substrate/GLints/dict_16_192_64_0p5_0p02_0025_0003" 5398
"/Engine/EngineMaterials/Substrate/GLints/dict_16_192_64_0p5_0p02_0025_0004" 5399
"/Engine/EngineMaterials/Substrate/GLints/dict_16_192_64_0p5_0p02_0025_0007" 5400
"/Engine/EngineMaterials/Substrate/GLints/dict_16_192_64_0p5_0p02_0025_0008" 5401
"/Engine/EngineMaterials/Substrate/GLints/dict_16_192_64_0p5_0p02_0025_0005" 5402
"/Engine/EngineMaterials/Substrate/GLints/dict_16_192_64_0p5_0p02_0025_0009" 5403
"/Engine/EngineMaterials/Substrate/GLints/dict_16_192_64_0p5_0p02_0025_0006" 5404
"/Engine/EngineMaterials/Substrate/GLints/dict_16_192_64_0p5_0p02_0025_0010" 5405
"/Engine/EngineMaterials/Substrate/GLints/dict_16_192_64_0p5_0p02_0025_0011" 5406
"/Engine/EngineMaterials/Substrate/GLints/dict_16_192_64_0p5_0p02_0024_0004" 5407
"/Engine/EngineMaterials/Substrate/GLints/dict_16_192_64_0p5_0p02_0025_0012" 5408
"/Engine/EngineMaterials/Substrate/GLints/dict_16_192_64_0p5_0p02_0025_0013" 5409
"/Engine/EngineMaterials/Substrate/GLints/dict_16_192_64_0p5_0p02_0024_0005" 5410
"/Engine/EngineMaterials/Substrate/GLints/dict_16_192_64_0p5_0p02_0024_0006" 5411
"/Engine/EngineMaterials/Substrate/GLints/dict_16_192_64_0p5_0p02_0024_0007" 5412
"/Engine/EngineMaterials/Substrate/GLints/dict_16_192_64_0p5_0p02_0031_0006" 5413
"/Engine/EngineMaterials/Substrate/GLints/dict_16_192_64_0p5_0p02_0024_0008" 5414
"../../../Engine/Content/EngineMaterials/Substrate/GLints/dict_16_192_64_0p5_0p02_0023_0015.uasset" 5415
"../../../Engine/Content/EngineMaterials/Substrate/GLints/dict_16_192_64_0p5_0p02_0024_0000.uasset" 5416
"../../../Engine/Content/EngineMaterials/Substrate/GLints/dict_16_192_64_0p5_0p02_0024_0001.uasset" 5417
"../../../Engine/Content/EngineMaterials/Substrate/GLints/dict_16_192_64_0p5_0p02_0023_0011.uasset" 5418
"/Engine/EngineMaterials/Substrate/GLints/dict_16_192_64_0p5_0p02_0023_0011" 5419
"../../../Engine/Content/EngineMaterials/Substrate/GLints/dict_16_192_64_0p5_0p02_0023_0008.uasset" 5420
"../../../Engine/Content/EngineMaterials/Substrate/GLints/dict_16_192_64_0p5_0p02_0023_0009.uasset" 5421
"../../../Engine/Content/EngineMaterials/Substrate/GLints/dict_16_192_64_0p5_0p02_0023_0007.uasset" 5422
"/Engine/EngineMaterials/Substrate/GLints/dict_16_192_64_0p5_0p02_0023_0015" 5423
"/Engine/EngineMaterials/Substrate/GLints/dict_16_192_64_0p5_0p02_0024_0000" 5424
"/Engine/EngineMaterials/Substrate/GLints/dict_16_192_64_0p5_0p02_0024_0001" 5425
"/Engine/EngineMaterials/Substrate/GLints/dict_16_192_64_0p5_0p02_0023_0007" 5426
"/Engine/EngineMaterials/Substrate/GLints/dict_16_192_64_0p5_0p02_0023_0008" 5427
"/Engine/EngineMaterials/Substrate/GLints/dict_16_192_64_0p5_0p02_0023_0009" 5428
"../../../Engine/Content/EngineMaterials/Substrate/GLints/dict_16_192_64_0p5_0p02_0023_0005.uasset" 5429
"../../../Engine/Content/EngineMaterials/Substrate/GLints/dict_16_192_64_0p5_0p02_0023_0000.uasset" 5430
"../../../Engine/Content/EngineMaterials/Substrate/GLints/dict_16_192_64_0p5_0p02_0022_0015.uasset" 5431
"../../../Engine/Content/EngineMaterials/Substrate/GLints/dict_16_192_64_0p5_0p02_0023_0001.uasset" 5432
"../../../Engine/Content/EngineMaterials/Substrate/GLints/dict_16_192_64_0p5_0p02_0023_0002.uasset" 5433
"/Engine/EngineMaterials/Substrate/GLints/dict_16_192_64_0p5_0p02_0022_0015" 5434
"../../../Engine/Content/EngineMaterials/Substrate/GLints/dict_16_192_64_0p5_0p02_0023_0004.uasset" 5435
"/Engine/EngineMaterials/Substrate/GLints/dict_16_192_64_0p5_0p02_0023_0000" 5436
"../../../Engine/Content/EngineMaterials/Substrate/GLints/dict_16_192_64_0p5_0p02_0022_0014.uasset" 5437
"/Engine/EngineMaterials/Substrate/GLints/dict_16_192_64_0p5_0p02_0023_0001" 5438
"/Engine/EngineMaterials/Substrate/GLints/dict_16_192_64_0p5_0p02_0023_0002" 5439
"../../../Engine/Content/EngineMaterials/Substrate/GLints/dict_16_192_64_0p5_0p02_0023_0006.uasset" 5440
"../../../Engine/Content/EngineMaterials/Substrate/GLints/dict_16_192_64_0p5_0p02_0022_0009.uasset" 5441
"../../../Engine/Content/EngineMaterials/Substrate/GLints/dict_16_192_64_0p5_0p02_0022_0012.uasset" 5442
"../../../Engine/Content/EngineMaterials/Substrate/GLints/dict_16_192_64_0p5_0p02_0022_0010.uasset" 5443
"../../../Engine/Content/EngineMaterials/Substrate/GLints/dict_16_192_64_0p5_0p02_0022_0011.uasset" 5444
"/Engine/EngineMaterials/Substrate/GLints/dict_16_192_64_0p5_0p02_0023_0005" 5445
"../../../Engine/Content/EngineMaterials/Substrate/GLints/dict_16_192_64_0p5_0p02_0023_0003.uasset" 5446
"/Engine/EngineMaterials/Substrate/GLints/dict_16_192_64_0p5_0p02_0022_0009" 5447
"/Engine/EngineMaterials/Substrate/GLints/dict_16_192_64_0p5_0p02_0022_0010" 5448
"/Engine/EngineMaterials/Substrate/GLints/dict_16_192_64_0p5_0p02_0022_0011" 5449
"/Engine/EngineMaterials/Substrate/GLints/dict_16_192_64_0p5_0p02_0022_0012" 5450
"/Engine/EngineMaterials/Substrate/GLints/dict_16_192_64_0p5_0p02_0022_0014" 5451
"/Engine/EngineMaterials/Substrate/GLints/dict_16_192_64_0p5_0p02_0023_0003" 5452
"/Engine/EngineMaterials/Substrate/GLints/dict_16_192_64_0p5_0p02_0023_0004" 5453
"/Engine/EngineMaterials/Substrate/GLints/dict_16_192_64_0p5_0p02_0023_0006" 5454
"../../../Engine/Content/EngineMaterials/Substrate/GLints/dict_16_192_64_0p5_0p02_0022_0002.uasset" 5455
"../../../Engine/Content/EngineMaterials/Substrate/GLints/dict_16_192_64_0p5_0p02_0022_0007.uasset" 5456
"../../../Engine/Content/EngineMaterials/Substrate/GLints/dict_16_192_64_0p5_0p02_0022_0004.uasset" 5457
"../../../Engine/Content/EngineMaterials/Substrate/GLints/dict_16_192_64_0p5_0p02_0022_0003.uasset" 5458
"../../../Engine/Content/EngineMaterials/Substrate/GLints/dict_16_192_64_0p5_0p02_0022_0005.uasset" 5459
"/Engine/EngineMaterials/Substrate/GLints/dict_16_192_64_0p5_0p02_0022_0002" 5460
"/Engine/EngineMaterials/Substrate/GLints/dict_16_192_64_0p5_0p02_0022_0003" 5461
"/Engine/EngineMaterials/Substrate/GLints/dict_16_192_64_0p5_0p02_0022_0004" 5462
"../../../Engine/Content/EngineMaterials/Substrate/GLints/dict_16_192_64_0p5_0p02_0022_0000.uasset" 5463
"../../../Engine/Content/EngineMaterials/Substrate/GLints/dict_16_192_64_0p5_0p02_0021_0014.uasset" 5464
"../../../Engine/Content/EngineMaterials/Substrate/GLints/dict_16_192_64_0p5_0p02_0021_0015.uasset" 5465
"../../../Engine/Content/EngineMaterials/Substrate/GLints/dict_16_192_64_0p5_0p02_0022_0001.uasset" 5466
"../../../Engine/Content/EngineMaterials/Substrate/GLints/dict_16_192_64_0p5_0p02_0023_0014.uasset" 5467
"/Engine/EngineMaterials/Substrate/GLints/dict_16_192_64_0p5_0p02_0022_0005" 5468
"../../../Engine/Content/EngineMaterials/Substrate/GLints/dict_16_192_64_0p5_0p02_0022_0008.uasset" 5469
"/Engine/EngineMaterials/Substrate/GLints/dict_16_192_64_0p5_0p02_0022_0007" 5470
"/Engine/EngineMaterials/Substrate/GLints/dict_16_192_64_0p5_0p02_0022_0008" 5471
"/Engine/EngineMaterials/Substrate/GLints/dict_16_192_64_0p5_0p02_0021_0014" 5472
"/Engine/EngineMaterials/Substrate/GLints/dict_16_192_64_0p5_0p02_0023_0014" 5473
"/Engine/EngineMaterials/Substrate/GLints/dict_16_192_64_0p5_0p02_0021_0015" 5474
"/Engine/EngineMaterials/Substrate/GLints/dict_16_192_64_0p5_0p02_0022_0000" 5475
"/Engine/EngineMaterials/Substrate/GLints/dict_16_192_64_0p5_0p02_0022_0001" 5476
"../../../Engine/Content/EngineMaterials/Substrate/GLints/dict_16_192_64_0p5_0p02_0021_0010.uasset" 5477
"../../../Engine/Content/EngineMaterials/Substrate/GLints/dict_16_192_64_0p5_0p02_0021_0009.uasset" 5478
"../../../Engine/Content/EngineMaterials/Substrate/GLints/dict_16_192_64_0p5_0p02_0021_0012.uasset" 5479
"../../../Engine/Content/EngineMaterials/Substrate/GLints/dict_16_192_64_0p5_0p02_0021_0011.uasset" 5480
"/Engine/EngineMaterials/Substrate/GLints/dict_16_192_64_0p5_0p02_0021_0009" 5481
"/Engine/EngineMaterials/Substrate/GLints/dict_16_192_64_0p5_0p02_0021_0010" 5482
"/Engine/EngineMaterials/Substrate/GLints/dict_16_192_64_0p5_0p02_0021_0011" 5483
"/Engine/EngineMaterials/Substrate/GLints/dict_16_192_64_0p5_0p02_0021_0012" 5484
"../../../Engine/Content/EngineMaterials/Substrate/GLints/dict_16_192_64_0p5_0p02_0021_0004.uasset" 5485
"../../../Engine/Content/EngineMaterials/Substrate/GLints/dict_16_192_64_0p5_0p02_0021_0003.uasset" 5486
"../../../Engine/Content/EngineMaterials/Substrate/GLints/dict_16_192_64_0p5_0p02_0021_0006.uasset" 5487
"../../../Engine/Content/EngineMaterials/Substrate/GLints/dict_16_192_64_0p5_0p02_0021_0005.uasset" 5488
"../../../Engine/Content/EngineMaterials/Substrate/GLints/dict_16_192_64_0p5_0p02_0021_0002.uasset" 5489
"/Engine/EngineMaterials/Substrate/GLints/dict_16_192_64_0p5_0p02_0021_0002" 5490
"/Engine/EngineMaterials/Substrate/GLints/dict_16_192_64_0p5_0p02_0021_0006" 5491
"../../../Engine/Content/EngineMaterials/Substrate/GLints/dict_16_192_64_0p5_0p02_0021_0008.uasset" 5492
"/Engine/EngineMaterials/Substrate/GLints/dict_16_192_64_0p5_0p02_0021_0003" 5493
"/Engine/EngineMaterials/Substrate/GLints/dict_16_192_64_0p5_0p02_0021_0004" 5494
"../../../Engine/Content/EngineMaterials/Substrate/GLints/dict_16_192_64_0p5_0p02_0022_0006.uasset" 5495
"/Engine/EngineMaterials/Substrate/GLints/dict_16_192_64_0p5_0p02_0021_0005" 5496
"/Engine/EngineMaterials/Substrate/GLints/dict_16_192_64_0p5_0p02_0022_0006" 5497
"/Engine/EngineMaterials/Substrate/GLints/dict_16_192_64_0p5_0p02_0021_0008" 5498
"../../../Engine/Content/EngineMaterials/Substrate/GLints/dict_16_192_64_0p5_0p02_0021_0001.uasset" 5499
"../../../Engine/Content/EngineMaterials/Substrate/GLints/dict_16_192_64_0p5_0p02_0020_0014.uasset" 5500
"../../../Engine/Content/EngineMaterials/Substrate/GLints/dict_16_192_64_0p5_0p02_0021_0000.uasset" 5501
"../../../Engine/Content/EngineMaterials/Substrate/GLints/dict_16_192_64_0p5_0p02_0020_0015.uasset" 5502
"../../../Engine/Content/EngineMaterials/Substrate/GLints/dict_16_192_64_0p5_0p02_0020_0012.uasset" 5503
"../../../Engine/Content/EngineMaterials/Substrate/GLints/dict_16_192_64_0p5_0p02_0020_0013.uasset" 5504
"/Engine/EngineMaterials/Substrate/GLints/dict_16_192_64_0p5_0p02_0020_0012" 5505
"/Engine/EngineMaterials/Substrate/GLints/dict_16_192_64_0p5_0p02_0020_0013" 5506
"/Engine/EngineMaterials/Substrate/GLints/dict_16_192_64_0p5_0p02_0020_0014" 5507
"/Engine/EngineMaterials/Substrate/GLints/dict_16_192_64_0p5_0p02_0020_0015" 5508
"../../../Engine/Content/EngineMaterials/Substrate/GLints/dict_16_192_64_0p5_0p02_0023_0013.uasset" 5509
"/Engine/EngineMaterials/Substrate/GLints/dict_16_192_64_0p5_0p02_0021_0000" 5510
"../../../Engine/Content/EngineMaterials/Substrate/GLints/dict_16_192_64_0p5_0p02_0020_0008.uasset" 5511
"../../../Engine/Content/EngineMaterials/Substrate/GLints/dict_16_192_64_0p5_0p02_0020_0007.uasset" 5512
"../../../Engine/Content/EngineMaterials/Substrate/GLints/dict_16_192_64_0p5_0p02_0020_0010.uasset" 5513
"../../../Engine/Content/EngineMaterials/Substrate/GLints/dict_16_192_64_0p5_0p02_0020_0006.uasset" 5514
"../../../Engine/Content/EngineMaterials/Substrate/GLints/dict_16_192_64_0p5_0p02_0020_0009.uasset" 5515
"/Engine/EngineMaterials/Substrate/GLints/dict_16_192_64_0p5_0p02_0021_0001" 5516
"../../../Engine/Content/EngineMaterials/Substrate/GLints/dict_16_192_64_0p5_0p02_0020_0005.uasset" 5517
"/Engine/EngineMaterials/Substrate/GLints/dict_16_192_64_0p5_0p02_0020_0009" 5518
"/Engine/EngineMaterials/Substrate/GLints/dict_16_192_64_0p5_0p02_0020_0010" 5519
"/Engine/EngineMaterials/Substrate/GLints/dict_16_192_64_0p5_0p02_0023_0013" 5520
"/Engine/EngineMaterials/Substrate/GLints/dict_16_192_64_0p5_0p02_0020_0005" 5521
"/Engine/EngineMaterials/Substrate/GLints/dict_16_192_64_0p5_0p02_0020_0006" 5522
"/Engine/EngineMaterials/Substrate/GLints/dict_16_192_64_0p5_0p02_0020_0007" 5523
"/Engine/EngineMaterials/Substrate/GLints/dict_16_192_64_0p5_0p02_0020_0008" 5524
"../../../Engine/Content/EngineMaterials/Substrate/GLints/dict_16_192_64_0p5_0p02_0023_0010.uasset" 5525
"../../../Engine/Content/EngineMaterials/Substrate/GLints/dict_16_192_64_0p5_0p02_0020_0000.uasset" 5526
"../../../Engine/Content/EngineMaterials/Substrate/GLints/dict_16_192_64_0p5_0p02_0019_0014.uasset" 5527
"../../../Engine/Content/EngineMaterials/Substrate/GLints/dict_16_192_64_0p5_0p02_0020_0002.uasset" 5528
"../../../Engine/Content/EngineMaterials/Substrate/GLints/dict_16_192_64_0p5_0p02_0019_0015.uasset" 5529
"../../../Engine/Content/EngineMaterials/Substrate/GLints/dict_16_192_64_0p5_0p02_0020_0001.uasset" 5530
"../../../Engine/Content/EngineMaterials/Substrate/GLints/dict_16_192_64_0p5_0p02_0020_0003.uasset" 5531
"/Engine/EngineMaterials/Substrate/GLints/dict_16_192_64_0p5_0p02_0020_0003" 5532
"/Engine/EngineMaterials/Substrate/GLints/dict_16_192_64_0p5_0p02_0019_0015" 5533
"/Engine/EngineMaterials/Substrate/GLints/dict_16_192_64_0p5_0p02_0020_0000" 5534
"/Engine/EngineMaterials/Substrate/GLints/dict_16_192_64_0p5_0p02_0019_0014" 5535
"/Engine/EngineMaterials/Substrate/GLints/dict_16_192_64_0p5_0p02_0020_0001" 5536
"/Engine/EngineMaterials/Substrate/GLints/dict_16_192_64_0p5_0p02_0020_0002" 5537
"/Engine/EngineMaterials/Substrate/GLints/dict_16_192_64_0p5_0p02_0023_0010" 5538
"../../../Engine/Content/EngineMaterials/Substrate/GLints/dict_16_192_64_0p5_0p02_0019_0011.uasset" 5539
"../../../Engine/Content/EngineMaterials/Substrate/GLints/dict_16_192_64_0p5_0p02_0019_0009.uasset" 5540
"../../../Engine/Content/EngineMaterials/Substrate/GLints/dict_16_192_64_0p5_0p02_0019_0010.uasset" 5541
"../../../Engine/Content/EngineMaterials/Substrate/GLints/dict_16_192_64_0p5_0p02_0019_0007.uasset" 5542
"../../../Engine/Content/EngineMaterials/Substrate/GLints/dict_16_192_64_0p5_0p02_0019_0012.uasset" 5543
"../../../Engine/Content/EngineMaterials/Substrate/GLints/dict_16_192_64_0p5_0p02_0019_0013.uasset" 5544
"/Engine/EngineMaterials/Substrate/GLints/dict_16_192_64_0p5_0p02_0019_0007" 5545
"/Engine/EngineMaterials/Substrate/GLints/dict_16_192_64_0p5_0p02_0019_0010" 5546
"/Engine/EngineMaterials/Substrate/GLints/dict_16_192_64_0p5_0p02_0019_0011" 5547
"../../../Engine/Content/EngineMaterials/Substrate/GLints/dict_16_192_64_0p5_0p02_0019_0004.uasset" 5548
"../../../Engine/Content/EngineMaterials/Substrate/GLints/dict_16_192_64_0p5_0p02_0019_0005.uasset" 5549
"../../../Engine/Content/EngineMaterials/Substrate/GLints/dict_16_192_64_0p5_0p02_0019_0003.uasset" 5550
"../../../Engine/Content/EngineMaterials/Substrate/GLints/dict_16_192_64_0p5_0p02_0019_0002.uasset" 5551
"../../../Engine/Content/EngineMaterials/Substrate/GLints/dict_16_192_64_0p5_0p02_0019_0006.uasset" 5552
"/Engine/EngineMaterials/Substrate/GLints/dict_16_192_64_0p5_0p02_0019_0009" 5553
"/Engine/EngineMaterials/Substrate/GLints/dict_16_192_64_0p5_0p02_0019_0012" 5554
"/Engine/EngineMaterials/Substrate/GLints/dict_16_192_64_0p5_0p02_0019_0013" 5555
"/Engine/EngineMaterials/Substrate/GLints/dict_16_192_64_0p5_0p02_0019_0002" 5556
"/Engine/EngineMaterials/Substrate/GLints/dict_16_192_64_0p5_0p02_0019_0003" 5557
"/Engine/EngineMaterials/Substrate/GLints/dict_16_192_64_0p5_0p02_0019_0004" 5558
"/Engine/EngineMaterials/Substrate/GLints/dict_16_192_64_0p5_0p02_0019_0005" 5559
"/Engine/EngineMaterials/Substrate/GLints/dict_16_192_64_0p5_0p02_0019_0006" 5560
"../../../Engine/Content/EngineMaterials/Substrate/GLints/dict_16_192_64_0p5_0p02_0019_0000.uasset" 5561
"../../../Engine/Content/EngineMaterials/Substrate/GLints/dict_16_192_64_0p5_0p02_0018_0013.uasset" 5562
"../../../Engine/Content/EngineMaterials/Substrate/GLints/dict_16_192_64_0p5_0p02_0018_0011.uasset" 5563
"../../../Engine/Content/EngineMaterials/Substrate/GLints/dict_16_192_64_0p5_0p02_0018_0010.uasset" 5564
"../../../Engine/Content/EngineMaterials/Substrate/GLints/dict_16_192_64_0p5_0p02_0018_0012.uasset" 5565
"../../../Engine/Content/EngineMaterials/Substrate/GLints/dict_16_192_64_0p5_0p02_0022_0013.uasset" 5566
"../../../Engine/Content/EngineMaterials/Substrate/GLints/dict_16_192_64_0p5_0p02_0018_0014.uasset" 5567
"/Engine/EngineMaterials/Substrate/GLints/dict_16_192_64_0p5_0p02_0018_0011" 5568
"../../../Engine/Content/EngineMaterials/Substrate/GLints/dict_16_192_64_0p5_0p02_0023_0012.uasset" 5569
"/Engine/EngineMaterials/Substrate/GLints/dict_16_192_64_0p5_0p02_0018_0012" 5570
"/Engine/EngineMaterials/Substrate/GLints/dict_16_192_64_0p5_0p02_0022_0013" 5571
"/Engine/EngineMaterials/Substrate/GLints/dict_16_192_64_0p5_0p02_0018_0010" 5572
"/Engine/EngineMaterials/Substrate/GLints/dict_16_192_64_0p5_0p02_0018_0013" 5573
"/Engine/EngineMaterials/Substrate/GLints/dict_16_192_64_0p5_0p02_0018_0014" 5574
"/Engine/EngineMaterials/Substrate/GLints/dict_16_192_64_0p5_0p02_0019_0000" 5575
"../../../Engine/Content/EngineMaterials/Substrate/GLints/dict_16_192_64_0p5_0p02_0018_0006.uasset" 5576
"../../../Engine/Content/EngineMaterials/Substrate/GLints/dict_16_192_64_0p5_0p02_0018_0003.uasset" 5577
"../../../Engine/Content/EngineMaterials/Substrate/GLints/dict_16_192_64_0p5_0p02_0018_0008.uasset" 5578
"../../../Engine/Content/EngineMaterials/Substrate/GLints/dict_16_192_64_0p5_0p02_0018_0009.uasset" 5579
"../../../Engine/Content/EngineMaterials/Substrate/GLints/dict_16_192_64_0p5_0p02_0018_0005.uasset" 5580
"../../../Engine/Content/EngineMaterials/Substrate/GLints/dict_16_192_64_0p5_0p02_0018_0007.uasset" 5581
"/Engine/EngineMaterials/Substrate/GLints/dict_16_192_64_0p5_0p02_0018_0005" 5582
"/Engine/EngineMaterials/Substrate/GLints/dict_16_192_64_0p5_0p02_0018_0003" 5583
"/Engine/EngineMaterials/Substrate/GLints/dict_16_192_64_0p5_0p02_0018_0006" 5584
"/Engine/EngineMaterials/Substrate/GLints/dict_16_192_64_0p5_0p02_0018_0007" 5585
"/Engine/EngineMaterials/Substrate/GLints/dict_16_192_64_0p5_0p02_0018_0008" 5586
"/Engine/EngineMaterials/Substrate/GLints/dict_16_192_64_0p5_0p02_0018_0009" 5587
"/Engine/EngineMaterials/Substrate/GLints/dict_16_192_64_0p5_0p02_0023_0012" 5588
"../../../Engine/Content/EngineMaterials/Substrate/GLints/dict_16_192_64_0p5_0p02_0017_0012.uasset" 5589
"../../../Engine/Content/EngineMaterials/Substrate/GLints/dict_16_192_64_0p5_0p02_0017_0013.uasset" 5590
"../../../Engine/Content/EngineMaterials/Substrate/GLints/dict_16_192_64_0p5_0p02_0017_0014.uasset" 5591
"../../../Engine/Content/EngineMaterials/Substrate/GLints/dict_16_192_64_0p5_0p02_0018_0000.uasset" 5592
"../../../Engine/Content/EngineMaterials/Substrate/GLints/dict_16_192_64_0p5_0p02_0017_0015.uasset" 5593
"../../../Engine/Content/EngineMaterials/Substrate/GLints/dict_16_192_64_0p5_0p02_0018_0001.uasset" 5594
"../../../Engine/Content/EngineMaterials/Substrate/GLints/dict_16_192_64_0p5_0p02_0019_0008.uasset" 5595
"/Engine/EngineMaterials/Substrate/GLints/dict_16_192_64_0p5_0p02_0019_0008" 5596
"/Engine/EngineMaterials/Substrate/GLints/dict_16_192_64_0p5_0p02_0017_0012" 5597
"/Engine/EngineMaterials/Substrate/GLints/dict_16_192_64_0p5_0p02_0017_0013" 5598
"/Engine/EngineMaterials/Substrate/GLints/dict_16_192_64_0p5_0p02_0017_0014" 5599
"/Engine/EngineMaterials/Substrate/GLints/dict_16_192_64_0p5_0p02_0017_0015" 5600
"/Engine/EngineMaterials/Substrate/GLints/dict_16_192_64_0p5_0p02_0018_0000" 5601
"/Engine/EngineMaterials/Substrate/GLints/dict_16_192_64_0p5_0p02_0018_0001" 5602
"../../../Engine/Content/EngineMaterials/Substrate/GLints/dict_16_192_64_0p5_0p02_0018_0004.uasset" 5603
"../../../Engine/Content/EngineMaterials/Substrate/GLints/dict_16_192_64_0p5_0p02_0017_0010.uasset" 5604
"../../../Engine/Content/EngineMaterials/Substrate/GLints/dict_16_192_64_0p5_0p02_0017_0006.uasset" 5605
"../../../Engine/Content/EngineMaterials/Substrate/GLints/dict_16_192_64_0p5_0p02_0017_0008.uasset" 5606
"../../../Engine/Content/EngineMaterials/Substrate/GLints/dict_16_192_64_0p5_0p02_0017_0007.uasset" 5607
"../../../Engine/Content/EngineMaterials/Substrate/GLints/dict_16_192_64_0p5_0p02_0017_0009.uasset" 5608
"../../../Engine/Content/EngineMaterials/Substrate/GLints/dict_16_192_64_0p5_0p02_0017_0011.uasset" 5609
"../../../Engine/Content/EngineMaterials/Substrate/GLints/dict_16_192_64_0p5_0p02_0021_0013.uasset" 5610
"../../../Engine/Content/EngineMaterials/Substrate/GLints/dict_16_192_64_0p5_0p02_0017_0003.uasset" 5611
"../../../Engine/Content/EngineMaterials/Substrate/GLints/dict_16_192_64_0p5_0p02_0017_0001.uasset" 5612
"../../../Engine/Content/EngineMaterials/Substrate/GLints/dict_16_192_64_0p5_0p02_0017_0000.uasset" 5613
"../../../Engine/Content/EngineMaterials/Substrate/GLints/dict_16_192_64_0p5_0p02_0017_0002.uasset" 5614
"../../../Engine/Content/EngineMaterials/Substrate/GLints/dict_16_192_64_0p5_0p02_0016_0014.uasset" 5615
"../../../Engine/Content/EngineMaterials/Substrate/GLints/dict_16_192_64_0p5_0p02_0016_0015.uasset" 5616
"/Engine/EngineMaterials/Substrate/GLints/dict_16_192_64_0p5_0p02_0017_0002" 5617
"/Engine/EngineMaterials/Substrate/GLints/dict_16_192_64_0p5_0p02_0017_0003" 5618
"/Engine/EngineMaterials/Substrate/GLints/dict_16_192_64_0p5_0p02_0017_0009" 5619
"../../../Engine/Content/EngineMaterials/Substrate/GLints/dict_16_192_64_0p5_0p02_0020_0011.uasset" 5620
"/Engine/EngineMaterials/Substrate/GLints/dict_16_192_64_0p5_0p02_0017_0010" 5621
"/Engine/EngineMaterials/Substrate/GLints/dict_16_192_64_0p5_0p02_0018_0004" 5622
"/Engine/EngineMaterials/Substrate/GLints/dict_16_192_64_0p5_0p02_0017_0011" 5623
"/Engine/EngineMaterials/Substrate/GLints/dict_16_192_64_0p5_0p02_0016_0014" 5624
"/Engine/EngineMaterials/Substrate/GLints/dict_16_192_64_0p5_0p02_0016_0015" 5625
"/Engine/EngineMaterials/Substrate/GLints/dict_16_192_64_0p5_0p02_0017_0000" 5626
"/Engine/EngineMaterials/Substrate/GLints/dict_16_192_64_0p5_0p02_0021_0013" 5627
"/Engine/EngineMaterials/Substrate/GLints/dict_16_192_64_0p5_0p02_0017_0001" 5628
"../../../Engine/Content/EngineMaterials/Substrate/GLints/dict_16_192_64_0p5_0p02_0016_0013.uasset" 5629
"../../../Engine/Content/EngineMaterials/Substrate/GLints/dict_16_192_64_0p5_0p02_0016_0012.uasset" 5630
"../../../Engine/Content/EngineMaterials/Substrate/GLints/dict_16_192_64_0p5_0p02_0016_0007.uasset" 5631
"../../../Engine/Content/EngineMaterials/Substrate/GLints/dict_16_192_64_0p5_0p02_0020_0004.uasset" 5632
"../../../Engine/Content/EngineMaterials/Substrate/GLints/dict_16_192_64_0p5_0p02_0016_0011.uasset" 5633
"../../../Engine/Content/EngineMaterials/Substrate/GLints/dict_16_192_64_0p5_0p02_0016_0009.uasset" 5634
"../../../Engine/Content/EngineMaterials/Substrate/GLints/dict_16_192_64_0p5_0p02_0016_0010.uasset" 5635
"../../../Engine/Content/EngineMaterials/Substrate/GLints/dict_16_192_64_0p5_0p02_0016_0008.uasset" 5636
"/Engine/EngineMaterials/Substrate/GLints/dict_16_192_64_0p5_0p02_0017_0006" 5637
"/Engine/EngineMaterials/Substrate/GLints/dict_16_192_64_0p5_0p02_0017_0007" 5638
"/Engine/EngineMaterials/Substrate/GLints/dict_16_192_64_0p5_0p02_0017_0008" 5639
"/Engine/EngineMaterials/Substrate/GLints/dict_16_192_64_0p5_0p02_0020_0011" 5640
"/Engine/EngineMaterials/Substrate/GLints/dict_16_192_64_0p5_0p02_0016_0007" 5641
"/Engine/EngineMaterials/Substrate/GLints/dict_16_192_64_0p5_0p02_0016_0008" 5642
"/Engine/EngineMaterials/Substrate/GLints/dict_16_192_64_0p5_0p02_0016_0009" 5643
"/Engine/EngineMaterials/Substrate/GLints/dict_16_192_64_0p5_0p02_0016_0010" 5644
"/Engine/EngineMaterials/Substrate/GLints/dict_16_192_64_0p5_0p02_0016_0011" 5645
"/Engine/EngineMaterials/Substrate/GLints/dict_16_192_64_0p5_0p02_0016_0012" 5646
"/Engine/EngineMaterials/Substrate/GLints/dict_16_192_64_0p5_0p02_0016_0013" 5647
"/Engine/EngineMaterials/Substrate/GLints/dict_16_192_64_0p5_0p02_0020_0004" 5648
"../../../Engine/Content/EngineMaterials/Substrate/GLints/dict_16_192_64_0p5_0p02_0015_0014.uasset" 5649
"../../../Engine/Content/EngineMaterials/Substrate/GLints/dict_16_192_64_0p5_0p02_0016_0003.uasset" 5650
"../../../Engine/Content/EngineMaterials/Substrate/GLints/dict_16_192_64_0p5_0p02_0016_0001.uasset" 5651
"../../../Engine/Content/EngineMaterials/Substrate/GLints/dict_16_192_64_0p5_0p02_0016_0002.uasset" 5652
"../../../Engine/Content/EngineMaterials/Substrate/GLints/dict_16_192_64_0p5_0p02_0016_0000.uasset" 5653
"../../../Engine/Content/EngineMaterials/Substrate/GLints/dict_16_192_64_0p5_0p02_0015_0015.uasset" 5654
"/Engine/EngineMaterials/Substrate/GLints/dict_16_192_64_0p5_0p02_0015_0014" 5655
"../../../Engine/Content/EngineMaterials/Substrate/GLints/dict_16_192_64_0p5_0p02_0017_0004.uasset" 5656
"../../../Engine/Content/EngineMaterials/Substrate/GLints/dict_16_192_64_0p5_0p02_0015_0013.uasset" 5657
"/Engine/EngineMaterials/Substrate/GLints/dict_16_192_64_0p5_0p02_0015_0015" 5658
"/Engine/EngineMaterials/Substrate/GLints/dict_16_192_64_0p5_0p02_0016_0000" 5659
"/Engine/EngineMaterials/Substrate/GLints/dict_16_192_64_0p5_0p02_0016_0001" 5660
"/Engine/EngineMaterials/Substrate/GLints/dict_16_192_64_0p5_0p02_0016_0002" 5661
"/Engine/EngineMaterials/Substrate/GLints/dict_16_192_64_0p5_0p02_0016_0003" 5662
"/Engine/EngineMaterials/Substrate/GLints/dict_16_192_64_0p5_0p02_0017_0004" 5663
"/Engine/EngineMaterials/Substrate/GLints/dict_16_192_64_0p5_0p02_0015_0013" 5664
"../../../Engine/Content/EngineMaterials/Substrate/GLints/dict_16_192_64_0p5_0p02_0015_0008.uasset" 5665
"../../../Engine/Content/EngineMaterials/Substrate/GLints/dict_16_192_64_0p5_0p02_0015_0011.uasset" 5666
"../../../Engine/Content/EngineMaterials/Substrate/GLints/dict_16_192_64_0p5_0p02_0015_0010.uasset" 5667
"../../../Engine/Content/EngineMaterials/Substrate/GLints/dict_16_192_64_0p5_0p02_0015_0009.uasset" 5668
"../../../Engine/Content/EngineMaterials/Substrate/GLints/dict_16_192_64_0p5_0p02_0015_0012.uasset" 5669
"../../../Engine/Content/EngineMaterials/Substrate/GLints/dict_16_192_64_0p5_0p02_0015_0007.uasset" 5670
"/Engine/EngineMaterials/Substrate/GLints/dict_16_192_64_0p5_0p02_0015_0007" 5671
"/Engine/EngineMaterials/Substrate/GLints/dict_16_192_64_0p5_0p02_0015_0008" 5672
"/Engine/EngineMaterials/Substrate/GLints/dict_16_192_64_0p5_0p02_0015_0009" 5673
"/Engine/EngineMaterials/Substrate/GLints/dict_16_192_64_0p5_0p02_0015_0010" 5674
"/Engine/EngineMaterials/Substrate/GLints/dict_16_192_64_0p5_0p02_0015_0011" 5675
"/Engine/EngineMaterials/Substrate/GLints/dict_16_192_64_0p5_0p02_0015_0012" 5676
"../../../Engine/Content/EngineMaterials/Substrate/GLints/dict_16_192_64_0p5_0p02_0015_0006.uasset" 5677
"../../../Engine/Content/EngineMaterials/Substrate/GLints/dict_16_192_64_0p5_0p02_0015_0005.uasset" 5678
"../../../Engine/Content/EngineMaterials/Substrate/GLints/dict_16_192_64_0p5_0p02_0019_0001.uasset" 5679
"../../../Engine/Content/EngineMaterials/Substrate/GLints/dict_16_192_64_0p5_0p02_0018_0015.uasset" 5680
"../../../Engine/Content/EngineMaterials/Substrate/GLints/dict_16_192_64_0p5_0p02_0015_0001.uasset" 5681
"../../../Engine/Content/EngineMaterials/Substrate/GLints/dict_16_192_64_0p5_0p02_0015_0000.uasset" 5682
"../../../Engine/Content/EngineMaterials/Substrate/GLints/dict_16_192_64_0p5_0p02_0015_0002.uasset" 5683
"../../../Engine/Content/EngineMaterials/Substrate/GLints/dict_16_192_64_0p5_0p02_0015_0003.uasset" 5684
"../../../Engine/Content/EngineMaterials/Substrate/GLints/dict_16_192_64_0p5_0p02_0015_0004.uasset" 5685
"../../../Engine/Content/EngineMaterials/Substrate/GLints/dict_16_192_64_0p5_0p02_0014_0015.uasset" 5686
"/Engine/EngineMaterials/Substrate/GLints/dict_16_192_64_0p5_0p02_0015_0006" 5687
"../../../Engine/Content/EngineMaterials/Substrate/GLints/dict_16_192_64_0p5_0p02_0014_0013.uasset" 5688
"../../../Engine/Content/EngineMaterials/Substrate/GLints/dict_16_192_64_0p5_0p02_0014_0014.uasset" 5689
"/Engine/EngineMaterials/Substrate/GLints/dict_16_192_64_0p5_0p02_0014_0015" 5690
"/Engine/EngineMaterials/Substrate/GLints/dict_16_192_64_0p5_0p02_0015_0000" 5691
"/Engine/EngineMaterials/Substrate/GLints/dict_16_192_64_0p5_0p02_0015_0001" 5692
"../../../Engine/Content/EngineMaterials/Substrate/GLints/dict_16_192_64_0p5_0p02_0014_0006.uasset" 5693
"../../../Engine/Content/EngineMaterials/Substrate/GLints/dict_16_192_64_0p5_0p02_0014_0007.uasset" 5694
"../../../Engine/Content/EngineMaterials/Substrate/GLints/dict_16_192_64_0p5_0p02_0014_0010.uasset" 5695
"../../../Engine/Content/EngineMaterials/Substrate/GLints/dict_16_192_64_0p5_0p02_0014_0005.uasset" 5696
"/Engine/EngineMaterials/Substrate/GLints/dict_16_192_64_0p5_0p02_0015_0002" 5697
"../../../Engine/Content/EngineMaterials/Substrate/GLints/dict_16_192_64_0p5_0p02_0014_0008.uasset" 5698
"/Engine/EngineMaterials/Substrate/GLints/dict_16_192_64_0p5_0p02_0015_0003" 5699
"/Engine/EngineMaterials/Substrate/GLints/dict_16_192_64_0p5_0p02_0015_0004" 5700
"../../../Engine/Content/EngineMaterials/Substrate/GLints/dict_16_192_64_0p5_0p02_0014_0009.uasset" 5701
"/Engine/EngineMaterials/Substrate/GLints/dict_16_192_64_0p5_0p02_0015_0005" 5702
"/Engine/EngineMaterials/Substrate/GLints/dict_16_192_64_0p5_0p02_0018_0015" 5703
"/Engine/EngineMaterials/Substrate/GLints/dict_16_192_64_0p5_0p02_0019_0001" 5704
"/Engine/EngineMaterials/Substrate/GLints/dict_16_192_64_0p5_0p02_0014_0013" 5705
"/Engine/EngineMaterials/Substrate/GLints/dict_16_192_64_0p5_0p02_0014_0014" 5706
"/Engine/EngineMaterials/Substrate/GLints/dict_16_192_64_0p5_0p02_0014_0005" 5707
"/Engine/EngineMaterials/Substrate/GLints/dict_16_192_64_0p5_0p02_0014_0006" 5708
"/Engine/EngineMaterials/Substrate/GLints/dict_16_192_64_0p5_0p02_0014_0007" 5709
"/Engine/EngineMaterials/Substrate/GLints/dict_16_192_64_0p5_0p02_0014_0008" 5710
"/Engine/EngineMaterials/Substrate/GLints/dict_16_192_64_0p5_0p02_0014_0009" 5711
"/Engine/EngineMaterials/Substrate/GLints/dict_16_192_64_0p5_0p02_0014_0010" 5712
"../../../Engine/Content/EngineMaterials/Substrate/GLints/dict_16_192_64_0p5_0p02_0014_0004.uasset" 5713
"../../../Engine/Content/EngineMaterials/Substrate/GLints/dict_16_192_64_0p5_0p02_0014_0003.uasset" 5714
"../../../Engine/Content/EngineMaterials/Substrate/GLints/dict_16_192_64_0p5_0p02_0014_0001.uasset" 5715
"../../../Engine/Content/EngineMaterials/Substrate/GLints/dict_16_192_64_0p5_0p02_0013_0015.uasset" 5716
"../../../Engine/Content/EngineMaterials/Substrate/GLints/dict_16_192_64_0p5_0p02_0014_0002.uasset" 5717
"../../../Engine/Content/EngineMaterials/Substrate/GLints/dict_16_192_64_0p5_0p02_0014_0000.uasset" 5718
"../../../Engine/Content/EngineMaterials/Substrate/GLints/dict_16_192_64_0p5_0p02_0013_0012.uasset" 5719
"../../../Engine/Content/EngineMaterials/Substrate/GLints/dict_16_192_64_0p5_0p02_0013_0011.uasset" 5720
"../../../Engine/Content/EngineMaterials/Substrate/GLints/dict_16_192_64_0p5_0p02_0013_0014.uasset" 5721
"/Engine/EngineMaterials/Substrate/GLints/dict_16_192_64_0p5_0p02_0013_0015" 5722
"../../../Engine/Content/EngineMaterials/Substrate/GLints/dict_16_192_64_0p5_0p02_0013_0008.uasset" 5723
"../../../Engine/Content/EngineMaterials/Substrate/GLints/dict_16_192_64_0p5_0p02_0013_0013.uasset" 5724
"../../../Engine/Content/EngineMaterials/Substrate/GLints/dict_16_192_64_0p5_0p02_0013_0009.uasset" 5725
"/Engine/EngineMaterials/Substrate/GLints/dict_16_192_64_0p5_0p02_0014_0000" 5726
"../../../Engine/Content/EngineMaterials/Substrate/GLints/dict_16_192_64_0p5_0p02_0013_0006.uasset" 5727
"/Engine/EngineMaterials/Substrate/GLints/dict_16_192_64_0p5_0p02_0014_0001" 5728
"/Engine/EngineMaterials/Substrate/GLints/dict_16_192_64_0p5_0p02_0014_0002" 5729
"/Engine/EngineMaterials/Substrate/GLints/dict_16_192_64_0p5_0p02_0014_0003" 5730
"/Engine/EngineMaterials/Substrate/GLints/dict_16_192_64_0p5_0p02_0013_0011" 5731
"/Engine/EngineMaterials/Substrate/GLints/dict_16_192_64_0p5_0p02_0014_0004" 5732
"/Engine/EngineMaterials/Substrate/GLints/dict_16_192_64_0p5_0p02_0013_0012" 5733
"/Engine/EngineMaterials/Substrate/GLints/dict_16_192_64_0p5_0p02_0013_0014" 5734
"../../../Engine/Content/EngineMaterials/Substrate/GLints/dict_16_192_64_0p5_0p02_0013_0007.uasset" 5735
"../../../Engine/Content/EngineMaterials/Substrate/GLints/dict_16_192_64_0p5_0p02_0013_0005.uasset" 5736
"/Engine/EngineMaterials/Substrate/GLints/dict_16_192_64_0p5_0p02_0013_0005" 5737
"/Engine/EngineMaterials/Substrate/GLints/dict_16_192_64_0p5_0p02_0013_0006" 5738
"/Engine/EngineMaterials/Substrate/GLints/dict_16_192_64_0p5_0p02_0013_0007" 5739
"/Engine/EngineMaterials/Substrate/GLints/dict_16_192_64_0p5_0p02_0013_0008" 5740
"/Engine/EngineMaterials/Substrate/GLints/dict_16_192_64_0p5_0p02_0013_0009" 5741
"/Engine/EngineMaterials/Substrate/GLints/dict_16_192_64_0p5_0p02_0013_0013" 5742
"../../../Engine/Content/EngineMaterials/Substrate/GLints/dict_16_192_64_0p5_0p02_0013_0010.uasset" 5743
"../../../Engine/Content/EngineMaterials/Substrate/GLints/dict_16_192_64_0p5_0p02_0013_0003.uasset" 5744
"../../../Engine/Content/EngineMaterials/Substrate/GLints/dict_16_192_64_0p5_0p02_0013_0002.uasset" 5745
"../../../Engine/Content/EngineMaterials/Substrate/GLints/dict_16_192_64_0p5_0p02_0013_0001.uasset" 5746
"../../../Engine/Content/EngineMaterials/Substrate/GLints/dict_16_192_64_0p5_0p02_0013_0000.uasset" 5747
"../../../Engine/Content/EngineMaterials/Substrate/GLints/dict_16_192_64_0p5_0p02_0013_0004.uasset" 5748
"../../../Engine/Content/EngineMaterials/Substrate/GLints/dict_16_192_64_0p5_0p02_0012_0014.uasset" 5749
"../../../Engine/Content/EngineMaterials/Substrate/GLints/dict_16_192_64_0p5_0p02_0012_0015.uasset" 5750
"../../../Engine/Content/EngineMaterials/Substrate/GLints/dict_16_192_64_0p5_0p02_0012_0013.uasset" 5751
"../../../Engine/Content/EngineMaterials/Substrate/GLints/dict_16_192_64_0p5_0p02_0012_0012.uasset" 5752
"../../../Engine/Content/EngineMaterials/Substrate/GLints/dict_16_192_64_0p5_0p02_0012_0011.uasset" 5753
"/Engine/EngineMaterials/Substrate/GLints/dict_16_192_64_0p5_0p02_0012_0014" 5754
"../../../Engine/Content/EngineMaterials/Substrate/GLints/dict_16_192_64_0p5_0p02_0012_0009.uasset" 5755
"../../../Engine/Content/EngineMaterials/Substrate/GLints/dict_16_192_64_0p5_0p02_0012_0007.uasset" 5756
"../../../Engine/Content/EngineMaterials/Substrate/GLints/dict_16_192_64_0p5_0p02_0012_0008.uasset" 5757
"../../../Engine/Content/EngineMaterials/Substrate/GLints/dict_16_192_64_0p5_0p02_0012_0006.uasset" 5758
"../../../Engine/Content/EngineMaterials/Substrate/GLints/dict_16_192_64_0p5_0p02_0012_0005.uasset" 5759
"/Engine/EngineMaterials/Substrate/GLints/dict_16_192_64_0p5_0p02_0012_0015" 5760
"../../../Engine/Content/EngineMaterials/Substrate/GLints/dict_16_192_64_0p5_0p02_0012_0010.uasset" 5761
"/Engine/EngineMaterials/Substrate/GLints/dict_16_192_64_0p5_0p02_0013_0010" 5762
"/Engine/EngineMaterials/Substrate/GLints/dict_16_192_64_0p5_0p02_0013_0000" 5763
"/Engine/EngineMaterials/Substrate/GLints/dict_16_192_64_0p5_0p02_0013_0001" 5764
"/Engine/EngineMaterials/Substrate/GLints/dict_16_192_64_0p5_0p02_0013_0002" 5765
"/Engine/EngineMaterials/Substrate/GLints/dict_16_192_64_0p5_0p02_0013_0003" 5766
"/Engine/EngineMaterials/Substrate/GLints/dict_16_192_64_0p5_0p02_0013_0004" 5767
"/Engine/EngineMaterials/Substrate/GLints/dict_16_192_64_0p5_0p02_0012_0013" 5768
"/Engine/EngineMaterials/Substrate/GLints/dict_16_192_64_0p5_0p02_0012_0005" 5769
"/Engine/EngineMaterials/Substrate/GLints/dict_16_192_64_0p5_0p02_0012_0006" 5770
"/Engine/EngineMaterials/Substrate/GLints/dict_16_192_64_0p5_0p02_0012_0007" 5771
"/Engine/EngineMaterials/Substrate/GLints/dict_16_192_64_0p5_0p02_0012_0008" 5772
"/Engine/EngineMaterials/Substrate/GLints/dict_16_192_64_0p5_0p02_0012_0009" 5773
"/Engine/EngineMaterials/Substrate/GLints/dict_16_192_64_0p5_0p02_0012_0010" 5774
"/Engine/EngineMaterials/Substrate/GLints/dict_16_192_64_0p5_0p02_0012_0011" 5775
"/Engine/EngineMaterials/Substrate/GLints/dict_16_192_64_0p5_0p02_0012_0012" 5776
"../../../Engine/Content/EngineMaterials/Substrate/GLints/dict_16_192_64_0p5_0p02_0012_0002.uasset" 5777
"../../../Engine/Content/EngineMaterials/Substrate/GLints/dict_16_192_64_0p5_0p02_0012_0000.uasset" 5778
"../../../Engine/Content/EngineMaterials/Substrate/GLints/dict_16_192_64_0p5_0p02_0012_0003.uasset" 5779
"../../../Engine/Content/EngineMaterials/Substrate/GLints/dict_16_192_64_0p5_0p02_0012_0004.uasset" 5780
"../../../Engine/Content/EngineMaterials/Substrate/GLints/dict_16_192_64_0p5_0p02_0012_0001.uasset" 5781
"../../../Engine/Content/EngineMaterials/Substrate/GLints/dict_16_192_64_0p5_0p02_0011_0014.uasset" 5782
"../../../Engine/Content/EngineMaterials/Substrate/GLints/dict_16_192_64_0p5_0p02_0011_0015.uasset" 5783
"../../../Engine/Content/EngineMaterials/Substrate/GLints/dict_16_192_64_0p5_0p02_0011_0013.uasset" 5784
"../../../Engine/Content/EngineMaterials/Substrate/GLints/dict_16_192_64_0p5_0p02_0011_0011.uasset" 5785
"../../../Engine/Content/EngineMaterials/Substrate/GLints/dict_16_192_64_0p5_0p02_0011_0012.uasset" 5786
"../../../Engine/Content/EngineMaterials/Substrate/GLints/dict_16_192_64_0p5_0p02_0021_0007.uasset" 5787
"/Engine/EngineMaterials/Substrate/GLints/dict_16_192_64_0p5_0p02_0011_0014" 5788
"../../../Engine/Content/EngineMaterials/Substrate/GLints/dict_16_192_64_0p5_0p02_0011_0009.uasset" 5789
"../../../Engine/Content/EngineMaterials/Substrate/GLints/dict_16_192_64_0p5_0p02_0011_0010.uasset" 5790
"../../../Engine/Content/EngineMaterials/Substrate/GLints/dict_16_192_64_0p5_0p02_0011_0006.uasset" 5791
"/Engine/EngineMaterials/Substrate/GLints/dict_16_192_64_0p5_0p02_0012_0004" 5792
"/Engine/EngineMaterials/Substrate/GLints/dict_16_192_64_0p5_0p02_0011_0015" 5793
"../../../Engine/Content/EngineMaterials/Substrate/GLints/dict_16_192_64_0p5_0p02_0011_0008.uasset" 5794
"/Engine/EngineMaterials/Substrate/GLints/dict_16_192_64_0p5_0p02_0012_0000" 5795
"../../../Engine/Content/EngineMaterials/Substrate/GLints/dict_16_192_64_0p5_0p02_0011_0007.uasset" 5796
"/Engine/EngineMaterials/Substrate/GLints/dict_16_192_64_0p5_0p02_0021_0007" 5797
"/Engine/EngineMaterials/Substrate/GLints/dict_16_192_64_0p5_0p02_0012_0001" 5798
"/Engine/EngineMaterials/Substrate/GLints/dict_16_192_64_0p5_0p02_0012_0002" 5799
"/Engine/EngineMaterials/Substrate/GLints/dict_16_192_64_0p5_0p02_0011_0011" 5800
"/Engine/EngineMaterials/Substrate/GLints/dict_16_192_64_0p5_0p02_0011_0012" 5801
"/Engine/EngineMaterials/Substrate/GLints/dict_16_192_64_0p5_0p02_0011_0013" 5802
"../../../Engine/Content/EngineMaterials/Substrate/GLints/dict_16_192_64_0p5_0p02_0011_0002.uasset" 5803
"../../../Engine/Content/EngineMaterials/Substrate/GLints/dict_16_192_64_0p5_0p02_0011_0005.uasset" 5804
"/Engine/EngineMaterials/Substrate/GLints/dict_16_192_64_0p5_0p02_0012_0003" 5805
"../../../Engine/Content/EngineMaterials/Substrate/GLints/dict_16_192_64_0p5_0p02_0011_0000.uasset" 5806
"../../../Engine/Content/EngineMaterials/Substrate/GLints/dict_16_192_64_0p5_0p02_0011_0004.uasset" 5807
"/Engine/EngineMaterials/Substrate/GLints/dict_16_192_64_0p5_0p02_0011_0000" 5808
"/Engine/EngineMaterials/Substrate/GLints/dict_16_192_64_0p5_0p02_0011_0006" 5809
"/Engine/EngineMaterials/Substrate/GLints/dict_16_192_64_0p5_0p02_0011_0007" 5810
"/Engine/EngineMaterials/Substrate/GLints/dict_16_192_64_0p5_0p02_0011_0008" 5811
"/Engine/EngineMaterials/Substrate/GLints/dict_16_192_64_0p5_0p02_0011_0002" 5812
"/Engine/EngineMaterials/Substrate/GLints/dict_16_192_64_0p5_0p02_0011_0009" 5813
"../../../Engine/Content/EngineMaterials/Substrate/GLints/dict_16_192_64_0p5_0p02_0011_0001.uasset" 5814
"/Engine/EngineMaterials/Substrate/GLints/dict_16_192_64_0p5_0p02_0011_0010" 5815
"../../../Engine/Content/EngineMaterials/Substrate/GLints/dict_16_192_64_0p5_0p02_0011_0003.uasset" 5816
"/Engine/EngineMaterials/Substrate/GLints/dict_16_192_64_0p5_0p02_0011_0004" 5817
"/Engine/EngineMaterials/Substrate/GLints/dict_16_192_64_0p5_0p02_0011_0005" 5818
"/Engine/EngineMaterials/Substrate/GLints/dict_16_192_64_0p5_0p02_0011_0001" 5819
"/Engine/EngineMaterials/Substrate/GLints/dict_16_192_64_0p5_0p02_0011_0003" 5820
"../../../Engine/Content/EngineMaterials/Substrate/GLints/dict_16_192_64_0p5_0p02_0010_0013.uasset" 5821
"../../../Engine/Content/EngineMaterials/Substrate/GLints/dict_16_192_64_0p5_0p02_0010_0014.uasset" 5822
"../../../Engine/Content/EngineMaterials/Substrate/GLints/dict_16_192_64_0p5_0p02_0010_0015.uasset" 5823
"../../../Engine/Content/EngineMaterials/Substrate/GLints/dict_16_192_64_0p5_0p02_0010_0012.uasset" 5824
"../../../Engine/Content/EngineMaterials/Substrate/GLints/dict_16_192_64_0p5_0p02_0010_0010.uasset" 5825
"../../../Engine/Content/EngineMaterials/Substrate/GLints/dict_16_192_64_0p5_0p02_0010_0007.uasset" 5826
"../../../Engine/Content/EngineMaterials/Substrate/GLints/dict_16_192_64_0p5_0p02_0010_0009.uasset" 5827
"../../../Engine/Content/EngineMaterials/Substrate/GLints/dict_16_192_64_0p5_0p02_0010_0005.uasset" 5828
"/Engine/EngineMaterials/Substrate/GLints/dict_16_192_64_0p5_0p02_0010_0013" 5829
"/Engine/EngineMaterials/Substrate/GLints/dict_16_192_64_0p5_0p02_0010_0014" 5830
"../../../Engine/Content/EngineMaterials/Substrate/GLints/dict_16_192_64_0p5_0p02_0010_0011.uasset" 5831
"/Engine/EngineMaterials/Substrate/GLints/dict_16_192_64_0p5_0p02_0010_0015" 5832
"/Engine/EngineMaterials/Substrate/GLints/dict_16_192_64_0p5_0p02_0010_0005" 5833
"/Engine/EngineMaterials/Substrate/GLints/dict_16_192_64_0p5_0p02_0010_0007" 5834
"/Engine/EngineMaterials/Substrate/GLints/dict_16_192_64_0p5_0p02_0010_0009" 5835
"/Engine/EngineMaterials/Substrate/GLints/dict_16_192_64_0p5_0p02_0010_0010" 5836
"../../../Engine/Content/EngineMaterials/Substrate/GLints/dict_16_192_64_0p5_0p02_0010_0006.uasset" 5837
"../../../Engine/Content/EngineMaterials/Substrate/GLints/dict_16_192_64_0p5_0p02_0010_0004.uasset" 5838
"/Engine/EngineMaterials/Substrate/GLints/dict_16_192_64_0p5_0p02_0010_0012" 5839
"../../../Engine/Content/EngineMaterials/Substrate/GLints/dict_16_192_64_0p5_0p02_0010_0008.uasset" 5840
"/Engine/EngineMaterials/Substrate/GLints/dict_16_192_64_0p5_0p02_0010_0004" 5841
"/Engine/EngineMaterials/Substrate/GLints/dict_16_192_64_0p5_0p02_0010_0006" 5842
"/Engine/EngineMaterials/Substrate/GLints/dict_16_192_64_0p5_0p02_0010_0008" 5843
"/Engine/EngineMaterials/Substrate/GLints/dict_16_192_64_0p5_0p02_0010_0011" 5844
"../../../Engine/Content/EngineMaterials/Substrate/GLints/dict_16_192_64_0p5_0p02_0010_0003.uasset" 5845
"../../../Engine/Content/EngineMaterials/Substrate/GLints/dict_16_192_64_0p5_0p02_0010_0002.uasset" 5846
"../../../Engine/Content/EngineMaterials/Substrate/GLints/dict_16_192_64_0p5_0p02_0010_0001.uasset" 5847
"../../../Engine/Content/EngineMaterials/Substrate/GLints/dict_16_192_64_0p5_0p02_0010_0000.uasset" 5848
"../../../Engine/Content/EngineMaterials/Substrate/GLints/dict_16_192_64_0p5_0p02_0009_0014.uasset" 5849
"../../../Engine/Content/EngineMaterials/Substrate/GLints/dict_16_192_64_0p5_0p02_0009_0013.uasset" 5850
"../../../Engine/Content/EngineMaterials/Substrate/GLints/dict_16_192_64_0p5_0p02_0009_0011.uasset" 5851
"../../../Engine/Content/EngineMaterials/Substrate/GLints/dict_16_192_64_0p5_0p02_0009_0015.uasset" 5852
"../../../Engine/Content/EngineMaterials/Substrate/GLints/dict_16_192_64_0p5_0p02_0009_0010.uasset" 5853
"/Engine/EngineMaterials/Substrate/GLints/dict_16_192_64_0p5_0p02_0010_0002" 5854
"../../../Engine/Content/EngineMaterials/Substrate/GLints/dict_16_192_64_0p5_0p02_0009_0009.uasset" 5855
"../../../Engine/Content/EngineMaterials/Substrate/GLints/dict_16_192_64_0p5_0p02_0009_0006.uasset" 5856
"../../../Engine/Content/EngineMaterials/Substrate/GLints/dict_16_192_64_0p5_0p02_0009_0012.uasset" 5857
"/Engine/EngineMaterials/Substrate/GLints/dict_16_192_64_0p5_0p02_0010_0003" 5858
"/Engine/EngineMaterials/Substrate/GLints/dict_16_192_64_0p5_0p02_0009_0010" 5859
"/Engine/EngineMaterials/Substrate/GLints/dict_16_192_64_0p5_0p02_0009_0011" 5860
"/Engine/EngineMaterials/Substrate/GLints/dict_16_192_64_0p5_0p02_0009_0013" 5861
"/Engine/EngineMaterials/Substrate/GLints/dict_16_192_64_0p5_0p02_0009_0014" 5862
"/Engine/EngineMaterials/Substrate/GLints/dict_16_192_64_0p5_0p02_0009_0015" 5863
"/Engine/EngineMaterials/Substrate/GLints/dict_16_192_64_0p5_0p02_0010_0000" 5864
"/Engine/EngineMaterials/Substrate/GLints/dict_16_192_64_0p5_0p02_0010_0001" 5865
"/Engine/EngineMaterials/Substrate/GLints/dict_16_192_64_0p5_0p02_0009_0009" 5866
"/Engine/EngineMaterials/Substrate/GLints/dict_16_192_64_0p5_0p02_0009_0012" 5867
"/Engine/EngineMaterials/Substrate/GLints/dict_16_192_64_0p5_0p02_0009_0006" 5868
"../../../Engine/Content/EngineMaterials/Substrate/GLints/dict_16_192_64_0p5_0p02_0009_0005.uasset" 5869
"../../../Engine/Content/EngineMaterials/Substrate/GLints/dict_16_192_64_0p5_0p02_0009_0003.uasset" 5870
"/Engine/EngineMaterials/Substrate/GLints/dict_16_192_64_0p5_0p02_0009_0003" 5871
"/Engine/EngineMaterials/Substrate/GLints/dict_16_192_64_0p5_0p02_0009_0005" 5872
"../../../Engine/Content/EngineMaterials/Substrate/GLints/dict_16_192_64_0p5_0p02_0009_0007.uasset" 5873
"../../../Engine/Content/EngineMaterials/Substrate/GLints/dict_16_192_64_0p5_0p02_0009_0002.uasset" 5874
"../../../Engine/Content/EngineMaterials/Substrate/GLints/dict_16_192_64_0p5_0p02_0009_0001.uasset" 5875
"../../../Engine/Content/EngineMaterials/Substrate/GLints/dict_16_192_64_0p5_0p02_0009_0008.uasset" 5876
"../../../Engine/Content/EngineMaterials/Substrate/GLints/dict_16_192_64_0p5_0p02_0009_0000.uasset" 5877
"../../../Engine/Content/EngineMaterials/Substrate/GLints/dict_16_192_64_0p5_0p02_0009_0004.uasset" 5878
"../../../Engine/Content/EngineMaterials/Substrate/GLints/dict_16_192_64_0p5_0p02_0008_0015.uasset" 5879
"../../../Engine/Content/EngineMaterials/Substrate/GLints/dict_16_192_64_0p5_0p02_0008_0014.uasset" 5880
"../../../Engine/Content/EngineMaterials/Substrate/GLints/dict_16_192_64_0p5_0p02_0008_0011.uasset" 5881
"../../../Engine/Content/EngineMaterials/Substrate/GLints/dict_16_192_64_0p5_0p02_0008_0012.uasset" 5882
"../../../Engine/Content/EngineMaterials/Substrate/GLints/dict_16_192_64_0p5_0p02_0008_0009.uasset" 5883
"../../../Engine/Content/EngineMaterials/Substrate/GLints/dict_16_192_64_0p5_0p02_0008_0013.uasset" 5884
"../../../Engine/Content/EngineMaterials/Substrate/GLints/dict_16_192_64_0p5_0p02_0008_0008.uasset" 5885
"../../../Engine/Content/EngineMaterials/Substrate/GLints/dict_16_192_64_0p5_0p02_0008_0010.uasset" 5886
"/Engine/EngineMaterials/Substrate/GLints/dict_16_192_64_0p5_0p02_0008_0015" 5887
"../../../Engine/Content/EngineMaterials/Substrate/GLints/dict_16_192_64_0p5_0p02_0008_0005.uasset" 5888
"../../../Engine/Content/EngineMaterials/Substrate/GLints/dict_16_192_64_0p5_0p02_0008_0007.uasset" 5889
"/Engine/EngineMaterials/Substrate/GLints/dict_16_192_64_0p5_0p02_0009_0000" 5890
"../../../Engine/Content/EngineMaterials/Substrate/GLints/dict_16_192_64_0p5_0p02_0008_0006.uasset" 5891
"/Engine/EngineMaterials/Substrate/GLints/dict_16_192_64_0p5_0p02_0009_0001" 5892
"/Engine/EngineMaterials/Substrate/GLints/dict_16_192_64_0p5_0p02_0009_0007" 5893
"/Engine/EngineMaterials/Substrate/GLints/dict_16_192_64_0p5_0p02_0008_0011" 5894
"/Engine/EngineMaterials/Substrate/GLints/dict_16_192_64_0p5_0p02_0009_0002" 5895
"/Engine/EngineMaterials/Substrate/GLints/dict_16_192_64_0p5_0p02_0008_0012" 5896
"/Engine/EngineMaterials/Substrate/GLints/dict_16_192_64_0p5_0p02_0009_0008" 5897
"/Engine/EngineMaterials/Substrate/GLints/dict_16_192_64_0p5_0p02_0008_0008" 5898
"../../../Engine/Content/EngineMaterials/Substrate/GLints/dict_16_192_64_0p5_0p02_0008_0001.uasset" 5899
"../../../Engine/Content/EngineMaterials/Substrate/GLints/dict_16_192_64_0p5_0p02_0008_0002.uasset" 5900
"/Engine/EngineMaterials/Substrate/GLints/dict_16_192_64_0p5_0p02_0009_0004" 5901
"../../../Engine/Content/EngineMaterials/Substrate/GLints/dict_16_192_64_0p5_0p02_0008_0000.uasset" 5902
"/Engine/EngineMaterials/Substrate/GLints/dict_16_192_64_0p5_0p02_0008_0009" 5903
"../../../Engine/Content/EngineMaterials/Substrate/GLints/dict_16_192_64_0p5_0p02_0008_0004.uasset" 5904
"/Engine/EngineMaterials/Substrate/GLints/dict_16_192_64_0p5_0p02_0008_0014" 5905
"/Engine/EngineMaterials/Substrate/GLints/dict_16_192_64_0p5_0p02_0008_0010" 5906
"../../../Engine/Content/EngineMaterials/Substrate/GLints/dict_16_192_64_0p5_0p02_0007_0014.uasset" 5907
"../../../Engine/Content/EngineMaterials/Substrate/GLints/dict_16_192_64_0p5_0p02_0008_0003.uasset" 5908
"/Engine/EngineMaterials/Substrate/GLints/dict_16_192_64_0p5_0p02_0008_0002" 5909
"/Engine/EngineMaterials/Substrate/GLints/dict_16_192_64_0p5_0p02_0008_0004" 5910
"/Engine/EngineMaterials/Substrate/GLints/dict_16_192_64_0p5_0p02_0008_0005" 5911
"../../../Engine/Content/EngineMaterials/Substrate/GLints/dict_16_192_64_0p5_0p02_0007_0015.uasset" 5912
"/Engine/EngineMaterials/Substrate/GLints/dict_16_192_64_0p5_0p02_0008_0000" 5913
"/Engine/EngineMaterials/Substrate/GLints/dict_16_192_64_0p5_0p02_0008_0006" 5914
"/Engine/EngineMaterials/Substrate/GLints/dict_16_192_64_0p5_0p02_0008_0007" 5915
"/Engine/EngineMaterials/Substrate/GLints/dict_16_192_64_0p5_0p02_0007_0014" 5916
"/Engine/EngineMaterials/Substrate/GLints/dict_16_192_64_0p5_0p02_0008_0001" 5917
"/Engine/EngineMaterials/Substrate/GLints/dict_16_192_64_0p5_0p02_0008_0003" 5918
"/Engine/EngineMaterials/Substrate/GLints/dict_16_192_64_0p5_0p02_0007_0015" 5919
"../../../Engine/Content/EngineMaterials/Substrate/GLints/dict_16_192_64_0p5_0p02_0007_0013.uasset" 5920
"../../../Engine/Content/EngineMaterials/Substrate/GLints/dict_16_192_64_0p5_0p02_0007_0011.uasset" 5921
"../../../Engine/Content/EngineMaterials/Substrate/GLints/dict_16_192_64_0p5_0p02_0007_0012.uasset" 5922
"../../../Engine/Content/EngineMaterials/Substrate/GLints/dict_16_192_64_0p5_0p02_0007_0010.uasset" 5923
"/Engine/EngineMaterials/Substrate/GLints/dict_16_192_64_0p5_0p02_0007_0013" 5924
"/Engine/EngineMaterials/Substrate/GLints/dict_16_192_64_0p5_0p02_0007_0010" 5925
"../../../Engine/Content/EngineMaterials/Substrate/GLints/dict_16_192_64_0p5_0p02_0007_0008.uasset" 5926
"../../../Engine/Content/EngineMaterials/Substrate/GLints/dict_16_192_64_0p5_0p02_0007_0009.uasset" 5927
"../../../Engine/Content/EngineMaterials/Substrate/GLints/dict_16_192_64_0p5_0p02_0007_0006.uasset" 5928
"/Engine/EngineMaterials/Substrate/GLints/dict_16_192_64_0p5_0p02_0007_0011" 5929
"../../../Engine/Content/EngineMaterials/Substrate/GLints/dict_16_192_64_0p5_0p02_0007_0007.uasset" 5930
"/Engine/EngineMaterials/Substrate/GLints/dict_16_192_64_0p5_0p02_0007_0012" 5931
"/Engine/EngineMaterials/Substrate/GLints/dict_16_192_64_0p5_0p02_0007_0006" 5932
"/Engine/EngineMaterials/Substrate/GLints/dict_16_192_64_0p5_0p02_0007_0007" 5933
"/Engine/EngineMaterials/Substrate/GLints/dict_16_192_64_0p5_0p02_0007_0008" 5934
"/Engine/EngineMaterials/Substrate/GLints/dict_16_192_64_0p5_0p02_0007_0009" 5935
"../../../Engine/Content/EngineMaterials/Substrate/GLints/dict_16_192_64_0p5_0p02_0016_0004.uasset" 5936
"../../../Engine/Content/EngineMaterials/Substrate/GLints/dict_16_192_64_0p5_0p02_0007_0004.uasset" 5937
"../../../Engine/Content/EngineMaterials/Substrate/GLints/dict_16_192_64_0p5_0p02_0007_0003.uasset" 5938
"../../../Engine/Content/EngineMaterials/Substrate/GLints/dict_16_192_64_0p5_0p02_0007_0005.uasset" 5939
"../../../Engine/Content/EngineMaterials/Substrate/GLints/dict_16_192_64_0p5_0p02_0007_0002.uasset" 5940
"/Engine/EngineMaterials/Substrate/GLints/dict_16_192_64_0p5_0p02_0016_0004" 5941
"/Engine/EngineMaterials/Substrate/GLints/dict_16_192_64_0p5_0p02_0007_0002" 5942
"/Engine/EngineMaterials/Substrate/GLints/dict_16_192_64_0p5_0p02_0007_0003" 5943
"/Engine/EngineMaterials/Substrate/GLints/dict_16_192_64_0p5_0p02_0007_0004" 5944
"/Engine/EngineMaterials/Substrate/GLints/dict_16_192_64_0p5_0p02_0007_0005" 5945
"../../../Engine/Content/EngineMaterials/Substrate/GLints/dict_16_192_64_0p5_0p02_0016_0006.uasset" 5946
"../../../Engine/Content/EngineMaterials/Substrate/GLints/dict_16_192_64_0p5_0p02_0007_0001.uasset" 5947
"../../../Engine/Content/EngineMaterials/Substrate/GLints/dict_16_192_64_0p5_0p02_0006_0015.uasset" 5948
"../../../Engine/Content/EngineMaterials/Substrate/GLints/dict_16_192_64_0p5_0p02_0006_0014.uasset" 5949
"../../../Engine/Content/EngineMaterials/Substrate/GLints/dict_16_192_64_0p5_0p02_0006_0013.uasset" 5950
"../../../Engine/Content/EngineMaterials/Substrate/GLints/dict_16_192_64_0p5_0p02_0007_0000.uasset" 5951
"/Engine/EngineMaterials/Substrate/GLints/dict_16_192_64_0p5_0p02_0007_0000" 5952
"../../../Engine/Content/EngineMaterials/Substrate/GLints/dict_16_192_64_0p5_0p02_0014_0011.uasset" 5953
"/Engine/EngineMaterials/Substrate/GLints/dict_16_192_64_0p5_0p02_0007_0001" 5954
"../../../Engine/Content/EngineMaterials/Substrate/GLints/dict_16_192_64_0p5_0p02_0006_0008.uasset" 5955
"../../../Engine/Content/EngineMaterials/Substrate/GLints/dict_16_192_64_0p5_0p02_0006_0009.uasset" 5956
"../../../Engine/Content/EngineMaterials/Substrate/GLints/dict_16_192_64_0p5_0p02_0006_0010.uasset" 5957
"/Engine/EngineMaterials/Substrate/GLints/dict_16_192_64_0p5_0p02_0016_0006" 5958
"/Engine/EngineMaterials/Substrate/GLints/dict_16_192_64_0p5_0p02_0006_0013" 5959
"../../../Engine/Content/EngineMaterials/Substrate/GLints/dict_16_192_64_0p5_0p02_0006_0007.uasset" 5960
"/Engine/EngineMaterials/Substrate/GLints/dict_16_192_64_0p5_0p02_0006_0014" 5961
"/Engine/EngineMaterials/Substrate/GLints/dict_16_192_64_0p5_0p02_0006_0015" 5962
"/Engine/EngineMaterials/Substrate/GLints/dict_16_192_64_0p5_0p02_0006_0008" 5963
"/Engine/EngineMaterials/Substrate/GLints/dict_16_192_64_0p5_0p02_0006_0007" 5964
"/Engine/EngineMaterials/Substrate/GLints/dict_16_192_64_0p5_0p02_0006_0009" 5965
"/Engine/EngineMaterials/Substrate/GLints/dict_16_192_64_0p5_0p02_0006_0010" 5966
"/Engine/EngineMaterials/Substrate/GLints/dict_16_192_64_0p5_0p02_0014_0011" 5967
"../../../Engine/Content/EngineMaterials/Substrate/GLints/dict_16_192_64_0p5_0p02_0006_0012.uasset" 5968
"/Engine/EngineMaterials/Substrate/GLints/dict_16_192_64_0p5_0p02_0006_0012" 5969
"../../../Engine/Content/EngineMaterials/Substrate/GLints/dict_16_192_64_0p5_0p02_0014_0012.uasset" 5970
"../../../Engine/Content/EngineMaterials/Substrate/GLints/dict_16_192_64_0p5_0p02_0006_0002.uasset" 5971
"../../../Engine/Content/EngineMaterials/Substrate/GLints/dict_16_192_64_0p5_0p02_0006_0006.uasset" 5972
"../../../Engine/Content/EngineMaterials/Substrate/GLints/dict_16_192_64_0p5_0p02_0006_0003.uasset" 5973
"../../../Engine/Content/EngineMaterials/Substrate/GLints/dict_16_192_64_0p5_0p02_0006_0005.uasset" 5974
"../../../Engine/Content/EngineMaterials/Substrate/GLints/dict_16_192_64_0p5_0p02_0006_0004.uasset" 5975
"/Engine/EngineMaterials/Substrate/GLints/dict_16_192_64_0p5_0p02_0006_0006" 5976
"/Engine/EngineMaterials/Substrate/GLints/dict_16_192_64_0p5_0p02_0006_0002" 5977
"../../../Engine/Content/EngineMaterials/Substrate/GLints/dict_16_192_64_0p5_0p02_0006_0000.uasset" 5978
"../../../Engine/Content/EngineMaterials/Substrate/GLints/dict_16_192_64_0p5_0p02_0005_0015.uasset" 5979
"../../../Engine/Content/EngineMaterials/Substrate/GLints/dict_16_192_64_0p5_0p02_0006_0001.uasset" 5980
"/Engine/EngineMaterials/Substrate/GLints/dict_16_192_64_0p5_0p02_0006_0003" 5981
"../../../Engine/Content/EngineMaterials/Substrate/GLints/dict_16_192_64_0p5_0p02_0005_0014.uasset" 5982
"../../../Engine/Content/EngineMaterials/Substrate/GLints/dict_16_192_64_0p5_0p02_0005_0012.uasset" 5983
"../../../Engine/Content/EngineMaterials/Substrate/GLints/dict_16_192_64_0p5_0p02_0005_0013.uasset" 5984
"/Engine/EngineMaterials/Substrate/GLints/dict_16_192_64_0p5_0p02_0006_0004" 5985
"../../../Engine/Content/EngineMaterials/Substrate/GLints/dict_16_192_64_0p5_0p02_0005_0011.uasset" 5986
"/Engine/EngineMaterials/Substrate/GLints/dict_16_192_64_0p5_0p02_0014_0012" 5987
"/Engine/EngineMaterials/Substrate/GLints/dict_16_192_64_0p5_0p02_0006_0005" 5988
"/Engine/EngineMaterials/Substrate/GLints/dict_16_192_64_0p5_0p02_0005_0011" 5989
"/Engine/EngineMaterials/Substrate/GLints/dict_16_192_64_0p5_0p02_0005_0012" 5990
"/Engine/EngineMaterials/Substrate/GLints/dict_16_192_64_0p5_0p02_0005_0013" 5991
"/Engine/EngineMaterials/Substrate/GLints/dict_16_192_64_0p5_0p02_0005_0014" 5992
"/Engine/EngineMaterials/Substrate/GLints/dict_16_192_64_0p5_0p02_0008_0013" 5993
"/Engine/EngineMaterials/Substrate/GLints/dict_16_192_64_0p5_0p02_0005_0015" 5994
"/Engine/EngineMaterials/Substrate/GLints/dict_16_192_64_0p5_0p02_0006_0000" 5995
"/Engine/EngineMaterials/Substrate/GLints/dict_16_192_64_0p5_0p02_0006_0001" 5996
"../../../Engine/Content/EngineMaterials/Substrate/GLints/dict_16_192_64_0p5_0p02_0005_0005.uasset" 5997
"../../../Engine/Content/EngineMaterials/Substrate/GLints/dict_16_192_64_0p5_0p02_0005_0004.uasset" 5998
"../../../Engine/Content/EngineMaterials/Substrate/GLints/dict_16_192_64_0p5_0p02_0005_0010.uasset" 5999
"../../../Engine/Content/EngineMaterials/Substrate/GLints/dict_16_192_64_0p5_0p02_0005_0007.uasset" 6000
"../../../Engine/Content/EngineMaterials/Substrate/GLints/dict_16_192_64_0p5_0p02_0005_0006.uasset" 6001
"../../../Engine/Content/EngineMaterials/Substrate/GLints/dict_16_192_64_0p5_0p02_0005_0008.uasset" 6002
"../../../Engine/Content/EngineMaterials/Substrate/GLints/dict_16_192_64_0p5_0p02_0005_0009.uasset" 6003
"../../../Engine/Content/EngineMaterials/Substrate/GLints/dict_16_192_64_0p5_0p02_0005_0003.uasset" 6004
"../../../Engine/Content/EngineMaterials/Substrate/GLints/dict_16_192_64_0p5_0p02_0016_0005.uasset" 6005
"/Engine/EngineMaterials/Substrate/GLints/dict_16_192_64_0p5_0p02_0005_0003" 6006
"../../../Engine/Content/EngineMaterials/Substrate/GLints/dict_16_192_64_0p5_0p02_0017_0005.uasset" 6007
"../../../Engine/Content/EngineMaterials/Substrate/GLints/dict_16_192_64_0p5_0p02_0005_0000.uasset" 6008
"../../../Engine/Content/EngineMaterials/Substrate/GLints/dict_16_192_64_0p5_0p02_0004_0015.uasset" 6009
"../../../Engine/Content/EngineMaterials/Substrate/GLints/dict_16_192_64_0p5_0p02_0005_0001.uasset" 6010
"../../../Engine/Content/EngineMaterials/Substrate/GLints/dict_16_192_64_0p5_0p02_0004_0013.uasset" 6011
"../../../Engine/Content/EngineMaterials/Substrate/GLints/dict_16_192_64_0p5_0p02_0005_0002.uasset" 6012
"../../../Engine/Content/EngineMaterials/Substrate/GLints/dict_16_192_64_0p5_0p02_0004_0012.uasset" 6013
"../../../Engine/Content/EngineMaterials/Substrate/GLints/dict_16_192_64_0p5_0p02_0004_0014.uasset" 6014
"/Engine/EngineMaterials/Substrate/GLints/dict_16_192_64_0p5_0p02_0005_0004" 6015
"/Engine/EngineMaterials/Substrate/GLints/dict_16_192_64_0p5_0p02_0005_0009" 6016
"/Engine/EngineMaterials/Substrate/GLints/dict_16_192_64_0p5_0p02_0005_0010" 6017
"../../../Engine/Content/EngineMaterials/Substrate/GLints/dict_16_192_64_0p5_0p02_0004_0011.uasset" 6018
"/Engine/EngineMaterials/Substrate/GLints/dict_16_192_64_0p5_0p02_0005_0005" 6019
"/Engine/EngineMaterials/Substrate/GLints/dict_16_192_64_0p5_0p02_0005_0006" 6020
"/Engine/EngineMaterials/Substrate/GLints/dict_16_192_64_0p5_0p02_0005_0007" 6021
"/Engine/EngineMaterials/Substrate/GLints/dict_16_192_64_0p5_0p02_0005_0008" 6022
"/Engine/EngineMaterials/Substrate/GLints/dict_16_192_64_0p5_0p02_0004_0014" 6023
"/Engine/EngineMaterials/Substrate/GLints/dict_16_192_64_0p5_0p02_0004_0015" 6024
"/Engine/EngineMaterials/Substrate/GLints/dict_16_192_64_0p5_0p02_0016_0005" 6025
"/Engine/EngineMaterials/Substrate/GLints/dict_16_192_64_0p5_0p02_0005_0000" 6026
"/Engine/EngineMaterials/Substrate/GLints/dict_16_192_64_0p5_0p02_0005_0001" 6027
"../../../Engine/Content/EngineMaterials/Substrate/GLints/dict_16_192_64_0p5_0p02_0018_0002.uasset" 6028
"../../../Engine/Content/EngineMaterials/Substrate/GLints/dict_16_192_64_0p5_0p02_0004_0003.uasset" 6029
"../../../Engine/Content/EngineMaterials/Substrate/GLints/dict_16_192_64_0p5_0p02_0004_0006.uasset" 6030
"../../../Engine/Content/EngineMaterials/Substrate/GLints/dict_16_192_64_0p5_0p02_0004_0007.uasset" 6031
"../../../Engine/Content/EngineMaterials/Substrate/GLints/dict_16_192_64_0p5_0p02_0004_0002.uasset" 6032
"../../../Engine/Content/EngineMaterials/Substrate/GLints/dict_16_192_64_0p5_0p02_0004_0005.uasset" 6033
"../../../Engine/Content/EngineMaterials/Substrate/GLints/dict_16_192_64_0p5_0p02_0004_0004.uasset" 6034
"/Engine/EngineMaterials/Substrate/GLints/dict_16_192_64_0p5_0p02_0004_0013" 6035
"../../../Engine/Content/EngineMaterials/Substrate/GLints/dict_16_192_64_0p5_0p02_0004_0008.uasset" 6036
"/Engine/EngineMaterials/Substrate/GLints/dict_16_192_64_0p5_0p02_0017_0005" 6037
"/Engine/EngineMaterials/Substrate/GLints/dict_16_192_64_0p5_0p02_0005_0002" 6038
"/Engine/EngineMaterials/Substrate/GLints/dict_16_192_64_0p5_0p02_0004_0011" 6039
"../../../Engine/Content/EngineMaterials/Substrate/GLints/dict_16_192_64_0p5_0p02_0004_0001.uasset" 6040
"/Engine/EngineMaterials/Substrate/GLints/dict_16_192_64_0p5_0p02_0004_0012" 6041
"../../../Engine/Content/EngineMaterials/Substrate/GLints/dict_16_192_64_0p5_0p02_0003_0014.uasset" 6042
"../../../Engine/Content/EngineMaterials/Substrate/GLints/dict_16_192_64_0p5_0p02_0003_0013.uasset" 6043
"../../../Engine/Content/EngineMaterials/Substrate/GLints/dict_16_192_64_0p5_0p02_0003_0015.uasset" 6044
"/Engine/EngineMaterials/Substrate/GLints/dict_16_192_64_0p5_0p02_0004_0007" 6045
"../../../Engine/Content/EngineMaterials/Substrate/GLints/dict_16_192_64_0p5_0p02_0003_0012.uasset" 6046
"../../../Engine/Content/EngineMaterials/Substrate/GLints/dict_16_192_64_0p5_0p02_0003_0011.uasset" 6047
"../../../Engine/Content/EngineMaterials/Substrate/GLints/dict_16_192_64_0p5_0p02_0003_0009.uasset" 6048
"../../../Engine/Content/EngineMaterials/Substrate/GLints/dict_16_192_64_0p5_0p02_0003_0010.uasset" 6049
"/Engine/EngineMaterials/Substrate/GLints/dict_16_192_64_0p5_0p02_0003_0015" 6050
"/Engine/EngineMaterials/Substrate/GLints/dict_16_192_64_0p5_0p02_0004_0001" 6051
"/Engine/EngineMaterials/Substrate/GLints/dict_16_192_64_0p5_0p02_0004_0002" 6052
"/Engine/EngineMaterials/Substrate/GLints/dict_16_192_64_0p5_0p02_0004_0008" 6053
"/Engine/EngineMaterials/Substrate/GLints/dict_16_192_64_0p5_0p02_0004_0003" 6054
"/Engine/EngineMaterials/Substrate/GLints/dict_16_192_64_0p5_0p02_0018_0002" 6055
"/Engine/EngineMaterials/Substrate/GLints/dict_16_192_64_0p5_0p02_0004_0004" 6056
"/Engine/EngineMaterials/Substrate/GLints/dict_16_192_64_0p5_0p02_0004_0005" 6057
"/Engine/EngineMaterials/Substrate/GLints/dict_16_192_64_0p5_0p02_0004_0006" 6058
"/Engine/EngineMaterials/Substrate/GLints/dict_16_192_64_0p5_0p02_0003_0013" 6059
"/Engine/EngineMaterials/Substrate/GLints/dict_16_192_64_0p5_0p02_0003_0014" 6060
"/Engine/EngineMaterials/Substrate/GLints/dict_16_192_64_0p5_0p02_0003_0009" 6061
"/Engine/EngineMaterials/Substrate/GLints/dict_16_192_64_0p5_0p02_0003_0010" 6062
"../../../Engine/Content/EngineMaterials/Substrate/GLints/dict_16_192_64_0p5_0p02_0003_0008.uasset" 6063
"/Engine/EngineMaterials/Substrate/GLints/dict_16_192_64_0p5_0p02_0003_0011" 6064
"/Engine/EngineMaterials/Substrate/GLints/dict_16_192_64_0p5_0p02_0003_0012" 6065
"/Engine/EngineMaterials/Substrate/GLints/dict_16_192_64_0p5_0p02_0003_0008" 6066
"../../../Engine/Content/EngineMaterials/Substrate/GLints/dict_16_192_64_0p5_0p02_0003_0005.uasset" 6067
"../../../Engine/Content/EngineMaterials/Substrate/GLints/dict_16_192_64_0p5_0p02_0003_0006.uasset" 6068
"../../../Engine/Content/EngineMaterials/Substrate/GLints/dict_16_192_64_0p5_0p02_0003_0007.uasset" 6069
"../../../Engine/Content/EngineMaterials/Substrate/GLints/dict_16_192_64_0p5_0p02_0003_0004.uasset" 6070
"../../../Engine/Content/EngineMaterials/Substrate/GLints/dict_16_192_64_0p5_0p02_0003_0003.uasset" 6071
"../../../Engine/Content/EngineMaterials/Substrate/GLints/dict_16_192_64_0p5_0p02_0003_0001.uasset" 6072
"../../../Engine/Content/EngineMaterials/Substrate/GLints/dict_16_192_64_0p5_0p02_0003_0000.uasset" 6073
"../../../Engine/Content/EngineMaterials/Substrate/GLints/dict_16_192_64_0p5_0p02_0002_0014.uasset" 6074
"../../../Engine/Content/EngineMaterials/Substrate/GLints/dict_16_192_64_0p5_0p02_0003_0002.uasset" 6075
"../../../Engine/Content/EngineMaterials/Substrate/GLints/dict_16_192_64_0p5_0p02_0002_0015.uasset" 6076
"../../../Engine/Content/EngineMaterials/Substrate/GLints/dict_16_192_64_0p5_0p02_0006_0011.uasset" 6077
"../../../Engine/Content/EngineMaterials/Substrate/GLints/dict_16_192_64_0p5_0p02_0002_0013.uasset" 6078
"../../../Engine/Content/EngineMaterials/Substrate/GLints/dict_16_192_64_0p5_0p02_0002_0012.uasset" 6079
"../../../Engine/Content/EngineMaterials/Substrate/GLints/dict_16_192_64_0p5_0p02_0002_0011.uasset" 6080
"../../../Engine/Content/EngineMaterials/Substrate/GLints/dict_16_192_64_0p5_0p02_0002_0007.uasset" 6081
"../../../Engine/Content/EngineMaterials/Substrate/GLints/dict_16_192_64_0p5_0p02_0002_0010.uasset" 6082
"../../../Engine/Content/EngineMaterials/Substrate/GLints/dict_16_192_64_0p5_0p02_0002_0009.uasset" 6083
"../../../Engine/Content/EngineMaterials/Substrate/GLints/dict_16_192_64_0p5_0p02_0002_0008.uasset" 6084
"../../../Engine/Content/EngineMaterials/Substrate/GLints/dict_16_192_64_0p5_0p02_0002_0005.uasset" 6085
"../../../Engine/Content/EngineMaterials/Substrate/GLints/dict_16_192_64_0p5_0p02_0002_0003.uasset" 6086
"../../../Engine/Content/EngineMaterials/Substrate/GLints/dict_16_192_64_0p5_0p02_0002_0006.uasset" 6087
"../../../Engine/Content/EngineMaterials/Substrate/GLints/dict_16_192_64_0p5_0p02_0002_0002.uasset" 6088
"../../../Engine/Content/EngineMaterials/Substrate/GLints/dict_16_192_64_0p5_0p02_0002_0004.uasset" 6089
"../../../Engine/Content/EngineMaterials/Substrate/GLints/dict_16_192_64_0p5_0p02_0002_0001.uasset" 6090
"../../../Engine/Content/EngineMaterials/Substrate/GLints/dict_16_192_64_0p5_0p02_0001_0015.uasset" 6091
"../../../Engine/Content/EngineMaterials/Substrate/GLints/dict_16_192_64_0p5_0p02_0002_0000.uasset" 6092
"../../../Engine/Content/EngineMaterials/Substrate/GLints/dict_16_192_64_0p5_0p02_0004_0010.uasset" 6093
"../../../Engine/Content/EngineMaterials/Substrate/GLints/dict_16_192_64_0p5_0p02_0001_0013.uasset" 6094
"../../../Engine/Content/EngineMaterials/Substrate/GLints/dict_16_192_64_0p5_0p02_0001_0014.uasset" 6095
"../../../Engine/Content/EngineMaterials/Substrate/GLints/dict_16_192_64_0p5_0p02_0001_0012.uasset" 6096
"../../../Engine/Content/EngineMaterials/Substrate/GLints/dict_16_192_64_0p5_0p02_0004_0009.uasset" 6097
"../../../Engine/Content/EngineMaterials/Substrate/GLints/dict_16_192_64_0p5_0p02_0004_0000.uasset" 6098
"D:/24cu0220/KONA_BANANA/DerivedDataCache/VT/TEXTURE_7C16439390E24F1F9468894FB4D4BC55_VTCHUNKD2DAB16BFF152507817E734DBB935160EA97A322" 6099
"D:/24cu0220/KONA_BANANA/DerivedDataCache/VT/TEXTURE_7C16439390E24F1F9468894FB4D4BC55_VTCHUNK38740DBD4108040D6985AA56705D97D46F27920C" 6100
"D:/24cu0220/KONA_BANANA/DerivedDataCache/VT/TEXTURE_7C16439390E24F1F9468894FB4D4BC55_VTCHUNK84C05FFC339C0CEFE446DED1628C0AFB5362331E" 6101
"D:/24cu0220/KONA_BANANA/DerivedDataCache/VT/TEXTURE_7C16439390E24F1F9468894FB4D4BC55_VTCHUNKC0393DE8C5B4673D99D1BECB92AA8C1F72FEB491" 6102
"D:/24cu0220/KONA_BANANA/DerivedDataCache/VT/TEXTURE_7C16439390E24F1F9468894FB4D4BC55_VTCHUNK02D4C3BCAD7DFA48AB32B8281FB06B8B83DB6275" 6103
"/Engine/EngineMaterials/Substrate/GLints/dict_16_192_64_0p5_0p02_0002_0013" 6104
"/Engine/EngineMaterials/Substrate/GLints/dict_16_192_64_0p5_0p02_0002_0001" 6105
"/Engine/EngineMaterials/Substrate/GLints/dict_16_192_64_0p5_0p02_0003_0007" 6106
"/Engine/EngineMaterials/Substrate/GLints/dict_16_192_64_0p5_0p02_0001_0012" 6107
"/Engine/EngineMaterials/Substrate/GLints/dict_16_192_64_0p5_0p02_0001_0013" 6108
"/Engine/EngineMaterials/Substrate/GLints/dict_16_192_64_0p5_0p02_0001_0014" 6109
"/Engine/EngineMaterials/Substrate/GLints/dict_16_192_64_0p5_0p02_0002_0014" 6110
"/Engine/EngineMaterials/Substrate/GLints/dict_16_192_64_0p5_0p02_0002_0002" 6111
"/Engine/EngineMaterials/Substrate/GLints/dict_16_192_64_0p5_0p02_0002_0015" 6112
"/Engine/EngineMaterials/Substrate/GLints/dict_16_192_64_0p5_0p02_0001_0015" 6113
"/Engine/EngineMaterials/Substrate/GLints/dict_16_192_64_0p5_0p02_0003_0000" 6114
"/Engine/EngineMaterials/Substrate/GLints/dict_16_192_64_0p5_0p02_0003_0001" 6115
"/Engine/EngineMaterials/Substrate/GLints/dict_16_192_64_0p5_0p02_0004_0000" 6116
"/Engine/EngineMaterials/Substrate/GLints/dict_16_192_64_0p5_0p02_0002_0003" 6117
"/Engine/EngineMaterials/Substrate/GLints/dict_16_192_64_0p5_0p02_0002_0004" 6118
"/Engine/EngineMaterials/Substrate/GLints/dict_16_192_64_0p5_0p02_0002_0005" 6119
"/Engine/EngineMaterials/Substrate/GLints/dict_16_192_64_0p5_0p02_0002_0006" 6120
"/Engine/EngineMaterials/Substrate/GLints/dict_16_192_64_0p5_0p02_0002_0007" 6121
"/Engine/EngineMaterials/Substrate/GLints/dict_16_192_64_0p5_0p02_0006_0011" 6122
"/Engine/EngineMaterials/Substrate/GLints/dict_16_192_64_0p5_0p02_0003_0002" 6123
"/Engine/EngineMaterials/Substrate/GLints/dict_16_192_64_0p5_0p02_0002_0008" 6124
"/Engine/EngineMaterials/Substrate/GLints/dict_16_192_64_0p5_0p02_0002_0000" 6125
"/Engine/EngineMaterials/Substrate/GLints/dict_16_192_64_0p5_0p02_0002_0009" 6126
"/Engine/EngineMaterials/Substrate/GLints/dict_16_192_64_0p5_0p02_0002_0010" 6127
"/Engine/EngineMaterials/Substrate/GLints/dict_16_192_64_0p5_0p02_0003_0003" 6128
"/Engine/EngineMaterials/Substrate/GLints/dict_16_192_64_0p5_0p02_0004_0009" 6129
"/Engine/EngineMaterials/Substrate/GLints/dict_16_192_64_0p5_0p02_0002_0011" 6130
"/Engine/EngineMaterials/Substrate/GLints/dict_16_192_64_0p5_0p02_0004_0010" 6131
"/Engine/EngineMaterials/Substrate/GLints/dict_16_192_64_0p5_0p02_0003_0004" 6132
"/Engine/EngineMaterials/Substrate/GLints/dict_16_192_64_0p5_0p02_0002_0012" 6133
"/Engine/EngineMaterials/Substrate/GLints/dict_16_192_64_0p5_0p02_0003_0005" 6134
"/Engine/EngineMaterials/Substrate/GLints/dict_16_192_64_0p5_0p02_0003_0006" 6135
"../../../Engine/Content/EngineMaterials/Substrate/GLints/dict_16_192_64_0p5_0p02_0001_0009.uasset" 6136
"../../../Engine/Content/EngineMaterials/Substrate/GLints/dict_16_192_64_0p5_0p02_0001_0011.uasset" 6137
"../../../Engine/Content/EngineMaterials/Substrate/GLints/dict_16_192_64_0p5_0p02_0001_0005.uasset" 6138
"../../../Engine/Content/EngineMaterials/Substrate/GLints/dict_16_192_64_0p5_0p02_0001_0008.uasset" 6139
"/Engine/EngineMaterials/Substrate/GLints/dict_16_192_64_0p5_0p02_0001_0005" 6140
"../../../Engine/Content/EngineMaterials/Substrate/GLints/dict_16_192_64_0p5_0p02_0001_0007.uasset" 6141
"/Engine/EngineMaterials/Substrate/GLints/dict_16_192_64_0p5_0p02_0001_0008" 6142
"../../../Engine/Content/EngineMaterials/Substrate/GLints/dict_16_192_64_0p5_0p02_0001_0010.uasset" 6143
"/Engine/EngineMaterials/Substrate/GLints/dict_16_192_64_0p5_0p02_0001_0009" 6144
"/Engine/EngineMaterials/Substrate/GLints/dict_16_192_64_0p5_0p02_0001_0011" 6145
"../../../Engine/Content/EngineMaterials/Substrate/GLints/dict_16_192_64_0p5_0p02_0000_0008.uasset" 6146
"/Engine/EngineMaterials/Substrate/GLints/dict_16_192_64_0p5_0p02_0001_0007" 6147
"../../../Engine/Content/EngineMaterials/Substrate/GLints/dict_16_192_64_0p5_0p02_0000_0010.uasset" 6148
"../../../Engine/Content/EngineMaterials/Substrate/GLints/dict_16_192_64_0p5_0p02_0001_0002.uasset" 6149
"/Engine/EngineMaterials/Substrate/GLints/dict_16_192_64_0p5_0p02_0001_0010" 6150
"/Engine/EngineMaterials/Substrate/GLints/dict_16_192_64_0p5_0p02_0000_0008" 6151
"/Engine/EngineMaterials/Substrate/GLints/dict_16_192_64_0p5_0p02_0000_0010" 6152
"/Engine/EngineMaterials/Substrate/GLints/dict_16_192_64_0p5_0p02_0001_0002" 6153
"../../../Engine/Content/EngineMaterials/Substrate/GLints/dict_16_192_64_0p5_0p02_0000_0007.uasset" 6154
"../../../Engine/Content/EngineMaterials/Substrate/GLints/dict_16_192_64_0p5_0p02_0000_0009.uasset" 6155
"../../../Engine/Content/EngineMaterials/Substrate/GLints/dict_16_192_64_0p5_0p02_0000_0014.uasset" 6156
"../../../Engine/Content/EngineMaterials/Substrate/GLints/dict_16_192_64_0p5_0p02_0001_0003.uasset" 6157
"../../../Engine/Content/EngineMaterials/Substrate/GLints/dict_16_192_64_0p5_0p02_0000_0015.uasset" 6158
"../../../Engine/Content/EngineMaterials/Substrate/GLints/dict_16_192_64_0p5_0p02_0000_0013.uasset" 6159
"../../../Engine/Content/EngineMaterials/Substrate/GLints/dict_16_192_64_0p5_0p02_0001_0004.uasset" 6160
"../../../Engine/Content/EngineMaterials/Substrate/GLints/dict_16_192_64_0p5_0p02_0001_0006.uasset" 6161
"../../../Engine/Content/EngineMaterials/Substrate/GLints/dict_16_192_64_0p5_0p02_0000_0003.uasset" 6162
"/Engine/EngineMaterials/Substrate/GLints/dict_16_192_64_0p5_0p02_0000_0003" 6163
"/Engine/EngineMaterials/Substrate/GLints/dict_16_192_64_0p5_0p02_0000_0007" 6164
"/Engine/EngineMaterials/Substrate/GLints/dict_16_192_64_0p5_0p02_0000_0009" 6165
"../../../Engine/Content/EngineMaterials/Substrate/GLints/dict_16_192_64_0p5_0p02_0000_0006.uasset" 6166
"../../../Engine/Content/EngineMaterials/Substrate/GLints/dict_16_192_64_0p5_0p02_0001_0001.uasset" 6167
"../../../Engine/Content/EngineMaterials/Substrate/GLints/dict_16_192_64_0p5_0p02_0000_0011.uasset" 6168
"/Engine/EngineMaterials/Substrate/GLints/dict_16_192_64_0p5_0p02_0000_0013" 6169
"/Engine/EngineMaterials/Substrate/GLints/dict_16_192_64_0p5_0p02_0000_0014" 6170
"/Engine/EngineMaterials/Substrate/GLints/dict_16_192_64_0p5_0p02_0000_0015" 6171
"/Engine/EngineMaterials/Substrate/GLints/dict_16_192_64_0p5_0p02_0001_0003" 6172
"/Engine/EngineMaterials/Substrate/GLints/dict_16_192_64_0p5_0p02_0001_0004" 6173
"/Engine/EngineMaterials/Substrate/GLints/dict_16_192_64_0p5_0p02_0001_0006" 6174
"/Engine/EngineMaterials/Substrate/GLints/dict_16_192_64_0p5_0p02_0000_0006" 6175
"../../../Engine/Content/EngineMaterials/Substrate/GLints/dict_16_192_64_0p5_0p02_0000_0004.uasset" 6176
"/Engine/EngineMaterials/Substrate/GLints/dict_16_192_64_0p5_0p02_0000_0011" 6177
"/Engine/EngineMaterials/Substrate/GLints/dict_16_192_64_0p5_0p02_0001_0001" 6178
"/Engine/EngineMaterials/Substrate/GLints/dict_16_192_64_0p5_0p02_0000_0004" 6179
"../../../Engine/Content/EngineMaterials/Substrate/Glints2/dict_0007_0253.uasset" 6180
"../../../Engine/Content/EngineMaterials/Substrate/GLints/dict_16_192_64_0p5_0p02_0000_0005.uasset" 6181
"../../../Engine/Content/EngineMaterials/Substrate/GLints/dict_16_192_64_0p5_0p02_0001_0000.uasset" 6182
"../../../Engine/Content/EngineMaterials/Substrate/GLints/dict_16_192_64_0p5_0p02_0000_0001.uasset" 6183
"../../../Engine/Content/EngineMaterials/Substrate/GLints/dict_16_192_64_0p5_0p02_0000_0012.uasset" 6184
"/Engine/EngineMaterials/Substrate/Glints2/dict_0007_0253" 6185
"/Engine/EngineMaterials/Substrate/GLints/dict_16_192_64_0p5_0p02_0000_0001" 6186
"/Engine/EngineMaterials/Substrate/GLints/dict_16_192_64_0p5_0p02_0000_0005" 6187
"/Engine/EngineMaterials/Substrate/GLints/dict_16_192_64_0p5_0p02_0000_0012" 6188
"/Engine/EngineMaterials/Substrate/GLints/dict_16_192_64_0p5_0p02_0001_0000" 6189
"../../../Engine/Content/EngineMaterials/Substrate/Glints2/dict_0007_0255.uasset" 6190
"../../../Engine/Content/EngineMaterials/Substrate/GLints/dict_16_192_64_0p5_0p02_0000_0000.uasset" 6191
"../../../Engine/Content/EngineMaterials/Substrate/GLints/dict_16_192_64_0p5_0p02_0000_0002.uasset" 6192
"../../../Engine/Content/EngineMaterials/Substrate/GLints/AGlintTex2dArray.uasset" 6193
"/Engine/EngineMaterials/Substrate/Glints2/dict_0007_0255" 6194
"/Engine/EngineMaterials/Substrate/GLints/AGlintTex2dArray" 6195
"../../../Engine/Content/EngineMaterials/Substrate/Glints2/dict_0007_0254.uasset" 6196
"/Engine/EngineMaterials/Substrate/Glints2/dict_0007_0254" 6197
"../../../Engine/Content/EngineMaterials/Substrate/Glints2/dict_0007_0252.uasset" 6198
"../../../Engine/Content/EngineMaterials/Substrate/Glints2/dict_0007_0251.uasset" 6199
"../../../Engine/Content/EngineMaterials/Substrate/Glints2/dict_0007_0248.uasset" 6200
"../../../Engine/Content/EngineMaterials/Substrate/Glints2/dict_0007_0249.uasset" 6201
"/Engine/EngineMaterials/Substrate/Glints2/dict_0007_0249" 6202
"../../../Engine/Content/EngineMaterials/Substrate/Glints2/dict_0007_0242.uasset" 6203
"../../../Engine/Content/EngineMaterials/Substrate/Glints2/dict_0007_0237.uasset" 6204
"../../../Engine/Content/EngineMaterials/Substrate/Glints2/dict_0007_0240.uasset" 6205
"../../../Engine/Content/EngineMaterials/Substrate/Glints2/dict_0007_0245.uasset" 6206
"../../../Engine/Content/EngineMaterials/Substrate/Glints2/dict_0007_0241.uasset" 6207
"/Engine/EngineMaterials/Substrate/Glints2/dict_0007_0251" 6208
"/Engine/EngineMaterials/Substrate/Glints2/dict_0007_0248" 6209
"/Engine/EngineMaterials/Substrate/Glints2/dict_0007_0252" 6210
"/Engine/EngineMaterials/Substrate/Glints2/dict_0007_0237" 6211
"/Engine/EngineMaterials/Substrate/Glints2/dict_0007_0245" 6212
"/Engine/EngineMaterials/Substrate/Glints2/dict_0007_0240" 6213
"/Engine/EngineMaterials/Substrate/Glints2/dict_0007_0241" 6214
"/Engine/EngineMaterials/Substrate/Glints2/dict_0007_0242" 6215
"../../../Engine/Content/EngineMaterials/Substrate/Glints2/dict_0007_0243.uasset" 6216
"../../../Engine/Content/EngineMaterials/Substrate/Glints2/dict_0007_0244.uasset" 6217
"../../../Engine/Content/EngineMaterials/Substrate/Glints2/dict_0007_0229.uasset" 6218
"../../../Engine/Content/EngineMaterials/Substrate/Glints2/dict_0007_0232.uasset" 6219
"../../../Engine/Content/EngineMaterials/Substrate/Glints2/dict_0007_0231.uasset" 6220
"../../../Engine/Content/EngineMaterials/Substrate/Glints2/dict_0007_0230.uasset" 6221
"../../../Engine/Content/EngineMaterials/Substrate/Glints2/dict_0007_0233.uasset" 6222
"/Engine/EngineMaterials/Substrate/Glints2/dict_0007_0231" 6223
"/Engine/EngineMaterials/Substrate/Glints2/dict_0007_0232" 6224
"../../../Engine/Content/EngineMaterials/Substrate/Glints2/dict_0007_0250.uasset" 6225
"../../../Engine/Content/EngineMaterials/Substrate/Glints2/dict_0007_0238.uasset" 6226
"/Engine/EngineMaterials/Substrate/Glints2/dict_0007_0244" 6227
"/Engine/EngineMaterials/Substrate/Glints2/dict_0007_0233" 6228
"../../../Engine/Content/EngineMaterials/Substrate/Glints2/dict_0007_0222.uasset" 6229
"../../../Engine/Content/EngineMaterials/Substrate/Glints2/dict_0007_0223.uasset" 6230
"/Engine/EngineMaterials/Substrate/Glints2/dict_0007_0229" 6231
"../../../Engine/Content/EngineMaterials/Substrate/Glints2/dict_0007_0225.uasset" 6232
"../../../Engine/Content/EngineMaterials/Substrate/Glints2/dict_0007_0224.uasset" 6233
"../../../Engine/Content/EngineMaterials/Substrate/Glints2/dict_0007_0221.uasset" 6234
"/Engine/EngineMaterials/Substrate/Glints2/dict_0007_0230" 6235
"/Engine/EngineMaterials/Substrate/Glints2/dict_0007_0243" 6236
"/Engine/EngineMaterials/Substrate/Glints2/dict_0007_0221" 6237
"/Engine/EngineMaterials/Substrate/Glints2/dict_0007_0222" 6238
"/Engine/EngineMaterials/Substrate/Glints2/dict_0007_0223" 6239
"/Engine/EngineMaterials/Substrate/Glints2/dict_0007_0224" 6240
"/Engine/EngineMaterials/Substrate/Glints2/dict_0007_0225" 6241
"/Engine/EngineMaterials/Substrate/Glints2/dict_0007_0238" 6242
"/Engine/EngineMaterials/Substrate/Glints2/dict_0007_0250" 6243
"../../../Engine/Content/EngineMaterials/Substrate/Glints2/dict_0007_0220.uasset" 6244
"../../../Engine/Content/EngineMaterials/Substrate/Glints2/dict_0007_0217.uasset" 6245
"../../../Engine/Content/EngineMaterials/Substrate/Glints2/dict_0007_0218.uasset" 6246
"../../../Engine/Content/EngineMaterials/Substrate/Glints2/dict_0007_0216.uasset" 6247
"../../../Engine/Content/EngineMaterials/Substrate/Glints2/dict_0007_0219.uasset" 6248
"../../../Engine/Content/EngineMaterials/Substrate/Glints2/dict_0007_0214.uasset" 6249
"../../../Engine/Content/EngineMaterials/Substrate/Glints2/dict_0007_0215.uasset" 6250
"../../../Engine/Content/EngineMaterials/Substrate/Glints2/dict_0007_0247.uasset" 6251
"/Engine/EngineMaterials/Substrate/Glints2/dict_0007_0214" 6252
"/Engine/EngineMaterials/Substrate/Glints2/dict_0007_0215" 6253
"/Engine/EngineMaterials/Substrate/Glints2/dict_0007_0216" 6254
"/Engine/EngineMaterials/Substrate/Glints2/dict_0007_0217" 6255
"/Engine/EngineMaterials/Substrate/Glints2/dict_0007_0247" 6256
"../../../Engine/Content/EngineMaterials/Substrate/Glints2/dict_0007_0207.uasset" 6257
"../../../Engine/Content/EngineMaterials/Substrate/Glints2/dict_0007_0211.uasset" 6258
"../../../Engine/Content/EngineMaterials/Substrate/Glints2/dict_0007_0212.uasset" 6259
"../../../Engine/Content/EngineMaterials/Substrate/Glints2/dict_0007_0210.uasset" 6260
"../../../Engine/Content/EngineMaterials/Substrate/Glints2/dict_0007_0209.uasset" 6261
"../../../Engine/Content/EngineMaterials/Substrate/Glints2/dict_0007_0208.uasset" 6262
"../../../Engine/Content/EngineMaterials/Substrate/Glints2/dict_0007_0213.uasset" 6263
"/Engine/EngineMaterials/Substrate/Glints2/dict_0007_0218" 6264
"/Engine/EngineMaterials/Substrate/Glints2/dict_0007_0219" 6265
"/Engine/EngineMaterials/Substrate/Glints2/dict_0007_0220" 6266
"/Engine/EngineMaterials/Substrate/Glints2/dict_0007_0207" 6267
"/Engine/EngineMaterials/Substrate/Glints2/dict_0007_0212" 6268
"/Engine/EngineMaterials/Substrate/Glints2/dict_0007_0213" 6269
"/Engine/EngineMaterials/Substrate/Glints2/dict_0007_0208" 6270
"/Engine/EngineMaterials/Substrate/Glints2/dict_0007_0209" 6271
"/Engine/EngineMaterials/Substrate/Glints2/dict_0007_0210" 6272
"/Engine/EngineMaterials/Substrate/Glints2/dict_0007_0211" 6273
"../../../Engine/Content/EngineMaterials/Substrate/Glints2/dict_0007_0246.uasset" 6274
"../../../Engine/Content/EngineMaterials/Substrate/Glints2/dict_0007_0227.uasset" 6275
"../../../Engine/Content/EngineMaterials/Substrate/Glints2/dict_0007_0203.uasset" 6276
"../../../Engine/Content/EngineMaterials/Substrate/Glints2/dict_0007_0202.uasset" 6277
"../../../Engine/Content/EngineMaterials/Substrate/Glints2/dict_0007_0198.uasset" 6278
"../../../Engine/Content/EngineMaterials/Substrate/Glints2/dict_0007_0199.uasset" 6279
"../../../Engine/Content/EngineMaterials/Substrate/Glints2/dict_0007_0200.uasset" 6280
"../../../Engine/Content/EngineMaterials/Substrate/Glints2/dict_0007_0201.uasset" 6281
"/Engine/EngineMaterials/Substrate/Glints2/dict_0007_0198" 6282
"../../../Engine/Content/EngineMaterials/Substrate/Glints2/dict_0007_0197.uasset" 6283
"/Engine/EngineMaterials/Substrate/Glints2/dict_0007_0199" 6284
"/Engine/EngineMaterials/Substrate/Glints2/dict_0007_0200" 6285
"/Engine/EngineMaterials/Substrate/Glints2/dict_0007_0201" 6286
"/Engine/EngineMaterials/Substrate/Glints2/dict_0007_0227" 6287
"/Engine/EngineMaterials/Substrate/Glints2/dict_0007_0202" 6288
"/Engine/EngineMaterials/Substrate/Glints2/dict_0007_0203" 6289
"/Engine/EngineMaterials/Substrate/Glints2/dict_0007_0246" 6290
"/Engine/EngineMaterials/Substrate/Glints2/dict_0007_0197" 6291
"../../../Engine/Content/EngineMaterials/Substrate/Glints2/dict_0007_0194.uasset" 6292
"../../../Engine/Content/EngineMaterials/Substrate/Glints2/dict_0007_0193.uasset" 6293
"../../../Engine/Content/EngineMaterials/Substrate/Glints2/dict_0007_0191.uasset" 6294
"../../../Engine/Content/EngineMaterials/Substrate/Glints2/dict_0007_0192.uasset" 6295
"../../../Engine/Content/EngineMaterials/Substrate/Glints2/dict_0007_0190.uasset" 6296
"../../../Engine/Content/EngineMaterials/Substrate/Glints2/dict_0007_0189.uasset" 6297
"/Engine/EngineMaterials/Substrate/Glints2/dict_0007_0190" 6298
"/Engine/EngineMaterials/Substrate/Glints2/dict_0007_0191" 6299
"/Engine/EngineMaterials/Substrate/Glints2/dict_0007_0192" 6300
"/Engine/EngineMaterials/Substrate/Glints2/dict_0007_0193" 6301
"/Engine/EngineMaterials/Substrate/Glints2/dict_0007_0189" 6302
"/Engine/EngineMaterials/Substrate/Glints2/dict_0007_0194" 6303
"../../../Engine/Content/EngineMaterials/Substrate/Glints2/dict_0007_0236.uasset" 6304
"../../../Engine/Content/EngineMaterials/Substrate/Glints2/dict_0007_0188.uasset" 6305
"../../../Engine/Content/EngineMaterials/Substrate/Glints2/dict_0007_0184.uasset" 6306
"../../../Engine/Content/EngineMaterials/Substrate/Glints2/dict_0007_0185.uasset" 6307
"../../../Engine/Content/EngineMaterials/Substrate/Glints2/dict_0007_0186.uasset" 6308
"../../../Engine/Content/EngineMaterials/Substrate/Glints2/dict_0007_0182.uasset" 6309
"../../../Engine/Content/EngineMaterials/Substrate/Glints2/dict_0007_0196.uasset" 6310
"../../../Engine/Content/EngineMaterials/Substrate/Glints2/dict_0007_0187.uasset" 6311
"../../../Engine/Content/EngineMaterials/Substrate/Glints2/dict_0007_0183.uasset" 6312
"/Engine/EngineMaterials/Substrate/Glints2/dict_0007_0236" 6313
"/Engine/EngineMaterials/Substrate/Glints2/dict_0007_0183" 6314
"/Engine/EngineMaterials/Substrate/Glints2/dict_0007_0184" 6315
"/Engine/EngineMaterials/Substrate/Glints2/dict_0007_0185" 6316
"/Engine/EngineMaterials/Substrate/Glints2/dict_0007_0186" 6317
"../../../Engine/Content/EngineMaterials/Substrate/Glints2/dict_0007_0226.uasset" 6318
"../../../Engine/Content/EngineMaterials/Substrate/Glints2/dict_0007_0205.uasset" 6319
"../../../Engine/Content/EngineMaterials/Substrate/Glints2/dict_0007_0179.uasset" 6320
"../../../Engine/Content/EngineMaterials/Substrate/Glints2/dict_0007_0175.uasset" 6321
"../../../Engine/Content/EngineMaterials/Substrate/Glints2/dict_0007_0177.uasset" 6322
"../../../Engine/Content/EngineMaterials/Substrate/Glints2/dict_0007_0180.uasset" 6323
"../../../Engine/Content/EngineMaterials/Substrate/Glints2/dict_0007_0176.uasset" 6324
"../../../Engine/Content/EngineMaterials/Substrate/Glints2/dict_0007_0174.uasset" 6325
"../../../Engine/Content/EngineMaterials/Substrate/Glints2/dict_0007_0178.uasset" 6326
"../../../Engine/Content/EngineMaterials/Substrate/Glints2/dict_0007_0235.uasset" 6327
"/Engine/EngineMaterials/Substrate/Glints2/dict_0007_0187" 6328
"/Engine/EngineMaterials/Substrate/Glints2/dict_0007_0188" 6329
"/Engine/EngineMaterials/Substrate/Glints2/dict_0007_0182" 6330
"/Engine/EngineMaterials/Substrate/Glints2/dict_0007_0196" 6331
"../../../Engine/Content/EngineMaterials/Substrate/Glints2/dict_0007_0195.uasset" 6332
"/Engine/EngineMaterials/Substrate/Glints2/dict_0007_0226" 6333
"/Engine/EngineMaterials/Substrate/Glints2/dict_0007_0175" 6334
"/Engine/EngineMaterials/Substrate/Glints2/dict_0007_0176" 6335
"/Engine/EngineMaterials/Substrate/Glints2/dict_0007_0177" 6336
"/Engine/EngineMaterials/Substrate/Glints2/dict_0007_0178" 6337
"../../../Engine/Content/EngineMaterials/Substrate/Glints2/dict_0007_0173.uasset" 6338
"../../../Engine/Content/EngineMaterials/Substrate/Glints2/dict_0007_0206.uasset" 6339
"/Engine/EngineMaterials/Substrate/Glints2/dict_0007_0179" 6340
"/Engine/EngineMaterials/Substrate/Glints2/dict_0007_0180" 6341
"/Engine/EngineMaterials/Substrate/Glints2/dict_0007_0235" 6342
"/Engine/EngineMaterials/Substrate/Glints2/dict_0007_0205" 6343
"/Engine/EngineMaterials/Substrate/Glints2/dict_0007_0195" 6344
"../../../Engine/Content/EngineMaterials/Substrate/Glints2/dict_0007_0171.uasset" 6345
"../../../Engine/Content/EngineMaterials/Substrate/Glints2/dict_0007_0172.uasset" 6346
"../../../Engine/Content/EngineMaterials/Substrate/Glints2/dict_0007_0168.uasset" 6347
"../../../Engine/Content/EngineMaterials/Substrate/Glints2/dict_0007_0169.uasset" 6348
"../../../Engine/Content/EngineMaterials/Substrate/Glints2/dict_0007_0170.uasset" 6349
"/Engine/EngineMaterials/Substrate/Glints2/dict_0007_0174" 6350
"/Engine/EngineMaterials/Substrate/Glints2/dict_0007_0206" 6351
"/Engine/EngineMaterials/Substrate/Glints2/dict_0007_0168" 6352
"/Engine/EngineMaterials/Substrate/Glints2/dict_0007_0169" 6353
"/Engine/EngineMaterials/Substrate/Glints2/dict_0007_0170" 6354
"/Engine/EngineMaterials/Substrate/Glints2/dict_0007_0171" 6355
"/Engine/EngineMaterials/Substrate/Glints2/dict_0007_0172" 6356
"/Engine/EngineMaterials/Substrate/Glints2/dict_0007_0173" 6357
"../../../Engine/Content/EngineMaterials/Substrate/Glints2/dict_0007_0163.uasset" 6358
"../../../Engine/Content/EngineMaterials/Substrate/Glints2/dict_0007_0166.uasset" 6359
"../../../Engine/Content/EngineMaterials/Substrate/Glints2/dict_0007_0162.uasset" 6360
"../../../Engine/Content/EngineMaterials/Substrate/Glints2/dict_0007_0164.uasset" 6361
"../../../Engine/Content/EngineMaterials/Substrate/Glints2/dict_0007_0165.uasset" 6362
"../../../Engine/Content/EngineMaterials/Substrate/Glints2/dict_0007_0160.uasset" 6363
"../../../Engine/Content/EngineMaterials/Substrate/Glints2/dict_0007_0159.uasset" 6364
"../../../Engine/Content/EngineMaterials/Substrate/Glints2/dict_0007_0161.uasset" 6365
"/Engine/EngineMaterials/Substrate/Glints2/dict_0007_0159" 6366
"/Engine/EngineMaterials/Substrate/Glints2/dict_0007_0160" 6367
"../../../Engine/Content/EngineMaterials/Substrate/Glints2/dict_0007_0156.uasset" 6368
"../../../Engine/Content/EngineMaterials/Substrate/Glints2/dict_0007_0155.uasset" 6369
"../../../Engine/Content/EngineMaterials/Substrate/Glints2/dict_0007_0154.uasset" 6370
"/Engine/EngineMaterials/Substrate/Glints2/dict_0007_0161" 6371
"../../../Engine/Content/EngineMaterials/Substrate/Glints2/dict_0007_0153.uasset" 6372
"/Engine/EngineMaterials/Substrate/Glints2/dict_0007_0162" 6373
"/Engine/EngineMaterials/Substrate/Glints2/dict_0007_0163" 6374
"/Engine/EngineMaterials/Substrate/Glints2/dict_0007_0164" 6375
"/Engine/EngineMaterials/Substrate/Glints2/dict_0007_0165" 6376
"/Engine/EngineMaterials/Substrate/Glints2/dict_0007_0166" 6377
"/Engine/EngineMaterials/Substrate/Glints2/dict_0007_0153" 6378
"/Engine/EngineMaterials/Substrate/Glints2/dict_0007_0154" 6379
"/Engine/EngineMaterials/Substrate/Glints2/dict_0007_0155" 6380
"/Engine/EngineMaterials/Substrate/Glints2/dict_0007_0156" 6381
"../../../Engine/Content/EngineMaterials/Substrate/Glints2/dict_0007_0157.uasset" 6382
"../../../Engine/Content/EngineMaterials/Substrate/Glints2/dict_0007_0158.uasset" 6383
"../../../Engine/Content/EngineMaterials/Substrate/Glints2/dict_0007_0151.uasset" 6384
"../../../Engine/Content/EngineMaterials/Substrate/Glints2/dict_0007_0146.uasset" 6385
"../../../Engine/Content/EngineMaterials/Substrate/Glints2/dict_0007_0150.uasset" 6386
"../../../Engine/Content/EngineMaterials/Substrate/Glints2/dict_0007_0148.uasset" 6387
"../../../Engine/Content/EngineMaterials/Substrate/Glints2/dict_0007_0152.uasset" 6388
"../../../Engine/Content/EngineMaterials/Substrate/Glints2/dict_0007_0149.uasset" 6389
"../../../Engine/Content/EngineMaterials/Substrate/Glints2/dict_0007_0145.uasset" 6390
"../../../Engine/Content/EngineMaterials/Substrate/Glints2/dict_0007_0147.uasset" 6391
"/Engine/EngineMaterials/Substrate/Glints2/dict_0007_0148" 6392
"/Engine/EngineMaterials/Substrate/Glints2/dict_0007_0149" 6393
"../../../Engine/Content/EngineMaterials/Substrate/Glints2/dict_0007_0141.uasset" 6394
"../../../Engine/Content/EngineMaterials/Substrate/Glints2/dict_0007_0142.uasset" 6395
"../../../Engine/Content/EngineMaterials/Substrate/Glints2/dict_0007_0143.uasset" 6396
"../../../Engine/Content/EngineMaterials/Substrate/Glints2/dict_0007_0140.uasset" 6397
"../../../Engine/Content/EngineMaterials/Substrate/Glints2/dict_0007_0144.uasset" 6398
"/Engine/EngineMaterials/Substrate/Glints2/dict_0007_0150" 6399
"../../../Engine/Content/EngineMaterials/Substrate/Glints2/dict_0007_0139.uasset" 6400
"/Engine/EngineMaterials/Substrate/Glints2/dict_0007_0151" 6401
"/Engine/EngineMaterials/Substrate/Glints2/dict_0007_0152" 6402
"/Engine/EngineMaterials/Substrate/Glints2/dict_0007_0145" 6403
"/Engine/EngineMaterials/Substrate/Glints2/dict_0007_0146" 6404
"/Engine/EngineMaterials/Substrate/Glints2/dict_0007_0147" 6405
"/Engine/EngineMaterials/Substrate/Glints2/dict_0007_0157" 6406
"/Engine/EngineMaterials/Substrate/Glints2/dict_0007_0158" 6407
"../../../Engine/Content/EngineMaterials/Substrate/Glints2/dict_0007_0135.uasset" 6408
"/Engine/EngineMaterials/Substrate/Glints2/dict_0007_0141" 6409
"../../../Engine/Content/EngineMaterials/Substrate/Glints2/dict_0007_0137.uasset" 6410
"/Engine/EngineMaterials/Substrate/Glints2/dict_0007_0135" 6411
"../../../Engine/Content/EngineMaterials/Substrate/Glints2/dict_0007_0138.uasset" 6412
"/Engine/EngineMaterials/Substrate/Glints2/dict_0007_0142" 6413
"/Engine/EngineMaterials/Substrate/Glints2/dict_0007_0139" 6414
"/Engine/EngineMaterials/Substrate/Glints2/dict_0007_0140" 6415
"/Engine/EngineMaterials/Substrate/Glints2/dict_0007_0143" 6416
"/Engine/EngineMaterials/Substrate/Glints2/dict_0007_0144" 6417
"/Engine/EngineMaterials/Substrate/Glints2/dict_0007_0137" 6418
"../../../Engine/Content/EngineMaterials/Substrate/Glints2/dict_0007_0134.uasset" 6419
"/Engine/EngineMaterials/Substrate/Glints2/dict_0007_0138" 6420
"/Engine/EngineMaterials/Substrate/Glints2/dict_0007_0134" 6421
"../../../Engine/Content/EngineMaterials/Substrate/Glints2/dict_0007_0136.uasset" 6422
"../../../Engine/Content/EngineMaterials/Substrate/Glints2/dict_0007_0133.uasset" 6423
"../../../Engine/Content/EngineMaterials/Substrate/Glints2/dict_0007_0131.uasset" 6424
"../../../Engine/Content/EngineMaterials/Substrate/Glints2/dict_0007_0132.uasset" 6425
"../../../Engine/Content/EngineMaterials/Substrate/Glints2/dict_0007_0130.uasset" 6426
"../../../Engine/Content/EngineMaterials/Substrate/Glints2/dict_0007_0129.uasset" 6427
"../../../Engine/Content/EngineMaterials/Substrate/Glints2/dict_0007_0127.uasset" 6428
"../../../Engine/Content/EngineMaterials/Substrate/Glints2/dict_0007_0125.uasset" 6429
"../../../Engine/Content/EngineMaterials/Substrate/Glints2/dict_0007_0124.uasset" 6430
"../../../Engine/Content/EngineMaterials/Substrate/Glints2/dict_0007_0121.uasset" 6431
"../../../Engine/Content/EngineMaterials/Substrate/Glints2/dict_0007_0128.uasset" 6432
"../../../Engine/Content/EngineMaterials/Substrate/Glints2/dict_0007_0126.uasset" 6433
"../../../Engine/Content/EngineMaterials/Substrate/Glints2/dict_0007_0122.uasset" 6434
"../../../Engine/Content/EngineMaterials/Substrate/Glints2/dict_0007_0119.uasset" 6435
"../../../Engine/Content/EngineMaterials/Substrate/Glints2/dict_0007_0120.uasset" 6436
"/Engine/EngineMaterials/Substrate/Glints2/dict_0007_0119" 6437
"/Engine/EngineMaterials/Substrate/Glints2/dict_0007_0120" 6438
"/Engine/EngineMaterials/Substrate/Glints2/dict_0007_0121" 6439
"/Engine/EngineMaterials/Substrate/Glints2/dict_0007_0122" 6440
"/Engine/EngineMaterials/Substrate/Glints2/dict_0007_0129" 6441
"/Engine/EngineMaterials/Substrate/Glints2/dict_0007_0130" 6442
"../../../Engine/Content/EngineMaterials/Substrate/Glints2/dict_0007_0114.uasset" 6443
"../../../Engine/Content/EngineMaterials/Substrate/Glints2/dict_0007_0117.uasset" 6444
"../../../Engine/Content/EngineMaterials/Substrate/Glints2/dict_0007_0116.uasset" 6445
"/Engine/EngineMaterials/Substrate/Glints2/dict_0007_0131" 6446
"../../../Engine/Content/EngineMaterials/Substrate/Glints2/dict_0007_0228.uasset" 6447
"/Engine/EngineMaterials/Substrate/Glints2/dict_0007_0132" 6448
"/Engine/EngineMaterials/Substrate/Glints2/dict_0007_0133" 6449
"../../../Engine/Content/EngineMaterials/Substrate/Glints2/dict_0007_0113.uasset" 6450
"../../../Engine/Content/EngineMaterials/Substrate/Glints2/dict_0007_0123.uasset" 6451
"../../../Engine/Content/EngineMaterials/Substrate/Glints2/dict_0007_0118.uasset" 6452
"/Engine/EngineMaterials/Substrate/Glints2/dict_0007_0136" 6453
"/Engine/EngineMaterials/Substrate/Glints2/dict_0007_0124" 6454
"/Engine/EngineMaterials/Substrate/Glints2/dict_0007_0125" 6455
"/Engine/EngineMaterials/Substrate/Glints2/dict_0007_0126" 6456
"/Engine/EngineMaterials/Substrate/Glints2/dict_0007_0127" 6457
"/Engine/EngineMaterials/Substrate/Glints2/dict_0007_0128" 6458
"../../../Engine/Content/EngineMaterials/Substrate/Glints2/dict_0007_0239.uasset" 6459
"../../../Engine/Content/EngineMaterials/Substrate/Glints2/dict_0007_0181.uasset" 6460
"../../../Engine/Content/EngineMaterials/Substrate/Glints2/dict_0007_0112.uasset" 6461
"/Engine/EngineMaterials/Substrate/Glints2/dict_0007_0123" 6462
"../../../Engine/Content/EngineMaterials/Substrate/Glints2/dict_0007_0115.uasset" 6463
"/Engine/EngineMaterials/Substrate/Glints2/dict_0007_0228" 6464
"/Engine/EngineMaterials/Substrate/Glints2/dict_0007_0112" 6465
"/Engine/EngineMaterials/Substrate/Glints2/dict_0007_0113" 6466
"/Engine/EngineMaterials/Substrate/Glints2/dict_0007_0181" 6467
"/Engine/EngineMaterials/Substrate/Glints2/dict_0007_0239" 6468
"../../../Engine/Content/EngineMaterials/Substrate/Glints2/dict_0007_0111.uasset" 6469
"../../../Engine/Content/EngineMaterials/Substrate/Glints2/dict_0007_0110.uasset" 6470
"/Engine/EngineMaterials/Substrate/Glints2/dict_0007_0114" 6471
"/Engine/EngineMaterials/Substrate/Glints2/dict_0007_0116" 6472
"/Engine/EngineMaterials/Substrate/Glints2/dict_0007_0117" 6473
"/Engine/EngineMaterials/Substrate/Glints2/dict_0007_0118" 6474
"/Engine/EngineMaterials/Substrate/Glints2/dict_0007_0110" 6475
"/Engine/EngineMaterials/Substrate/Glints2/dict_0007_0111" 6476
"/Engine/EngineMaterials/Substrate/Glints2/dict_0007_0115" 6477
"../../../Engine/Content/EngineMaterials/Substrate/Glints2/dict_0007_0109.uasset" 6478
"/Engine/EngineMaterials/Substrate/Glints2/dict_0007_0109" 6479
"../../../Engine/Content/EngineMaterials/Substrate/Glints2/dict_0007_0167.uasset" 6480
"../../../Engine/Content/EngineMaterials/Substrate/Glints2/dict_0007_0107.uasset" 6481
"../../../Engine/Content/EngineMaterials/Substrate/Glints2/dict_0007_0106.uasset" 6482
"../../../Engine/Content/EngineMaterials/Substrate/Glints2/dict_0007_0108.uasset" 6483
"/Engine/EngineMaterials/Substrate/Glints2/dict_0007_0106" 6484
"../../../Engine/Content/EngineMaterials/Substrate/Glints2/dict_0007_0105.uasset" 6485
"/Engine/EngineMaterials/Substrate/Glints2/dict_0007_0107" 6486
"../../../Engine/Content/EngineMaterials/Substrate/Glints2/dict_0007_0102.uasset" 6487
"../../../Engine/Content/EngineMaterials/Substrate/Glints2/dict_0007_0100.uasset" 6488
"../../../Engine/Content/EngineMaterials/Substrate/Glints2/dict_0007_0103.uasset" 6489
"../../../Engine/Content/EngineMaterials/Substrate/Glints2/dict_0007_0104.uasset" 6490
"../../../Engine/Content/EngineMaterials/Substrate/Glints2/dict_0007_0101.uasset" 6491
"/Engine/EngineMaterials/Substrate/Glints2/dict_0007_0167" 6492
"/Engine/EngineMaterials/Substrate/Glints2/dict_0007_0108" 6493
"/Engine/EngineMaterials/Substrate/Glints2/dict_0007_0100" 6494
"/Engine/EngineMaterials/Substrate/Glints2/dict_0007_0101" 6495
"/Engine/EngineMaterials/Substrate/Glints2/dict_0007_0102" 6496
"/Engine/EngineMaterials/Substrate/Glints2/dict_0007_0103" 6497
"/Engine/EngineMaterials/Substrate/Glints2/dict_0007_0104" 6498
"/Engine/EngineMaterials/Substrate/Glints2/dict_0007_0105" 6499
"../../../Engine/Content/EngineMaterials/Substrate/Glints2/dict_0007_0094.uasset" 6500
"../../../Engine/Content/EngineMaterials/Substrate/Glints2/dict_0007_0093.uasset" 6501
"../../../Engine/Content/EngineMaterials/Substrate/Glints2/dict_0007_0099.uasset" 6502
"../../../Engine/Content/EngineMaterials/Substrate/Glints2/dict_0007_0095.uasset" 6503
"../../../Engine/Content/EngineMaterials/Substrate/Glints2/dict_0007_0098.uasset" 6504
"../../../Engine/Content/EngineMaterials/Substrate/Glints2/dict_0007_0092.uasset" 6505
"../../../Engine/Content/EngineMaterials/Substrate/Glints2/dict_0007_0096.uasset" 6506
"../../../Engine/Content/EngineMaterials/Substrate/Glints2/dict_0007_0097.uasset" 6507
"/Engine/EngineMaterials/Substrate/Glints2/dict_0007_0094" 6508
"/Engine/EngineMaterials/Substrate/Glints2/dict_0007_0095" 6509
"../../../Engine/Content/EngineMaterials/Substrate/Glints2/dict_0007_0091.uasset" 6510
"../../../Engine/Content/EngineMaterials/Substrate/Glints2/dict_0007_0090.uasset" 6511
"../../../Engine/Content/EngineMaterials/Substrate/Glints2/dict_0007_0087.uasset" 6512
"../../../Engine/Content/EngineMaterials/Substrate/Glints2/dict_0007_0086.uasset" 6513
"../../../Engine/Content/EngineMaterials/Substrate/Glints2/dict_0007_0089.uasset" 6514
"../../../Engine/Content/EngineMaterials/Substrate/Glints2/dict_0007_0088.uasset" 6515
"/Engine/EngineMaterials/Substrate/Glints2/dict_0007_0096" 6516
"/Engine/EngineMaterials/Substrate/Glints2/dict_0007_0097" 6517
"/Engine/EngineMaterials/Substrate/Glints2/dict_0007_0098" 6518
"/Engine/EngineMaterials/Substrate/Glints2/dict_0007_0099" 6519
"/Engine/EngineMaterials/Substrate/Glints2/dict_0007_0092" 6520
"/Engine/EngineMaterials/Substrate/Glints2/dict_0007_0093" 6521
"../../../Engine/Content/EngineMaterials/Substrate/Glints2/dict_0007_0085.uasset" 6522
"../../../Engine/Content/EngineMaterials/Substrate/Glints2/dict_0007_0084.uasset" 6523
"/Engine/EngineMaterials/Substrate/Glints2/dict_0007_0084" 6524
"/Engine/EngineMaterials/Substrate/Glints2/dict_0007_0085" 6525
"/Engine/EngineMaterials/Substrate/Glints2/dict_0007_0086" 6526
"/Engine/EngineMaterials/Substrate/Glints2/dict_0007_0087" 6527
"/Engine/EngineMaterials/Substrate/Glints2/dict_0007_0088" 6528
"/Engine/EngineMaterials/Substrate/Glints2/dict_0007_0089" 6529
"/Engine/EngineMaterials/Substrate/Glints2/dict_0007_0090" 6530
"/Engine/EngineMaterials/Substrate/Glints2/dict_0007_0091" 6531
"../../../Engine/Content/EngineMaterials/Substrate/Glints2/dict_0007_0081.uasset" 6532
"../../../Engine/Content/EngineMaterials/Substrate/Glints2/dict_0007_0083.uasset" 6533
"../../../Engine/Content/EngineMaterials/Substrate/Glints2/dict_0007_0079.uasset" 6534
"../../../Engine/Content/EngineMaterials/Substrate/Glints2/dict_0007_0078.uasset" 6535
"../../../Engine/Content/EngineMaterials/Substrate/Glints2/dict_0007_0080.uasset" 6536
"../../../Engine/Content/EngineMaterials/Substrate/Glints2/dict_0007_0082.uasset" 6537
"../../../Engine/Content/EngineMaterials/Substrate/Glints2/dict_0007_0204.uasset" 6538
"../../../Engine/Content/EngineMaterials/Substrate/Glints2/dict_0007_0077.uasset" 6539
"../../../Engine/Content/EngineMaterials/Substrate/Glints2/dict_0007_0076.uasset" 6540
"/Engine/EngineMaterials/Substrate/Glints2/dict_0007_0080" 6541
"/Engine/EngineMaterials/Substrate/Glints2/dict_0007_0081" 6542
"/Engine/EngineMaterials/Substrate/Glints2/dict_0007_0082" 6543
"/Engine/EngineMaterials/Substrate/Glints2/dict_0007_0083" 6544
"/Engine/EngineMaterials/Substrate/Glints2/dict_0007_0076" 6545
"/Engine/EngineMaterials/Substrate/Glints2/dict_0007_0204" 6546
"/Engine/EngineMaterials/Substrate/Glints2/dict_0007_0077" 6547
"../../../Engine/Content/EngineMaterials/Substrate/Glints2/dict_0007_0072.uasset" 6548
"../../../Engine/Content/EngineMaterials/Substrate/Glints2/dict_0007_0074.uasset" 6549
"../../../Engine/Content/EngineMaterials/Substrate/Glints2/dict_0007_0070.uasset" 6550
"../../../Engine/Content/EngineMaterials/Substrate/Glints2/dict_0007_0069.uasset" 6551
"../../../Engine/Content/EngineMaterials/Substrate/Glints2/dict_0007_0071.uasset" 6552
"../../../Engine/Content/EngineMaterials/Substrate/Glints2/dict_0007_0073.uasset" 6553
"../../../Engine/Content/EngineMaterials/Substrate/Glints2/dict_0007_0075.uasset" 6554
"/Engine/EngineMaterials/Substrate/Glints2/dict_0007_0078" 6555
"/Engine/EngineMaterials/Substrate/Glints2/dict_0007_0079" 6556
"/Engine/EngineMaterials/Substrate/Glints2/dict_0007_0070" 6557
"/Engine/EngineMaterials/Substrate/Glints2/dict_0007_0071" 6558
"/Engine/EngineMaterials/Substrate/Glints2/dict_0007_0072" 6559
"/Engine/EngineMaterials/Substrate/Glints2/dict_0007_0073" 6560
"/Engine/EngineMaterials/Substrate/Glints2/dict_0007_0069" 6561
"/Engine/EngineMaterials/Substrate/Glints2/dict_0007_0074" 6562
"/Engine/EngineMaterials/Substrate/Glints2/dict_0007_0075" 6563
"../../../Engine/Content/EngineMaterials/Substrate/Glints2/dict_0007_0067.uasset" 6564
"../../../Engine/Content/EngineMaterials/Substrate/Glints2/dict_0007_0066.uasset" 6565
"../../../Engine/Content/EngineMaterials/Substrate/Glints2/dict_0007_0234.uasset" 6566
"../../../Engine/Content/EngineMaterials/Substrate/Glints2/dict_0007_0064.uasset" 6567
"../../../Engine/Content/EngineMaterials/Substrate/Glints2/dict_0007_0065.uasset" 6568
"../../../Engine/Content/EngineMaterials/Substrate/Glints2/dict_0007_0059.uasset" 6569
"../../../Engine/Content/EngineMaterials/Substrate/Glints2/dict_0007_0062.uasset" 6570
"../../../Engine/Content/EngineMaterials/Substrate/Glints2/dict_0007_0060.uasset" 6571
"../../../Engine/Content/EngineMaterials/Substrate/Glints2/dict_0007_0063.uasset" 6572
"../../../Engine/Content/EngineMaterials/Substrate/Glints2/dict_0007_0061.uasset" 6573
"/Engine/EngineMaterials/Substrate/Glints2/dict_0007_0062" 6574
"../../../Engine/Content/EngineMaterials/Substrate/Glints2/dict_0007_0057.uasset" 6575
"../../../Engine/Content/EngineMaterials/Substrate/Glints2/dict_0007_0058.uasset" 6576
"/Engine/EngineMaterials/Substrate/Glints2/dict_0007_0063" 6577
"/Engine/EngineMaterials/Substrate/Glints2/dict_0007_0064" 6578
"/Engine/EngineMaterials/Substrate/Glints2/dict_0007_0065" 6579
"/Engine/EngineMaterials/Substrate/Glints2/dict_0007_0066" 6580
"/Engine/EngineMaterials/Substrate/Glints2/dict_0007_0067" 6581
"../../../Engine/Content/EngineMaterials/Substrate/Glints2/dict_0007_0054.uasset" 6582
"../../../Engine/Content/EngineMaterials/Substrate/Glints2/dict_0007_0052.uasset" 6583
"/Engine/EngineMaterials/Substrate/Glints2/dict_0007_0059" 6584
"../../../Engine/Content/EngineMaterials/Substrate/Glints2/dict_0007_0049.uasset" 6585
"/Engine/EngineMaterials/Substrate/Glints2/dict_0007_0060" 6586
"/Engine/EngineMaterials/Substrate/Glints2/dict_0007_0234" 6587
"/Engine/EngineMaterials/Substrate/Glints2/dict_0007_0061" 6588
"/Engine/EngineMaterials/Substrate/Glints2/dict_0007_0054" 6589
"/Engine/EngineMaterials/Substrate/Glints2/dict_0007_0057" 6590
"/Engine/EngineMaterials/Substrate/Glints2/dict_0007_0058" 6591
"/Engine/EngineMaterials/Substrate/Glints2/dict_0007_0049" 6592
"/Engine/EngineMaterials/Substrate/Glints2/dict_0007_0052" 6593
"../../../Engine/Content/EngineMaterials/Substrate/Glints2/dict_0007_0055.uasset" 6594
"../../../Engine/Content/EngineMaterials/Substrate/Glints2/dict_0007_0051.uasset" 6595
"../../../Engine/Content/EngineMaterials/Substrate/Glints2/dict_0007_0053.uasset" 6596
"../../../Engine/Content/EngineMaterials/Substrate/Glints2/dict_0007_0050.uasset" 6597
"../../../Engine/Content/EngineMaterials/Substrate/Glints2/dict_0007_0048.uasset" 6598
"../../../Engine/Content/EngineMaterials/Substrate/Glints2/dict_0007_0068.uasset" 6599
"../../../Engine/Content/EngineMaterials/Substrate/Glints2/dict_0007_0046.uasset" 6600
"../../../Engine/Content/EngineMaterials/Substrate/Glints2/dict_0007_0045.uasset" 6601
"../../../Engine/Content/EngineMaterials/Substrate/Glints2/dict_0007_0043.uasset" 6602
"../../../Engine/Content/EngineMaterials/Substrate/Glints2/dict_0007_0044.uasset" 6603
"../../../Engine/Content/EngineMaterials/Substrate/Glints2/dict_0007_0047.uasset" 6604
"/Engine/EngineMaterials/Substrate/Glints2/dict_0007_0055" 6605
"../../../Engine/Content/EngineMaterials/Substrate/Glints2/dict_0007_0037.uasset" 6606
"../../../Engine/Content/EngineMaterials/Substrate/Glints2/dict_0007_0040.uasset" 6607
"/Engine/EngineMaterials/Substrate/Glints2/dict_0007_0045" 6608
"../../../Engine/Content/EngineMaterials/Substrate/Glints2/dict_0007_0038.uasset" 6609
"../../../Engine/Content/EngineMaterials/Substrate/Glints2/dict_0007_0039.uasset" 6610
"../../../Engine/Content/EngineMaterials/Substrate/Glints2/dict_0007_0041.uasset" 6611
"../../../Engine/Content/EngineMaterials/Substrate/Glints2/dict_0007_0036.uasset" 6612
"/Engine/EngineMaterials/Substrate/Glints2/dict_0007_0046" 6613
"/Engine/EngineMaterials/Substrate/Glints2/dict_0007_0048" 6614
"/Engine/EngineMaterials/Substrate/Glints2/dict_0007_0068" 6615
"/Engine/EngineMaterials/Substrate/Glints2/dict_0007_0043" 6616
"/Engine/EngineMaterials/Substrate/Glints2/dict_0007_0044" 6617
"/Engine/EngineMaterials/Substrate/Glints2/dict_0007_0050" 6618
"/Engine/EngineMaterials/Substrate/Glints2/dict_0007_0051" 6619
"/Engine/EngineMaterials/Substrate/Glints2/dict_0007_0053" 6620
"/Engine/EngineMaterials/Substrate/Glints2/dict_0007_0038" 6621
"/Engine/EngineMaterials/Substrate/Glints2/dict_0007_0039" 6622
"/Engine/EngineMaterials/Substrate/Glints2/dict_0007_0040" 6623
"/Engine/EngineMaterials/Substrate/Glints2/dict_0007_0041" 6624
"/Engine/EngineMaterials/Substrate/Glints2/dict_0007_0047" 6625
"../../../Engine/Content/EngineMaterials/Substrate/Glints2/dict_0007_0032.uasset" 6626
"../../../Engine/Content/EngineMaterials/Substrate/Glints2/dict_0007_0033.uasset" 6627
"../../../Engine/Content/EngineMaterials/Substrate/Glints2/dict_0007_0031.uasset" 6628
"../../../Engine/Content/EngineMaterials/Substrate/Glints2/dict_0007_0034.uasset" 6629
"/Engine/EngineMaterials/Substrate/Glints2/dict_0007_0036" 6630
"/Engine/EngineMaterials/Substrate/Glints2/dict_0007_0037" 6631
"/Engine/EngineMaterials/Substrate/Glints2/dict_0007_0031" 6632
"/Engine/EngineMaterials/Substrate/Glints2/dict_0007_0032" 6633
"/Engine/EngineMaterials/Substrate/Glints2/dict_0007_0033" 6634
"/Engine/EngineMaterials/Substrate/Glints2/dict_0007_0034" 6635
"../../../Engine/Content/EngineMaterials/Substrate/Glints2/dict_0007_0029.uasset" 6636
"../../../Engine/Content/EngineMaterials/Substrate/Glints2/dict_0007_0030.uasset" 6637
"../../../Engine/Content/EngineMaterials/Substrate/Glints2/dict_0007_0028.uasset" 6638
"../../../Engine/Content/EngineMaterials/Substrate/Glints2/dict_0007_0025.uasset" 6639
"../../../Engine/Content/EngineMaterials/Substrate/Glints2/dict_0007_0026.uasset" 6640
"../../../Engine/Content/EngineMaterials/Substrate/Glints2/dict_0007_0024.uasset" 6641
"../../../Engine/Content/EngineMaterials/Substrate/Glints2/dict_0007_0027.uasset" 6642
"../../../Engine/Content/EngineMaterials/Substrate/Glints2/dict_0007_0022.uasset" 6643
"../../../Engine/Content/EngineMaterials/Substrate/Glints2/dict_0007_0021.uasset" 6644
"../../../Engine/Content/EngineMaterials/Substrate/Glints2/dict_0007_0019.uasset" 6645
"../../../Engine/Content/EngineMaterials/Substrate/Glints2/dict_0007_0020.uasset" 6646
"../../../Engine/Content/EngineMaterials/Substrate/Glints2/dict_0007_0023.uasset" 6647
"/Engine/EngineMaterials/Substrate/Glints2/dict_0007_0028" 6648
"/Engine/EngineMaterials/Substrate/Glints2/dict_0007_0029" 6649
"/Engine/EngineMaterials/Substrate/Glints2/dict_0007_0030" 6650
"/Engine/EngineMaterials/Substrate/Glints2/dict_0007_0024" 6651
"../../../Engine/Content/EngineMaterials/Substrate/Glints2/dict_0007_0018.uasset" 6652
"/Engine/EngineMaterials/Substrate/Glints2/dict_0007_0025" 6653
"/Engine/EngineMaterials/Substrate/Glints2/dict_0007_0019" 6654
"/Engine/EngineMaterials/Substrate/Glints2/dict_0007_0026" 6655
"/Engine/EngineMaterials/Substrate/Glints2/dict_0007_0020" 6656
"/Engine/EngineMaterials/Substrate/Glints2/dict_0007_0021" 6657
"/Engine/EngineMaterials/Substrate/Glints2/dict_0007_0027" 6658
"/Engine/EngineMaterials/Substrate/Glints2/dict_0007_0022" 6659
"../../../Engine/Content/EngineMaterials/Substrate/Glints2/dict_0007_0015.uasset" 6660
"../../../Engine/Content/EngineMaterials/Substrate/Glints2/dict_0007_0016.uasset" 6661
"/Engine/EngineMaterials/Substrate/Glints2/dict_0007_0023" 6662
"/Engine/EngineMaterials/Substrate/Glints2/dict_0007_0018" 6663
"/Engine/EngineMaterials/Substrate/Glints2/dict_0007_0015" 6664
"/Engine/EngineMaterials/Substrate/Glints2/dict_0007_0016" 6665
"../../../Engine/Content/EngineMaterials/Substrate/Glints2/dict_0007_0014.uasset" 6666
"../../../Engine/Content/EngineMaterials/Substrate/Glints2/dict_0007_0017.uasset" 6667
"../../../Engine/Content/EngineMaterials/Substrate/Glints2/dict_0007_0008.uasset" 6668
"../../../Engine/Content/EngineMaterials/Substrate/Glints2/dict_0007_0012.uasset" 6669
"../../../Engine/Content/EngineMaterials/Substrate/Glints2/dict_0007_0013.uasset" 6670
"../../../Engine/Content/EngineMaterials/Substrate/Glints2/dict_0007_0006.uasset" 6671
"../../../Engine/Content/EngineMaterials/Substrate/Glints2/dict_0007_0011.uasset" 6672
"../../../Engine/Content/EngineMaterials/Substrate/Glints2/dict_0007_0010.uasset" 6673
"../../../Engine/Content/EngineMaterials/Substrate/Glints2/dict_0007_0003.uasset" 6674
"../../../Engine/Content/EngineMaterials/Substrate/Glints2/dict_0007_0009.uasset" 6675
"../../../Engine/Content/EngineMaterials/Substrate/Glints2/dict_0007_0007.uasset" 6676
"../../../Engine/Content/EngineMaterials/Substrate/Glints2/dict_0007_0005.uasset" 6677
"../../../Engine/Content/EngineMaterials/Substrate/Glints2/dict_0007_0002.uasset" 6678
"/Engine/EngineMaterials/Substrate/Glints2/dict_0007_0002" 6679
"../../../Engine/Content/EngineMaterials/Substrate/Glints2/dict_0007_0004.uasset" 6680
"../../../Engine/Content/EngineMaterials/Substrate/Glints2/dict_0007_0001.uasset" 6681
"/Engine/EngineMaterials/Substrate/Glints2/dict_0007_0003" 6682
"/Engine/EngineMaterials/Substrate/Glints2/dict_0007_0006" 6683
"/Engine/EngineMaterials/Substrate/Glints2/dict_0007_0007" 6684
"/Engine/EngineMaterials/Substrate/Glints2/dict_0007_0013" 6685
"../../../Engine/Content/EngineMaterials/Substrate/Glints2/dict_0006_0255.uasset" 6686
"../../../Engine/Content/EngineMaterials/Substrate/Glints2/dict_0006_0253.uasset" 6687
"../../../Engine/Content/EngineMaterials/Substrate/Glints2/dict_0007_0000.uasset" 6688
"../../../Engine/Content/EngineMaterials/Substrate/Glints2/dict_0006_0254.uasset" 6689
"/Engine/EngineMaterials/Substrate/Glints2/dict_0007_0008" 6690
"/Engine/EngineMaterials/Substrate/Glints2/dict_0007_0014" 6691
"/Engine/EngineMaterials/Substrate/Glints2/dict_0007_0009" 6692
"/Engine/EngineMaterials/Substrate/Glints2/dict_0007_0010" 6693
"/Engine/EngineMaterials/Substrate/Glints2/dict_0007_0005" 6694
"/Engine/EngineMaterials/Substrate/Glints2/dict_0007_0011" 6695
"/Engine/EngineMaterials/Substrate/Glints2/dict_0007_0012" 6696
"/Engine/EngineMaterials/Substrate/Glints2/dict_0007_0017" 6697
"/Engine/EngineMaterials/Substrate/Glints2/dict_0007_0004" 6698
"../../../Engine/Content/EngineMaterials/Substrate/Glints2/dict_0006_0252.uasset" 6699
"/Engine/EngineMaterials/Substrate/Glints2/dict_0006_0253" 6700
"/Engine/EngineMaterials/Substrate/Glints2/dict_0006_0254" 6701
"../../../Engine/Content/EngineMaterials/Substrate/Glints2/dict_0006_0246.uasset" 6702
"../../../Engine/Content/EngineMaterials/Substrate/Glints2/dict_0006_0251.uasset" 6703
"/Engine/EngineMaterials/Substrate/Glints2/dict_0006_0255" 6704
"../../../Engine/Content/EngineMaterials/Substrate/Glints2/dict_0006_0248.uasset" 6705
"../../../Engine/Content/EngineMaterials/Substrate/Glints2/dict_0006_0245.uasset" 6706
"../../../Engine/Content/EngineMaterials/Substrate/Glints2/dict_0006_0250.uasset" 6707
"/Engine/EngineMaterials/Substrate/Glints2/dict_0007_0000" 6708
"/Engine/EngineMaterials/Substrate/Glints2/dict_0007_0001" 6709
"/Engine/EngineMaterials/Substrate/Glints2/dict_0006_0248" 6710
"../../../Engine/Content/EngineMaterials/Substrate/Glints2/dict_0006_0249.uasset" 6711
"/Engine/EngineMaterials/Substrate/Glints2/dict_0006_0245" 6712
"/Engine/EngineMaterials/Substrate/Glints2/dict_0006_0250" 6713
"/Engine/EngineMaterials/Substrate/Glints2/dict_0006_0251" 6714
"../../../Engine/Content/EngineMaterials/Substrate/Glints2/dict_0006_0247.uasset" 6715
"/Engine/EngineMaterials/Substrate/Glints2/dict_0006_0246" 6716
"/Engine/EngineMaterials/Substrate/Glints2/dict_0006_0252" 6717
"/Engine/EngineMaterials/Substrate/Glints2/dict_0006_0247" 6718
"/Engine/EngineMaterials/Substrate/Glints2/dict_0006_0249" 6719
"../../../Engine/Content/EngineMaterials/Substrate/Glints2/dict_0006_0244.uasset" 6720
"../../../Engine/Content/EngineMaterials/Substrate/Glints2/dict_0006_0243.uasset" 6721
"../../../Engine/Content/EngineMaterials/Substrate/Glints2/dict_0006_0235.uasset" 6722
"../../../Engine/Content/EngineMaterials/Substrate/Glints2/dict_0006_0238.uasset" 6723
"../../../Engine/Content/EngineMaterials/Substrate/Glints2/dict_0006_0240.uasset" 6724
"../../../Engine/Content/EngineMaterials/Substrate/Glints2/dict_0006_0237.uasset" 6725
"../../../Engine/Content/EngineMaterials/Substrate/Glints2/dict_0006_0239.uasset" 6726
"../../../Engine/Content/EngineMaterials/Substrate/Glints2/dict_0006_0242.uasset" 6727
"/Engine/EngineMaterials/Substrate/Glints2/dict_0006_0235" 6728
"/Engine/EngineMaterials/Substrate/Glints2/dict_0006_0237" 6729
"../../../Engine/Content/EngineMaterials/Substrate/Glints2/dict_0006_0232.uasset" 6730
"../../../Engine/Content/EngineMaterials/Substrate/Glints2/dict_0006_0234.uasset" 6731
"../../../Engine/Content/EngineMaterials/Substrate/Glints2/dict_0006_0233.uasset" 6732
"/Engine/EngineMaterials/Substrate/Glints2/dict_0006_0243" 6733
"/Engine/EngineMaterials/Substrate/Glints2/dict_0006_0238" 6734
"/Engine/EngineMaterials/Substrate/Glints2/dict_0006_0239" 6735
"/Engine/EngineMaterials/Substrate/Glints2/dict_0006_0244" 6736
"../../../Engine/Content/EngineMaterials/Substrate/Glints2/dict_0006_0226.uasset" 6737
"../../../Engine/Content/EngineMaterials/Substrate/Glints2/dict_0006_0231.uasset" 6738
"/Engine/EngineMaterials/Substrate/Glints2/dict_0006_0240" 6739
"/Engine/EngineMaterials/Substrate/Glints2/dict_0006_0242" 6740
"/Engine/EngineMaterials/Substrate/Glints2/dict_0006_0231" 6741
"/Engine/EngineMaterials/Substrate/Glints2/dict_0006_0232" 6742
"../../../Engine/Content/EngineMaterials/Substrate/Glints2/dict_0006_0229.uasset" 6743
"/Engine/EngineMaterials/Substrate/Glints2/dict_0006_0233" 6744
"../../../Engine/Content/EngineMaterials/Substrate/Glints2/dict_0006_0225.uasset" 6745
"../../../Engine/Content/EngineMaterials/Substrate/Glints2/dict_0006_0241.uasset" 6746
"/Engine/EngineMaterials/Substrate/Glints2/dict_0006_0234" 6747
"../../../Engine/Content/EngineMaterials/Substrate/Glints2/dict_0006_0236.uasset" 6748
"/Engine/EngineMaterials/Substrate/Glints2/dict_0006_0226" 6749
"/Engine/EngineMaterials/Substrate/Glints2/dict_0006_0236" 6750
"/Engine/EngineMaterials/Substrate/Glints2/dict_0006_0241" 6751
"/Engine/EngineMaterials/Substrate/Glints2/dict_0006_0225" 6752
"/Engine/EngineMaterials/Substrate/Glints2/dict_0006_0229" 6753
"../../../Engine/Content/EngineMaterials/Substrate/Glints2/dict_0006_0230.uasset" 6754
"../../../Engine/Content/EngineMaterials/Substrate/Glints2/dict_0006_0227.uasset" 6755
"../../../Engine/Content/EngineMaterials/Substrate/Glints2/dict_0006_0224.uasset" 6756
"../../../Engine/Content/EngineMaterials/Substrate/Glints2/dict_0006_0228.uasset" 6757
"../../../Engine/Content/EngineMaterials/Substrate/Glints2/dict_0006_0217.uasset" 6758
"../../../Engine/Content/EngineMaterials/Substrate/Glints2/dict_0006_0221.uasset" 6759
"../../../Engine/Content/EngineMaterials/Substrate/Glints2/dict_0006_0216.uasset" 6760
"/Engine/EngineMaterials/Substrate/Glints2/dict_0006_0216" 6761
"../../../Engine/Content/EngineMaterials/Substrate/Glints2/dict_0006_0212.uasset" 6762
"/Engine/EngineMaterials/Substrate/Glints2/dict_0006_0217" 6763
"/Engine/EngineMaterials/Substrate/Glints2/dict_0006_0230" 6764
"../../../Engine/Content/EngineMaterials/Substrate/Glints2/dict_0006_0211.uasset" 6765
"/Engine/EngineMaterials/Substrate/Glints2/dict_0006_0224" 6766
"/Engine/EngineMaterials/Substrate/Glints2/dict_0006_0221" 6767
"/Engine/EngineMaterials/Substrate/Glints2/dict_0006_0227" 6768
"../../../Engine/Content/EngineMaterials/Substrate/Glints2/dict_0006_0215.uasset" 6769
"/Engine/EngineMaterials/Substrate/Glints2/dict_0006_0228" 6770
"../../../Engine/Content/EngineMaterials/Substrate/Glints2/dict_0006_0220.uasset" 6771
"../../../Engine/Content/EngineMaterials/Substrate/Glints2/dict_0006_0223.uasset" 6772
"../../../Engine/Content/EngineMaterials/Substrate/Glints2/dict_0006_0218.uasset" 6773
"../../../Engine/Content/EngineMaterials/Substrate/Glints2/dict_0006_0214.uasset" 6774
"/Engine/EngineMaterials/Substrate/Glints2/dict_0006_0220" 6775
"/Engine/EngineMaterials/Substrate/Glints2/dict_0006_0211" 6776
"/Engine/EngineMaterials/Substrate/Glints2/dict_0006_0212" 6777
"/Engine/EngineMaterials/Substrate/Glints2/dict_0006_0215" 6778
"/Engine/EngineMaterials/Substrate/Glints2/dict_0006_0223" 6779
"/Engine/EngineMaterials/Substrate/Glints2/dict_0006_0218" 6780
"/Engine/EngineMaterials/Substrate/Glints2/dict_0006_0214" 6781
"../../../Engine/Content/EngineMaterials/Substrate/Glints2/dict_0006_0222.uasset" 6782
"../../../Engine/Content/EngineMaterials/Substrate/Glints2/dict_0006_0209.uasset" 6783
"../../../Engine/Content/EngineMaterials/Substrate/Glints2/dict_0006_0219.uasset" 6784
"../../../Engine/Content/EngineMaterials/Substrate/Glints2/dict_0006_0207.uasset" 6785
"../../../Engine/Content/EngineMaterials/Substrate/Glints2/dict_0006_0204.uasset" 6786
"../../../Engine/Content/EngineMaterials/Substrate/Glints2/dict_0006_0208.uasset" 6787
"../../../Engine/Content/EngineMaterials/Substrate/Glints2/dict_0006_0205.uasset" 6788
"/Engine/EngineMaterials/Substrate/Glints2/dict_0006_0219" 6789
"../../../Engine/Content/EngineMaterials/Substrate/Glints2/dict_0006_0203.uasset" 6790
"/Engine/EngineMaterials/Substrate/Glints2/dict_0006_0204" 6791
"../../../Engine/Content/EngineMaterials/Substrate/Glints2/dict_0006_0195.uasset" 6792
"../../../Engine/Content/EngineMaterials/Substrate/Glints2/dict_0006_0199.uasset" 6793
"../../../Engine/Content/EngineMaterials/Substrate/Glints2/dict_0006_0200.uasset" 6794
"/Engine/EngineMaterials/Substrate/Glints2/dict_0006_0205" 6795
"../../../Engine/Content/EngineMaterials/Substrate/Glints2/dict_0006_0201.uasset" 6796
"/Engine/EngineMaterials/Substrate/Glints2/dict_0006_0208" 6797
"/Engine/EngineMaterials/Substrate/Glints2/dict_0006_0209" 6798
"/Engine/EngineMaterials/Substrate/Glints2/dict_0006_0222" 6799
"/Engine/EngineMaterials/Substrate/Glints2/dict_0006_0207" 6800
"/Engine/EngineMaterials/Substrate/Glints2/dict_0006_0203" 6801
"/Engine/EngineMaterials/Substrate/Glints2/dict_0006_0195" 6802
"/Engine/EngineMaterials/Substrate/Glints2/dict_0006_0199" 6803
"/Engine/EngineMaterials/Substrate/Glints2/dict_0006_0200" 6804
"/Engine/EngineMaterials/Substrate/Glints2/dict_0006_0201" 6805
"../../../Engine/Content/EngineMaterials/Substrate/Glints2/dict_0006_0206.uasset" 6806
"../../../Engine/Content/EngineMaterials/Substrate/Glints2/dict_0006_0210.uasset" 6807
"../../../Engine/Content/EngineMaterials/Substrate/Glints2/dict_0006_0202.uasset" 6808
"/Engine/EngineMaterials/Substrate/Glints2/dict_0006_0206" 6809
"../../../Engine/Content/EngineMaterials/Substrate/Glints2/dict_0006_0192.uasset" 6810
"/Engine/EngineMaterials/Substrate/Glints2/dict_0006_0210" 6811
"/Engine/EngineMaterials/Substrate/Glints2/dict_0006_0202" 6812
"/Engine/EngineMaterials/Substrate/Glints2/dict_0006_0192" 6813
"../../../Engine/Content/EngineMaterials/Substrate/Glints2/dict_0006_0193.uasset" 6814
"../../../Engine/Content/EngineMaterials/Substrate/Glints2/dict_0006_0196.uasset" 6815
"../../../Engine/Content/EngineMaterials/Substrate/Glints2/dict_0006_0197.uasset" 6816
"../../../Engine/Content/EngineMaterials/Substrate/Glints2/dict_0006_0194.uasset" 6817
"../../../Engine/Content/EngineMaterials/Substrate/Glints2/dict_0006_0198.uasset" 6818
"../../../Engine/Content/EngineMaterials/Substrate/Glints2/dict_0006_0191.uasset" 6819
"../../../Engine/Content/EngineMaterials/Substrate/Glints2/dict_0006_0190.uasset" 6820
"../../../Engine/Content/EngineMaterials/Substrate/Glints2/dict_0006_0213.uasset" 6821
"../../../Engine/Content/EngineMaterials/Substrate/Glints2/dict_0006_0188.uasset" 6822
"../../../Engine/Content/EngineMaterials/Substrate/Glints2/dict_0006_0184.uasset" 6823
"../../../Engine/Content/EngineMaterials/Substrate/Glints2/dict_0006_0189.uasset" 6824
"../../../Engine/Content/EngineMaterials/Substrate/Glints2/dict_0006_0186.uasset" 6825
"../../../Engine/Content/EngineMaterials/Substrate/Glints2/dict_0006_0183.uasset" 6826
"../../../Engine/Content/EngineMaterials/Substrate/Glints2/dict_0006_0185.uasset" 6827
"../../../Engine/Content/EngineMaterials/Substrate/Glints2/dict_0006_0187.uasset" 6828
"../../../Engine/Content/EngineMaterials/Substrate/Glints2/dict_0006_0179.uasset" 6829
"../../../Engine/Content/EngineMaterials/Substrate/Glints2/dict_0006_0182.uasset" 6830
"../../../Engine/Content/EngineMaterials/Substrate/Glints2/dict_0006_0181.uasset" 6831
"../../../Engine/Content/EngineMaterials/Substrate/Glints2/dict_0006_0176.uasset" 6832
"../../../Engine/Content/EngineMaterials/Substrate/Glints2/dict_0006_0180.uasset" 6833
"../../../Engine/Content/EngineMaterials/Substrate/Glints2/dict_0006_0178.uasset" 6834
"../../../Engine/Content/EngineMaterials/Substrate/Glints2/dict_0006_0172.uasset" 6835
"../../../Engine/Content/EngineMaterials/Substrate/Glints2/dict_0006_0174.uasset" 6836
"../../../Engine/Content/EngineMaterials/Substrate/Glints2/dict_0006_0173.uasset" 6837
"../../../Engine/Content/EngineMaterials/Substrate/Glints2/dict_0006_0177.uasset" 6838
"../../../Engine/Content/EngineMaterials/Substrate/Glints2/dict_0006_0171.uasset" 6839
"../../../Engine/Content/EngineMaterials/Substrate/Glints2/dict_0006_0169.uasset" 6840
"../../../Engine/Content/EngineMaterials/Substrate/Glints2/dict_0006_0170.uasset" 6841
"/Engine/EngineMaterials/Substrate/Glints2/dict_0006_0169" 6842
"/Engine/EngineMaterials/Substrate/Glints2/dict_0006_0185" 6843
"/Engine/EngineMaterials/Substrate/Glints2/dict_0006_0193" 6844
"/Engine/EngineMaterials/Substrate/Glints2/dict_0006_0194" 6845
"/Engine/EngineMaterials/Substrate/Glints2/dict_0006_0178" 6846
"/Engine/EngineMaterials/Substrate/Glints2/dict_0006_0173" 6847
"/Engine/EngineMaterials/Substrate/Glints2/dict_0006_0174" 6848
"/Engine/EngineMaterials/Substrate/Glints2/dict_0006_0179" 6849
"/Engine/EngineMaterials/Substrate/Glints2/dict_0006_0180" 6850
"/Engine/EngineMaterials/Substrate/Glints2/dict_0006_0170" 6851
"/Engine/EngineMaterials/Substrate/Glints2/dict_0006_0181" 6852
"/Engine/EngineMaterials/Substrate/Glints2/dict_0006_0187" 6853
"/Engine/EngineMaterials/Substrate/Glints2/dict_0006_0182" 6854
"/Engine/EngineMaterials/Substrate/Glints2/dict_0006_0171" 6855
"/Engine/EngineMaterials/Substrate/Glints2/dict_0006_0188" 6856
"/Engine/EngineMaterials/Substrate/Glints2/dict_0006_0196" 6857
"/Engine/EngineMaterials/Substrate/Glints2/dict_0006_0189" 6858
"/Engine/EngineMaterials/Substrate/Glints2/dict_0006_0213" 6859
"/Engine/EngineMaterials/Substrate/Glints2/dict_0006_0186" 6860
"/Engine/EngineMaterials/Substrate/Glints2/dict_0006_0176" 6861
"/Engine/EngineMaterials/Substrate/Glints2/dict_0006_0190" 6862
"/Engine/EngineMaterials/Substrate/Glints2/dict_0006_0183" 6863
"/Engine/EngineMaterials/Substrate/Glints2/dict_0006_0191" 6864
"/Engine/EngineMaterials/Substrate/Glints2/dict_0006_0177" 6865
"/Engine/EngineMaterials/Substrate/Glints2/dict_0006_0184" 6866
"/Engine/EngineMaterials/Substrate/Glints2/dict_0006_0197" 6867
"/Engine/EngineMaterials/Substrate/Glints2/dict_0006_0198" 6868
"/Engine/EngineMaterials/Substrate/Glints2/dict_0006_0172" 6869
"../../../Engine/Content/EngineMaterials/Substrate/Glints2/dict_0006_0167.uasset" 6870
"../../../Engine/Content/EngineMaterials/Substrate/Glints2/dict_0006_0168.uasset" 6871
"/Engine/EngineMaterials/Substrate/Glints2/dict_0006_0167" 6872
"/Engine/EngineMaterials/Substrate/Glints2/dict_0006_0168" 6873
"../../../Engine/Content/EngineMaterials/Substrate/Glints2/dict_0006_0165.uasset" 6874
"../../../Engine/Content/EngineMaterials/Substrate/Glints2/dict_0006_0166.uasset" 6875
"/Engine/EngineMaterials/Substrate/Glints2/dict_0006_0165" 6876
"/Engine/EngineMaterials/Substrate/Glints2/dict_0006_0166" 6877
"../../../Engine/Content/EngineMaterials/Substrate/Glints2/dict_0006_0164.uasset" 6878
"../../../Engine/Content/EngineMaterials/Substrate/Glints2/dict_0006_0163.uasset" 6879
"/Engine/EngineMaterials/Substrate/Glints2/dict_0006_0163" 6880
"/Engine/EngineMaterials/Substrate/Glints2/dict_0006_0164" 6881
"../../../Engine/Content/EngineMaterials/Substrate/Glints2/dict_0006_0161.uasset" 6882
"../../../Engine/Content/EngineMaterials/Substrate/Glints2/dict_0006_0162.uasset" 6883
"../../../Engine/Content/EngineMaterials/Substrate/Glints2/dict_0006_0160.uasset" 6884
"../../../Engine/Content/EngineMaterials/Substrate/Glints2/dict_0006_0159.uasset" 6885
"/Engine/EngineMaterials/Substrate/Glints2/dict_0006_0159" 6886
"/Engine/EngineMaterials/Substrate/Glints2/dict_0006_0160" 6887
"/Engine/EngineMaterials/Substrate/Glints2/dict_0006_0161" 6888
"/Engine/EngineMaterials/Substrate/Glints2/dict_0006_0162" 6889
"../../../Engine/Content/EngineMaterials/Substrate/Glints2/dict_0007_0042.uasset" 6890
"../../../Engine/Content/EngineMaterials/Substrate/Glints2/dict_0007_0056.uasset" 6891
"../../../Engine/Content/EngineMaterials/Substrate/Glints2/dict_0007_0035.uasset" 6892
"../../../Engine/Content/EngineMaterials/Substrate/Glints2/dict_0006_0157.uasset" 6893
"../../../Engine/Content/EngineMaterials/Substrate/Glints2/dict_0006_0158.uasset" 6894
"../../../Engine/Content/EngineMaterials/Substrate/Glints2/dict_0006_0156.uasset" 6895
"/Engine/EngineMaterials/Substrate/Glints2/dict_0007_0056" 6896
"/Engine/EngineMaterials/Substrate/Glints2/dict_0006_0156" 6897
"../../../Engine/Content/EngineMaterials/Substrate/Glints2/dict_0006_0152.uasset" 6898
"../../../Engine/Content/EngineMaterials/Substrate/Glints2/dict_0006_0151.uasset" 6899
"../../../Engine/Content/EngineMaterials/Substrate/Glints2/dict_0006_0149.uasset" 6900
"/Engine/EngineMaterials/Substrate/Glints2/dict_0006_0157" 6901
"../../../Engine/Content/EngineMaterials/Substrate/Glints2/dict_0006_0150.uasset" 6902
"/Engine/EngineMaterials/Substrate/Glints2/dict_0007_0035" 6903
"/Engine/EngineMaterials/Substrate/Glints2/dict_0006_0158" 6904
"/Engine/EngineMaterials/Substrate/Glints2/dict_0007_0042" 6905
"/Engine/EngineMaterials/Substrate/Glints2/dict_0006_0149" 6906
"/Engine/EngineMaterials/Substrate/Glints2/dict_0006_0150" 6907
"/Engine/EngineMaterials/Substrate/Glints2/dict_0006_0151" 6908
"/Engine/EngineMaterials/Substrate/Glints2/dict_0006_0152" 6909
"../../../Engine/Content/EngineMaterials/Substrate/Glints2/dict_0006_0144.uasset" 6910
"../../../Engine/Content/EngineMaterials/Substrate/Glints2/dict_0006_0147.uasset" 6911
"../../../Engine/Content/EngineMaterials/Substrate/Glints2/dict_0006_0145.uasset" 6912
"../../../Engine/Content/EngineMaterials/Substrate/Glints2/dict_0006_0146.uasset" 6913
"../../../Engine/Content/EngineMaterials/Substrate/Glints2/dict_0006_0148.uasset" 6914
"/Engine/EngineMaterials/Substrate/Glints2/dict_0006_0144" 6915
"/Engine/EngineMaterials/Substrate/Glints2/dict_0006_0145" 6916
"/Engine/EngineMaterials/Substrate/Glints2/dict_0006_0146" 6917
"/Engine/EngineMaterials/Substrate/Glints2/dict_0006_0147" 6918
"/Engine/EngineMaterials/Substrate/Glints2/dict_0006_0148" 6919
"../../../Engine/Content/EngineMaterials/Substrate/Glints2/dict_0006_0139.uasset" 6920
"../../../Engine/Content/EngineMaterials/Substrate/Glints2/dict_0006_0141.uasset" 6921
"../../../Engine/Content/EngineMaterials/Substrate/Glints2/dict_0006_0143.uasset" 6922
"../../../Engine/Content/EngineMaterials/Substrate/Glints2/dict_0006_0142.uasset" 6923
"../../../Engine/Content/EngineMaterials/Substrate/Glints2/dict_0006_0140.uasset" 6924
"../../../Engine/Content/EngineMaterials/Substrate/Glints2/dict_0006_0135.uasset" 6925
"../../../Engine/Content/EngineMaterials/Substrate/Glints2/dict_0006_0138.uasset" 6926
"../../../Engine/Content/EngineMaterials/Substrate/Glints2/dict_0006_0137.uasset" 6927
"../../../Engine/Content/EngineMaterials/Substrate/Glints2/dict_0006_0134.uasset" 6928
"../../../Engine/Content/EngineMaterials/Substrate/Glints2/dict_0006_0136.uasset" 6929
"/Engine/EngineMaterials/Substrate/Glints2/dict_0006_0141" 6930
"/Engine/EngineMaterials/Substrate/Glints2/dict_0006_0142" 6931
"/Engine/EngineMaterials/Substrate/Glints2/dict_0006_0143" 6932
"/Engine/EngineMaterials/Substrate/Glints2/dict_0006_0134" 6933
"/Engine/EngineMaterials/Substrate/Glints2/dict_0006_0135" 6934
"/Engine/EngineMaterials/Substrate/Glints2/dict_0006_0136" 6935
"/Engine/EngineMaterials/Substrate/Glints2/dict_0006_0137" 6936
"/Engine/EngineMaterials/Substrate/Glints2/dict_0006_0138" 6937
"/Engine/EngineMaterials/Substrate/Glints2/dict_0006_0139" 6938
"/Engine/EngineMaterials/Substrate/Glints2/dict_0006_0140" 6939
"../../../Engine/Content/EngineMaterials/Substrate/Glints2/dict_0006_0129.uasset" 6940
"../../../Engine/Content/EngineMaterials/Substrate/Glints2/dict_0006_0133.uasset" 6941
"../../../Engine/Content/EngineMaterials/Substrate/Glints2/dict_0006_0154.uasset" 6942
"../../../Engine/Content/EngineMaterials/Substrate/Glints2/dict_0006_0130.uasset" 6943
"../../../Engine/Content/EngineMaterials/Substrate/Glints2/dict_0006_0131.uasset" 6944
"../../../Engine/Content/EngineMaterials/Substrate/Glints2/dict_0006_0132.uasset" 6945
"../../../Engine/Content/EngineMaterials/Substrate/Glints2/dict_0006_0175.uasset" 6946
"/Engine/EngineMaterials/Substrate/Glints2/dict_0006_0175" 6947
"/Engine/EngineMaterials/Substrate/Glints2/dict_0006_0154" 6948
"/Engine/EngineMaterials/Substrate/Glints2/dict_0006_0129" 6949
"/Engine/EngineMaterials/Substrate/Glints2/dict_0006_0131" 6950
"/Engine/EngineMaterials/Substrate/Glints2/dict_0006_0132" 6951
"../../../Engine/Content/EngineMaterials/Substrate/Glints2/dict_0006_0127.uasset" 6952
"../../../Engine/Content/EngineMaterials/Substrate/Glints2/dict_0006_0128.uasset" 6953
"../../../Engine/Content/EngineMaterials/Substrate/Glints2/dict_0006_0125.uasset" 6954
"../../../Engine/Content/EngineMaterials/Substrate/Glints2/dict_0006_0126.uasset" 6955
"../../../Engine/Content/EngineMaterials/Substrate/Glints2/dict_0006_0124.uasset" 6956
"../../../Engine/Content/EngineMaterials/Substrate/Glints2/dict_0006_0123.uasset" 6957
"/Engine/EngineMaterials/Substrate/Glints2/dict_0006_0133" 6958
"/Engine/EngineMaterials/Substrate/Glints2/dict_0006_0130" 6959
"/Engine/EngineMaterials/Substrate/Glints2/dict_0006_0125" 6960
"/Engine/EngineMaterials/Substrate/Glints2/dict_0006_0123" 6961
"/Engine/EngineMaterials/Substrate/Glints2/dict_0006_0124" 6962
"/Engine/EngineMaterials/Substrate/Glints2/dict_0006_0126" 6963
"/Engine/EngineMaterials/Substrate/Glints2/dict_0006_0127" 6964
"/Engine/EngineMaterials/Substrate/Glints2/dict_0006_0128" 6965
"../../../Engine/Content/EngineMaterials/Substrate/Glints2/dict_0006_0117.uasset" 6966
"../../../Engine/Content/EngineMaterials/Substrate/Glints2/dict_0006_0120.uasset" 6967
"../../../Engine/Content/EngineMaterials/Substrate/Glints2/dict_0006_0121.uasset" 6968
"../../../Engine/Content/EngineMaterials/Substrate/Glints2/dict_0006_0119.uasset" 6969
"../../../Engine/Content/EngineMaterials/Substrate/Glints2/dict_0006_0116.uasset" 6970
"../../../Engine/Content/EngineMaterials/Substrate/Glints2/dict_0006_0118.uasset" 6971
"/Engine/EngineMaterials/Substrate/Glints2/dict_0006_0116" 6972
"/Engine/EngineMaterials/Substrate/Glints2/dict_0006_0117" 6973
"/Engine/EngineMaterials/Substrate/Glints2/dict_0006_0118" 6974
"/Engine/EngineMaterials/Substrate/Glints2/dict_0006_0119" 6975
"/Engine/EngineMaterials/Substrate/Glints2/dict_0006_0120" 6976
"/Engine/EngineMaterials/Substrate/Glints2/dict_0006_0121" 6977
"../../../Engine/Content/EngineMaterials/Substrate/Glints2/dict_0006_0112.uasset" 6978
"../../../Engine/Content/EngineMaterials/Substrate/Glints2/dict_0006_0114.uasset" 6979
"../../../Engine/Content/EngineMaterials/Substrate/Glints2/dict_0006_0113.uasset" 6980
"../../../Engine/Content/EngineMaterials/Substrate/Glints2/dict_0006_0111.uasset" 6981
"../../../Engine/Content/EngineMaterials/Substrate/Glints2/dict_0006_0110.uasset" 6982
"../../../Engine/Content/EngineMaterials/Substrate/Glints2/dict_0006_0115.uasset" 6983
"../../../Engine/Content/EngineMaterials/Substrate/Glints2/dict_0006_0109.uasset" 6984
"../../../Engine/Content/EngineMaterials/Substrate/Glints2/dict_0006_0107.uasset" 6985
"../../../Engine/Content/EngineMaterials/Substrate/Glints2/dict_0006_0106.uasset" 6986
"../../../Engine/Content/EngineMaterials/Substrate/Glints2/dict_0006_0108.uasset" 6987
"../../../Engine/Content/EngineMaterials/Substrate/Glints2/dict_0006_0103.uasset" 6988
"../../../Engine/Content/EngineMaterials/Substrate/Glints2/dict_0006_0105.uasset" 6989
"../../../Engine/Content/EngineMaterials/Substrate/Glints2/dict_0006_0104.uasset" 6990
"/Engine/EngineMaterials/Substrate/Glints2/dict_0006_0106" 6991
"/Engine/EngineMaterials/Substrate/Glints2/dict_0006_0107" 6992
"/Engine/EngineMaterials/Substrate/Glints2/dict_0006_0108" 6993
"/Engine/EngineMaterials/Substrate/Glints2/dict_0006_0103" 6994
"/Engine/EngineMaterials/Substrate/Glints2/dict_0006_0104" 6995
"/Engine/EngineMaterials/Substrate/Glints2/dict_0006_0105" 6996
"/Engine/EngineMaterials/Substrate/Glints2/dict_0006_0109" 6997
"/Engine/EngineMaterials/Substrate/Glints2/dict_0006_0110" 6998
"/Engine/EngineMaterials/Substrate/Glints2/dict_0006_0111" 6999
"/Engine/EngineMaterials/Substrate/Glints2/dict_0006_0112" 7000
"/Engine/EngineMaterials/Substrate/Glints2/dict_0006_0113" 7001
"/Engine/EngineMaterials/Substrate/Glints2/dict_0006_0114" 7002
"/Engine/EngineMaterials/Substrate/Glints2/dict_0006_0115" 7003
"../../../Engine/Content/EngineMaterials/Substrate/Glints2/dict_0006_0100.uasset" 7004
"../../../Engine/Content/EngineMaterials/Substrate/Glints2/dict_0006_0096.uasset" 7005
"../../../Engine/Content/EngineMaterials/Substrate/Glints2/dict_0006_0098.uasset" 7006
"../../../Engine/Content/EngineMaterials/Substrate/Glints2/dict_0006_0099.uasset" 7007
"../../../Engine/Content/EngineMaterials/Substrate/Glints2/dict_0006_0102.uasset" 7008
"../../../Engine/Content/EngineMaterials/Substrate/Glints2/dict_0006_0101.uasset" 7009
"../../../Engine/Content/EngineMaterials/Substrate/Glints2/dict_0006_0097.uasset" 7010
"../../../Engine/Content/EngineMaterials/Substrate/Glints2/dict_0006_0095.uasset" 7011
"/Engine/EngineMaterials/Substrate/Glints2/dict_0006_0099" 7012
"../../../Engine/Content/EngineMaterials/Substrate/Glints2/dict_0006_0090.uasset" 7013
"../../../Engine/Content/EngineMaterials/Substrate/Glints2/dict_0006_0093.uasset" 7014
"/Engine/EngineMaterials/Substrate/Glints2/dict_0006_0095" 7015
"../../../Engine/Content/EngineMaterials/Substrate/Glints2/dict_0006_0087.uasset" 7016
"../../../Engine/Content/EngineMaterials/Substrate/Glints2/dict_0006_0092.uasset" 7017
"../../../Engine/Content/EngineMaterials/Substrate/Glints2/dict_0006_0094.uasset" 7018
"../../../Engine/Content/EngineMaterials/Substrate/Glints2/dict_0006_0088.uasset" 7019
"../../../Engine/Content/EngineMaterials/Substrate/Glints2/dict_0006_0091.uasset" 7020
"../../../Engine/Content/EngineMaterials/Substrate/Glints2/dict_0006_0089.uasset" 7021
"/Engine/EngineMaterials/Substrate/Glints2/dict_0006_0100" 7022
"/Engine/EngineMaterials/Substrate/Glints2/dict_0006_0096" 7023
"/Engine/EngineMaterials/Substrate/Glints2/dict_0006_0097" 7024
"/Engine/EngineMaterials/Substrate/Glints2/dict_0006_0098" 7025
"/Engine/EngineMaterials/Substrate/Glints2/dict_0006_0101" 7026
"/Engine/EngineMaterials/Substrate/Glints2/dict_0006_0102" 7027
"/Engine/EngineMaterials/Substrate/Glints2/dict_0006_0087" 7028
"/Engine/EngineMaterials/Substrate/Glints2/dict_0006_0088" 7029
"/Engine/EngineMaterials/Substrate/Glints2/dict_0006_0089" 7030
"/Engine/EngineMaterials/Substrate/Glints2/dict_0006_0090" 7031
"/Engine/EngineMaterials/Substrate/Glints2/dict_0006_0091" 7032
"/Engine/EngineMaterials/Substrate/Glints2/dict_0006_0092" 7033
"/Engine/EngineMaterials/Substrate/Glints2/dict_0006_0093" 7034
"/Engine/EngineMaterials/Substrate/Glints2/dict_0006_0094" 7035
"../../../Engine/Content/EngineMaterials/Substrate/Glints2/dict_0006_0085.uasset" 7036
"../../../Engine/Content/EngineMaterials/Substrate/Glints2/dict_0006_0078.uasset" 7037
"../../../Engine/Content/EngineMaterials/Substrate/Glints2/dict_0006_0081.uasset" 7038
"../../../Engine/Content/EngineMaterials/Substrate/Glints2/dict_0006_0077.uasset" 7039
"../../../Engine/Content/EngineMaterials/Substrate/Glints2/dict_0006_0079.uasset" 7040
"../../../Engine/Content/EngineMaterials/Substrate/Glints2/dict_0006_0080.uasset" 7041
"../../../Engine/Content/EngineMaterials/Substrate/Glints2/dict_0006_0083.uasset" 7042
"../../../Engine/Content/EngineMaterials/Substrate/Glints2/dict_0006_0082.uasset" 7043
"../../../Engine/Content/EngineMaterials/Substrate/Glints2/dict_0006_0084.uasset" 7044
"/Engine/EngineMaterials/Substrate/Glints2/dict_0006_0077" 7045
"/Engine/EngineMaterials/Substrate/Glints2/dict_0006_0078" 7046
"/Engine/EngineMaterials/Substrate/Glints2/dict_0006_0079" 7047
"/Engine/EngineMaterials/Substrate/Glints2/dict_0006_0080" 7048
"/Engine/EngineMaterials/Substrate/Glints2/dict_0006_0081" 7049
"/Engine/EngineMaterials/Substrate/Glints2/dict_0006_0082" 7050
"/Engine/EngineMaterials/Substrate/Glints2/dict_0006_0083" 7051
"../../../Engine/Content/EngineMaterials/Substrate/Glints2/dict_0006_0073.uasset" 7052
"../../../Engine/Content/EngineMaterials/Substrate/Glints2/dict_0006_0071.uasset" 7053
"../../../Engine/Content/EngineMaterials/Substrate/Glints2/dict_0006_0075.uasset" 7054
"../../../Engine/Content/EngineMaterials/Substrate/Glints2/dict_0006_0076.uasset" 7055
"../../../Engine/Content/EngineMaterials/Substrate/Glints2/dict_0006_0069.uasset" 7056
"../../../Engine/Content/EngineMaterials/Substrate/Glints2/dict_0006_0074.uasset" 7057
"../../../Engine/Content/EngineMaterials/Substrate/Glints2/dict_0006_0072.uasset" 7058
"/Engine/EngineMaterials/Substrate/Glints2/dict_0006_0084" 7059
"/Engine/EngineMaterials/Substrate/Glints2/dict_0006_0085" 7060
"/Engine/EngineMaterials/Substrate/Glints2/dict_0006_0074" 7061
"/Engine/EngineMaterials/Substrate/Glints2/dict_0006_0075" 7062
"/Engine/EngineMaterials/Substrate/Glints2/dict_0006_0076" 7063
"/Engine/EngineMaterials/Substrate/Glints2/dict_0006_0069" 7064
"/Engine/EngineMaterials/Substrate/Glints2/dict_0006_0071" 7065
"/Engine/EngineMaterials/Substrate/Glints2/dict_0006_0072" 7066
"/Engine/EngineMaterials/Substrate/Glints2/dict_0006_0073" 7067
"../../../Engine/Content/EngineMaterials/Substrate/Glints2/dict_0006_0068.uasset" 7068
"../../../Engine/Content/EngineMaterials/Substrate/Glints2/dict_0006_0070.uasset" 7069
"../../../Engine/Content/EngineMaterials/Substrate/Glints2/dict_0006_0067.uasset" 7070
"../../../Engine/Content/EngineMaterials/Substrate/Glints2/dict_0006_0066.uasset" 7071
"../../../Engine/Content/EngineMaterials/Substrate/Glints2/dict_0006_0060.uasset" 7072
"../../../Engine/Content/EngineMaterials/Substrate/Glints2/dict_0006_0063.uasset" 7073
"../../../Engine/Content/EngineMaterials/Substrate/Glints2/dict_0006_0064.uasset" 7074
"../../../Engine/Content/EngineMaterials/Substrate/Glints2/dict_0006_0065.uasset" 7075
"../../../Engine/Content/EngineMaterials/Substrate/Glints2/dict_0006_0062.uasset" 7076
"../../../Engine/Content/EngineMaterials/Substrate/Glints2/dict_0006_0061.uasset" 7077
"/Engine/EngineMaterials/Substrate/Glints2/dict_0006_0060" 7078
"/Engine/EngineMaterials/Substrate/Glints2/dict_0006_0061" 7079
"../../../Engine/Content/EngineMaterials/Substrate/Glints2/dict_0006_0059.uasset" 7080
"/Engine/EngineMaterials/Substrate/Glints2/dict_0006_0062" 7081
"../../../Engine/Content/EngineMaterials/Substrate/Glints2/dict_0006_0057.uasset" 7082
"../../../Engine/Content/EngineMaterials/Substrate/Glints2/dict_0006_0058.uasset" 7083
"/Engine/EngineMaterials/Substrate/Glints2/dict_0006_0063" 7084
"/Engine/EngineMaterials/Substrate/Glints2/dict_0006_0064" 7085
"/Engine/EngineMaterials/Substrate/Glints2/dict_0006_0065" 7086
"/Engine/EngineMaterials/Substrate/Glints2/dict_0006_0066" 7087
"../../../Engine/Content/EngineMaterials/Substrate/Glints2/dict_0006_0056.uasset" 7088
"/Engine/EngineMaterials/Substrate/Glints2/dict_0006_0067" 7089
"/Engine/EngineMaterials/Substrate/Glints2/dict_0006_0068" 7090
"/Engine/EngineMaterials/Substrate/Glints2/dict_0006_0070" 7091
"/Engine/EngineMaterials/Substrate/Glints2/dict_0006_0058" 7092
"/Engine/EngineMaterials/Substrate/Glints2/dict_0006_0059" 7093
"/Engine/EngineMaterials/Substrate/Glints2/dict_0006_0056" 7094
"/Engine/EngineMaterials/Substrate/Glints2/dict_0006_0057" 7095
"../../../Engine/Content/EngineMaterials/Substrate/Glints2/dict_0006_0055.uasset" 7096
"../../../Engine/Content/EngineMaterials/Substrate/Glints2/dict_0006_0054.uasset" 7097
"../../../Engine/Content/EngineMaterials/Substrate/Glints2/dict_0006_0050.uasset" 7098
"../../../Engine/Content/EngineMaterials/Substrate/Glints2/dict_0006_0051.uasset" 7099
"../../../Engine/Content/EngineMaterials/Substrate/Glints2/dict_0006_0049.uasset" 7100
"/Engine/EngineMaterials/Substrate/Glints2/dict_0006_0049" 7101
"/Engine/EngineMaterials/Substrate/Glints2/dict_0006_0050" 7102
"/Engine/EngineMaterials/Substrate/Glints2/dict_0006_0051" 7103
"/Engine/EngineMaterials/Substrate/Glints2/dict_0006_0054" 7104
"/Engine/EngineMaterials/Substrate/Glints2/dict_0006_0055" 7105
"../../../Engine/Content/EngineMaterials/Substrate/Glints2/dict_0006_0052.uasset" 7106
"../../../Engine/Content/EngineMaterials/Substrate/Glints2/dict_0006_0046.uasset" 7107
"../../../Engine/Content/EngineMaterials/Substrate/Glints2/dict_0006_0047.uasset" 7108
"../../../Engine/Content/EngineMaterials/Substrate/Glints2/dict_0006_0053.uasset" 7109
"../../../Engine/Content/EngineMaterials/Substrate/Glints2/dict_0006_0048.uasset" 7110
"../../../Engine/Content/EngineMaterials/Substrate/Glints2/dict_0006_0045.uasset" 7111
"../../../Engine/Content/EngineMaterials/Substrate/Glints2/dict_0006_0039.uasset" 7112
"../../../Engine/Content/EngineMaterials/Substrate/Glints2/dict_0006_0043.uasset" 7113
"../../../Engine/Content/EngineMaterials/Substrate/Glints2/dict_0006_0042.uasset" 7114
"../../../Engine/Content/EngineMaterials/Substrate/Glints2/dict_0006_0044.uasset" 7115
"/Engine/EngineMaterials/Substrate/Glints2/dict_0006_0042" 7116
"../../../Engine/Content/EngineMaterials/Substrate/Glints2/dict_0006_0041.uasset" 7117
"../../../Engine/Content/EngineMaterials/Substrate/Glints2/dict_0006_0037.uasset" 7118
"/Engine/EngineMaterials/Substrate/Glints2/dict_0006_0043" 7119
"../../../Engine/Content/EngineMaterials/Substrate/Glints2/dict_0006_0036.uasset" 7120
"/Engine/EngineMaterials/Substrate/Glints2/dict_0006_0044" 7121
"/Engine/EngineMaterials/Substrate/Glints2/dict_0006_0039" 7122
"../../../Engine/Content/EngineMaterials/Substrate/Glints2/dict_0006_0034.uasset" 7123
"../../../Engine/Content/EngineMaterials/Substrate/Glints2/dict_0006_0038.uasset" 7124
"/Engine/EngineMaterials/Substrate/Glints2/dict_0006_0045" 7125
"../../../Engine/Content/EngineMaterials/Substrate/Glints2/dict_0006_0040.uasset" 7126
"/Engine/EngineMaterials/Substrate/Glints2/dict_0006_0046" 7127
"/Engine/EngineMaterials/Substrate/Glints2/dict_0006_0047" 7128
"/Engine/EngineMaterials/Substrate/Glints2/dict_0006_0048" 7129
"/Engine/EngineMaterials/Substrate/Glints2/dict_0006_0052" 7130
"/Engine/EngineMaterials/Substrate/Glints2/dict_0006_0053" 7131
"/Engine/EngineMaterials/Substrate/Glints2/dict_0006_0034" 7132
"/Engine/EngineMaterials/Substrate/Glints2/dict_0006_0036" 7133
"/Engine/EngineMaterials/Substrate/Glints2/dict_0006_0037" 7134
"../../../Engine/Content/EngineMaterials/Substrate/Glints2/dict_0006_0030.uasset" 7135
"../../../Engine/Content/EngineMaterials/Substrate/Glints2/dict_0006_0032.uasset" 7136
"/Engine/EngineMaterials/Substrate/Glints2/dict_0006_0038" 7137
"/Engine/EngineMaterials/Substrate/Glints2/dict_0006_0041" 7138
"/Engine/EngineMaterials/Substrate/Glints2/dict_0006_0032" 7139
"../../../Engine/Content/EngineMaterials/Substrate/Glints2/dict_0006_0035.uasset" 7140
"/Engine/EngineMaterials/Substrate/Glints2/dict_0006_0040" 7141
"/Engine/EngineMaterials/Substrate/Glints2/dict_0006_0030" 7142
"../../../Engine/Content/EngineMaterials/Substrate/Glints2/dict_0006_0033.uasset" 7143
"/Engine/EngineMaterials/Substrate/Glints2/dict_0006_0035" 7144
"/Engine/EngineMaterials/Substrate/Glints2/dict_0006_0033" 7145
"../../../Engine/Content/EngineMaterials/Substrate/Glints2/dict_0006_0029.uasset" 7146
"../../../Engine/Content/EngineMaterials/Substrate/Glints2/dict_0006_0028.uasset" 7147
"../../../Engine/Content/EngineMaterials/Substrate/Glints2/dict_0006_0027.uasset" 7148
"../../../Engine/Content/EngineMaterials/Substrate/Glints2/dict_0006_0025.uasset" 7149
"../../../Engine/Content/EngineMaterials/Substrate/Glints2/dict_0006_0031.uasset" 7150
"../../../Engine/Content/EngineMaterials/Substrate/Glints2/dict_0006_0026.uasset" 7151
"../../../Engine/Content/EngineMaterials/Substrate/Glints2/dict_0006_0021.uasset" 7152
"../../../Engine/Content/EngineMaterials/Substrate/Glints2/dict_0006_0024.uasset" 7153
"/Engine/EngineMaterials/Substrate/Glints2/dict_0006_0028" 7154
"/Engine/EngineMaterials/Substrate/Glints2/dict_0006_0029" 7155
"../../../Engine/Content/EngineMaterials/Substrate/Glints2/dict_0006_0023.uasset" 7156
"/Engine/EngineMaterials/Substrate/Glints2/dict_0006_0024" 7157
"/Engine/EngineMaterials/Substrate/Glints2/dict_0006_0025" 7158
"/Engine/EngineMaterials/Substrate/Glints2/dict_0006_0021" 7159
"../../../Engine/Content/EngineMaterials/Substrate/Glints2/dict_0006_0020.uasset" 7160
"/Engine/EngineMaterials/Substrate/Glints2/dict_0006_0026" 7161
"../../../Engine/Content/EngineMaterials/Substrate/Glints2/dict_0006_0014.uasset" 7162
"/Engine/EngineMaterials/Substrate/Glints2/dict_0006_0027" 7163
"../../../Engine/Content/EngineMaterials/Substrate/Glints2/dict_0006_0018.uasset" 7164
"../../../Engine/Content/EngineMaterials/Substrate/Glints2/dict_0006_0022.uasset" 7165
"/Engine/EngineMaterials/Substrate/Glints2/dict_0006_0031" 7166
"../../../Engine/Content/EngineMaterials/Substrate/Glints2/dict_0006_0019.uasset" 7167
"/Engine/EngineMaterials/Substrate/Glints2/dict_0006_0014" 7168
"/Engine/EngineMaterials/Substrate/Glints2/dict_0006_0018" 7169
"/Engine/EngineMaterials/Substrate/Glints2/dict_0006_0019" 7170
"../../../Engine/Content/EngineMaterials/Substrate/Glints2/dict_0006_0017.uasset" 7171
"/Engine/EngineMaterials/Substrate/Glints2/dict_0006_0020" 7172
"/Engine/EngineMaterials/Substrate/Glints2/dict_0006_0023" 7173
"../../../Engine/Content/EngineMaterials/Substrate/Glints2/dict_0006_0015.uasset" 7174
"../../../Engine/Content/EngineMaterials/Substrate/Glints2/dict_0006_0013.uasset" 7175
"/Engine/EngineMaterials/Substrate/Glints2/dict_0006_0022" 7176
"/Engine/EngineMaterials/Substrate/Glints2/dict_0006_0013" 7177
"../../../Engine/Content/EngineMaterials/Substrate/Glints2/dict_0006_0122.uasset" 7178
"/Engine/EngineMaterials/Substrate/Glints2/dict_0006_0015" 7179
"/Engine/EngineMaterials/Substrate/Glints2/dict_0006_0017" 7180
"/Engine/EngineMaterials/Substrate/Glints2/dict_0006_0122" 7181
"../../../Engine/Content/EngineMaterials/Substrate/Glints2/dict_0006_0008.uasset" 7182
"../../../Engine/Content/EngineMaterials/Substrate/Glints2/dict_0006_0010.uasset" 7183
"../../../Engine/Content/EngineMaterials/Substrate/Glints2/dict_0006_0009.uasset" 7184
"../../../Engine/Content/EngineMaterials/Substrate/Glints2/dict_0006_0016.uasset" 7185
"../../../Engine/Content/EngineMaterials/Substrate/Glints2/dict_0006_0007.uasset" 7186
"../../../Engine/Content/EngineMaterials/Substrate/Glints2/dict_0006_0011.uasset" 7187
"../../../Engine/Content/EngineMaterials/Substrate/Glints2/dict_0006_0002.uasset" 7188
"../../../Engine/Content/EngineMaterials/Substrate/Glints2/dict_0006_0012.uasset" 7189
"/Engine/EngineMaterials/Substrate/Glints2/dict_0006_0008" 7190
"../../../Engine/Content/EngineMaterials/Substrate/Glints2/dict_0005_0252.uasset" 7191
"/Engine/EngineMaterials/Substrate/Glints2/dict_0006_0009" 7192
"../../../Engine/Content/EngineMaterials/Substrate/Glints2/dict_0005_0251.uasset" 7193
"/Engine/EngineMaterials/Substrate/Glints2/dict_0006_0010" 7194
"/Engine/EngineMaterials/Substrate/Glints2/dict_0006_0011" 7195
"/Engine/EngineMaterials/Substrate/Glints2/dict_0006_0016" 7196
"/Engine/EngineMaterials/Substrate/Glints2/dict_0006_0012" 7197
"/Engine/EngineMaterials/Substrate/Glints2/dict_0006_0007" 7198
"../../../Engine/Content/EngineMaterials/Substrate/Glints2/dict_0006_0006.uasset" 7199
"../../../Engine/Content/EngineMaterials/Substrate/Glints2/dict_0006_0001.uasset" 7200
"/Engine/EngineMaterials/Substrate/Glints2/dict_0006_0002" 7201
"/Engine/EngineMaterials/Substrate/Glints2/dict_0005_0251" 7202
"/Engine/EngineMaterials/Substrate/Glints2/dict_0005_0252" 7203
"../../../Engine/Content/EngineMaterials/Substrate/Glints2/dict_0006_0005.uasset" 7204
"/Engine/EngineMaterials/Substrate/Glints2/dict_0006_0006" 7205
"../../../Engine/Content/EngineMaterials/Substrate/Glints2/dict_0005_0253.uasset" 7206
"/Engine/EngineMaterials/Substrate/Glints2/dict_0006_0001" 7207
"/Engine/EngineMaterials/Substrate/Glints2/dict_0005_0253" 7208
"../../../Engine/Content/EngineMaterials/Substrate/Glints2/dict_0006_0000.uasset" 7209
"../../../Engine/Content/EngineMaterials/Substrate/Glints2/dict_0006_0003.uasset" 7210
"/Engine/EngineMaterials/Substrate/Glints2/dict_0006_0003" 7211
"/Engine/EngineMaterials/Substrate/Glints2/dict_0006_0000" 7212
"/Engine/EngineMaterials/Substrate/Glints2/dict_0006_0005" 7213
"../../../Engine/Content/EngineMaterials/Substrate/Glints2/dict_0005_0250.uasset" 7214
"../../../Engine/Content/EngineMaterials/Substrate/Glints2/dict_0005_0254.uasset" 7215
"../../../Engine/Content/EngineMaterials/Substrate/Glints2/dict_0005_0248.uasset" 7216
"../../../Engine/Content/EngineMaterials/Substrate/Glints2/dict_0006_0004.uasset" 7217
"../../../Engine/Content/EngineMaterials/Substrate/Glints2/dict_0005_0246.uasset" 7218
"../../../Engine/Content/EngineMaterials/Substrate/Glints2/dict_0005_0243.uasset" 7219
"../../../Engine/Content/EngineMaterials/Substrate/Glints2/dict_0005_0242.uasset" 7220
"../../../Engine/Content/EngineMaterials/Substrate/Glints2/dict_0005_0245.uasset" 7221
"/Engine/EngineMaterials/Substrate/Glints2/dict_0005_0242" 7222
"../../../Engine/Content/EngineMaterials/Substrate/Glints2/dict_0005_0238.uasset" 7223
"../../../Engine/Content/EngineMaterials/Substrate/Glints2/dict_0005_0236.uasset" 7224
"/Engine/EngineMaterials/Substrate/Glints2/dict_0005_0245" 7225
"/Engine/EngineMaterials/Substrate/Glints2/dict_0005_0243" 7226
"/Engine/EngineMaterials/Substrate/Glints2/dict_0006_0004" 7227
"/Engine/EngineMaterials/Substrate/Glints2/dict_0005_0246" 7228
"/Engine/EngineMaterials/Substrate/Glints2/dict_0005_0248" 7229
"/Engine/EngineMaterials/Substrate/Glints2/dict_0005_0254" 7230
"/Engine/EngineMaterials/Substrate/Glints2/dict_0005_0250" 7231
"../../../Engine/Content/EngineMaterials/Substrate/Glints2/dict_0005_0244.uasset" 7232
"/Engine/EngineMaterials/Substrate/Glints2/dict_0005_0236" 7233
"/Engine/EngineMaterials/Substrate/Glints2/dict_0005_0238" 7234
"/Engine/EngineMaterials/Substrate/Glints2/dict_0005_0244" 7235
"../../../Engine/Content/EngineMaterials/Substrate/Glints2/dict_0005_0241.uasset" 7236
"../../../Engine/Content/EngineMaterials/Substrate/Glints2/dict_0005_0233.uasset" 7237
"../../../Engine/Content/EngineMaterials/Substrate/Glints2/dict_0005_0240.uasset" 7238
"../../../Engine/Content/EngineMaterials/Substrate/Glints2/dict_0005_0239.uasset" 7239
"../../../Engine/Content/EngineMaterials/Substrate/Glints2/dict_0005_0230.uasset" 7240
"../../../Engine/Content/EngineMaterials/Substrate/Glints2/dict_0005_0229.uasset" 7241
"../../../Engine/Content/EngineMaterials/Substrate/Glints2/dict_0005_0231.uasset" 7242
"../../../Engine/Content/EngineMaterials/Substrate/Glints2/dict_0005_0237.uasset" 7243
"../../../Engine/Content/EngineMaterials/Substrate/Glints2/dict_0005_0235.uasset" 7244
"../../../Engine/Content/EngineMaterials/Substrate/Glints2/dict_0005_0232.uasset" 7245
"/Engine/EngineMaterials/Substrate/Glints2/dict_0005_0229" 7246
"/Engine/EngineMaterials/Substrate/Glints2/dict_0005_0230" 7247
"/Engine/EngineMaterials/Substrate/Glints2/dict_0005_0233" 7248
"/Engine/EngineMaterials/Substrate/Glints2/dict_0005_0241" 7249
"../../../Engine/Content/EngineMaterials/Substrate/Glints2/dict_0005_0227.uasset" 7250
"../../../Engine/Content/EngineMaterials/Substrate/Glints2/dict_0005_0234.uasset" 7251
"../../../Engine/Content/EngineMaterials/Substrate/Glints2/dict_0005_0226.uasset" 7252
"/Engine/EngineMaterials/Substrate/Glints2/dict_0005_0235" 7253
"/Engine/EngineMaterials/Substrate/Glints2/dict_0005_0237" 7254
"/Engine/EngineMaterials/Substrate/Glints2/dict_0005_0231" 7255
"/Engine/EngineMaterials/Substrate/Glints2/dict_0005_0232" 7256
"/Engine/EngineMaterials/Substrate/Glints2/dict_0005_0239" 7257
"/Engine/EngineMaterials/Substrate/Glints2/dict_0005_0240" 7258
"/Engine/EngineMaterials/Substrate/Glints2/dict_0005_0226" 7259
"/Engine/EngineMaterials/Substrate/Glints2/dict_0005_0234" 7260
"/Engine/EngineMaterials/Substrate/Glints2/dict_0005_0227" 7261
"../../../Engine/Content/EngineMaterials/Substrate/Glints2/dict_0005_0228.uasset" 7262
"../../../Engine/Content/EngineMaterials/Substrate/Glints2/dict_0005_0223.uasset" 7263
"../../../Engine/Content/EngineMaterials/Substrate/Glints2/dict_0005_0225.uasset" 7264
"../../../Engine/Content/EngineMaterials/Substrate/Glints2/dict_0005_0222.uasset" 7265
"../../../Engine/Content/EngineMaterials/Substrate/Glints2/dict_0005_0224.uasset" 7266
"../../../Engine/Content/EngineMaterials/Substrate/Glints2/dict_0005_0218.uasset" 7267
"../../../Engine/Content/EngineMaterials/Substrate/Glints2/dict_0005_0221.uasset" 7268
"../../../Engine/Content/EngineMaterials/Substrate/Glints2/dict_0005_0215.uasset" 7269
"../../../Engine/Content/EngineMaterials/Substrate/Glints2/dict_0005_0216.uasset" 7270
"../../../Engine/Content/EngineMaterials/Substrate/Glints2/dict_0005_0217.uasset" 7271
"../../../Engine/Content/EngineMaterials/Substrate/Glints2/dict_0005_0219.uasset" 7272
"../../../Engine/Content/EngineMaterials/Substrate/Glints2/dict_0005_0212.uasset" 7273
"/Engine/EngineMaterials/Substrate/Glints2/dict_0005_0217" 7274
"../../../Engine/Content/EngineMaterials/Substrate/Glints2/dict_0005_0214.uasset" 7275
"../../../Engine/Content/EngineMaterials/Substrate/Glints2/dict_0005_0211.uasset" 7276
"/Engine/EngineMaterials/Substrate/Glints2/dict_0005_0218" 7277
"../../../Engine/Content/EngineMaterials/Substrate/Glints2/dict_0005_0213.uasset" 7278
"/Engine/EngineMaterials/Substrate/Glints2/dict_0005_0219" 7279
"/Engine/EngineMaterials/Substrate/Glints2/dict_0005_0225" 7280
"/Engine/EngineMaterials/Substrate/Glints2/dict_0005_0215" 7281
"/Engine/EngineMaterials/Substrate/Glints2/dict_0005_0216" 7282
"/Engine/EngineMaterials/Substrate/Glints2/dict_0005_0221" 7283
"/Engine/EngineMaterials/Substrate/Glints2/dict_0005_0222" 7284
"/Engine/EngineMaterials/Substrate/Glints2/dict_0005_0228" 7285
"/Engine/EngineMaterials/Substrate/Glints2/dict_0005_0223" 7286
"/Engine/EngineMaterials/Substrate/Glints2/dict_0005_0224" 7287
"/Engine/EngineMaterials/Substrate/Glints2/dict_0005_0212" 7288
"../../../Engine/Content/EngineMaterials/Substrate/Glints2/dict_0005_0210.uasset" 7289
"/Engine/EngineMaterials/Substrate/Glints2/dict_0005_0214" 7290
"/Engine/EngineMaterials/Substrate/Glints2/dict_0005_0211" 7291
"/Engine/EngineMaterials/Substrate/Glints2/dict_0005_0213" 7292
"../../../Engine/Content/EngineMaterials/Substrate/Glints2/dict_0005_0208.uasset" 7293
"/Engine/EngineMaterials/Substrate/Glints2/dict_0005_0210" 7294
"../../../Engine/Content/EngineMaterials/Substrate/Glints2/dict_0005_0209.uasset" 7295
"/Engine/EngineMaterials/Substrate/Glints2/dict_0005_0208" 7296
"/Engine/EngineMaterials/Substrate/Glints2/dict_0005_0209" 7297
"../../../Engine/Content/EngineMaterials/Substrate/Glints2/dict_0005_0207.uasset" 7298
"../../../Engine/Content/EngineMaterials/Substrate/Glints2/dict_0005_0204.uasset" 7299
"../../../Engine/Content/EngineMaterials/Substrate/Glints2/dict_0005_0206.uasset" 7300
"../../../Engine/Content/EngineMaterials/Substrate/Glints2/dict_0005_0205.uasset" 7301
"../../../Engine/Content/EngineMaterials/Substrate/Glints2/dict_0005_0202.uasset" 7302
"../../../Engine/Content/EngineMaterials/Substrate/Glints2/dict_0005_0203.uasset" 7303
"../../../Engine/Content/EngineMaterials/Substrate/Glints2/dict_0005_0201.uasset" 7304
"../../../Engine/Content/EngineMaterials/Substrate/Glints2/dict_0005_0200.uasset" 7305
"../../../Engine/Content/EngineMaterials/Substrate/Glints2/dict_0005_0199.uasset" 7306
"../../../Engine/Content/EngineMaterials/Substrate/Glints2/dict_0005_0197.uasset" 7307
"/Engine/EngineMaterials/Substrate/Glints2/dict_0005_0204" 7308
"../../../Engine/Content/EngineMaterials/Substrate/Glints2/dict_0005_0198.uasset" 7309
"/Engine/EngineMaterials/Substrate/Glints2/dict_0005_0205" 7310
"/Engine/EngineMaterials/Substrate/Glints2/dict_0005_0201" 7311
"/Engine/EngineMaterials/Substrate/Glints2/dict_0005_0206" 7312
"/Engine/EngineMaterials/Substrate/Glints2/dict_0005_0207" 7313
"/Engine/EngineMaterials/Substrate/Glints2/dict_0005_0202" 7314
"/Engine/EngineMaterials/Substrate/Glints2/dict_0005_0197" 7315
"/Engine/EngineMaterials/Substrate/Glints2/dict_0005_0199" 7316
"../../../Engine/Content/EngineMaterials/Substrate/Glints2/dict_0005_0192.uasset" 7317
"../../../Engine/Content/EngineMaterials/Substrate/Glints2/dict_0005_0196.uasset" 7318
"../../../Engine/Content/EngineMaterials/Substrate/Glints2/dict_0005_0194.uasset" 7319
"/Engine/EngineMaterials/Substrate/Glints2/dict_0005_0203" 7320
"/Engine/EngineMaterials/Substrate/Glints2/dict_0005_0200" 7321
"/Engine/EngineMaterials/Substrate/Glints2/dict_0005_0192" 7322
"/Engine/EngineMaterials/Substrate/Glints2/dict_0005_0194" 7323
"/Engine/EngineMaterials/Substrate/Glints2/dict_0005_0196" 7324
"/Engine/EngineMaterials/Substrate/Glints2/dict_0005_0198" 7325
"../../../Engine/Content/EngineMaterials/Substrate/Glints2/dict_0005_0193.uasset" 7326
"../../../Engine/Content/EngineMaterials/Substrate/Glints2/dict_0005_0188.uasset" 7327
"../../../Engine/Content/EngineMaterials/Substrate/Glints2/dict_0005_0191.uasset" 7328
"../../../Engine/Content/EngineMaterials/Substrate/Glints2/dict_0005_0195.uasset" 7329
"../../../Engine/Content/EngineMaterials/Substrate/Glints2/dict_0005_0189.uasset" 7330
"../../../Engine/Content/EngineMaterials/Substrate/Glints2/dict_0005_0185.uasset" 7331
"../../../Engine/Content/EngineMaterials/Substrate/Glints2/dict_0005_0184.uasset" 7332
"../../../Engine/Content/EngineMaterials/Substrate/Glints2/dict_0005_0190.uasset" 7333
"../../../Engine/Content/EngineMaterials/Substrate/Glints2/dict_0005_0187.uasset" 7334
"../../../Engine/Content/EngineMaterials/Substrate/Glints2/dict_0005_0186.uasset" 7335
"../../../Engine/Content/EngineMaterials/Substrate/Glints2/dict_0005_0183.uasset" 7336
"/Engine/EngineMaterials/Substrate/Glints2/dict_0005_0189" 7337
"../../../Engine/Content/EngineMaterials/Substrate/Glints2/dict_0005_0182.uasset" 7338
"/Engine/EngineMaterials/Substrate/Glints2/dict_0005_0190" 7339
"../../../Engine/Content/EngineMaterials/Substrate/Glints2/dict_0005_0180.uasset" 7340
"/Engine/EngineMaterials/Substrate/Glints2/dict_0005_0191" 7341
"/Engine/EngineMaterials/Substrate/Glints2/dict_0005_0183" 7342
"/Engine/EngineMaterials/Substrate/Glints2/dict_0005_0193" 7343
"/Engine/EngineMaterials/Substrate/Glints2/dict_0005_0184" 7344
"../../../Engine/Content/EngineMaterials/Substrate/Glints2/dict_0005_0179.uasset" 7345
"../../../Engine/Content/EngineMaterials/Substrate/Glints2/dict_0005_0181.uasset" 7346
"/Engine/EngineMaterials/Substrate/Glints2/dict_0005_0185" 7347
"/Engine/EngineMaterials/Substrate/Glints2/dict_0005_0186" 7348
"../../../Engine/Content/EngineMaterials/Substrate/Glints2/dict_0005_0177.uasset" 7349
"../../../Engine/Content/EngineMaterials/Substrate/Glints2/dict_0005_0178.uasset" 7350
"../../../Engine/Content/EngineMaterials/Substrate/Glints2/dict_0005_0176.uasset" 7351
"/Engine/EngineMaterials/Substrate/Glints2/dict_0005_0195" 7352
"../../../Engine/Content/EngineMaterials/Substrate/Glints2/dict_0005_0172.uasset" 7353
"/Engine/EngineMaterials/Substrate/Glints2/dict_0005_0187" 7354
"/Engine/EngineMaterials/Substrate/Glints2/dict_0005_0188" 7355
"/Engine/EngineMaterials/Substrate/Glints2/dict_0005_0176" 7356
"/Engine/EngineMaterials/Substrate/Glints2/dict_0005_0177" 7357
"/Engine/EngineMaterials/Substrate/Glints2/dict_0005_0178" 7358
"../../../Engine/Content/EngineMaterials/Substrate/Glints2/dict_0005_0173.uasset" 7359
"/Engine/EngineMaterials/Substrate/Glints2/dict_0005_0179" 7360
"../../../Engine/Content/EngineMaterials/Substrate/Glints2/dict_0005_0175.uasset" 7361
"/Engine/EngineMaterials/Substrate/Glints2/dict_0005_0172" 7362
"/Engine/EngineMaterials/Substrate/Glints2/dict_0005_0180" 7363
"/Engine/EngineMaterials/Substrate/Glints2/dict_0005_0181" 7364
"../../../Engine/Content/EngineMaterials/Substrate/Glints2/dict_0005_0174.uasset" 7365
"/Engine/EngineMaterials/Substrate/Glints2/dict_0005_0182" 7366
"/Engine/EngineMaterials/Substrate/Glints2/dict_0005_0173" 7367
"/Engine/EngineMaterials/Substrate/Glints2/dict_0005_0174" 7368
"/Engine/EngineMaterials/Substrate/Glints2/dict_0005_0175" 7369
"../../../Engine/Content/EngineMaterials/Substrate/Glints2/dict_0005_0169.uasset" 7370
"../../../Engine/Content/EngineMaterials/Substrate/Glints2/dict_0005_0171.uasset" 7371
"../../../Engine/Content/EngineMaterials/Substrate/Glints2/dict_0005_0170.uasset" 7372
"../../../Engine/Content/EngineMaterials/Substrate/Glints2/dict_0005_0165.uasset" 7373
"../../../Engine/Content/EngineMaterials/Substrate/Glints2/dict_0005_0166.uasset" 7374
"../../../Engine/Content/EngineMaterials/Substrate/Glints2/dict_0005_0167.uasset" 7375
"../../../Engine/Content/EngineMaterials/Substrate/Glints2/dict_0005_0162.uasset" 7376
"../../../Engine/Content/EngineMaterials/Substrate/Glints2/dict_0005_0168.uasset" 7377
"../../../Engine/Content/EngineMaterials/Substrate/Glints2/dict_0005_0163.uasset" 7378
"../../../Engine/Content/EngineMaterials/Substrate/Glints2/dict_0005_0164.uasset" 7379
"../../../Engine/Content/EngineMaterials/Substrate/Glints2/dict_0005_0160.uasset" 7380
"../../../Engine/Content/EngineMaterials/Substrate/Glints2/dict_0005_0158.uasset" 7381
"../../../Engine/Content/EngineMaterials/Substrate/Glints2/dict_0005_0161.uasset" 7382
"/Engine/EngineMaterials/Substrate/Glints2/dict_0005_0158" 7383
"../../../Engine/Content/EngineMaterials/Substrate/Glints2/dict_0006_0155.uasset" 7384
"../../../Engine/Content/EngineMaterials/Substrate/Glints2/dict_0005_0159.uasset" 7385
"/Engine/EngineMaterials/Substrate/Glints2/dict_0005_0160" 7386
"/Engine/EngineMaterials/Substrate/Glints2/dict_0005_0169" 7387
"../../../Engine/Content/EngineMaterials/Substrate/Glints2/dict_0005_0157.uasset" 7388
"/Engine/EngineMaterials/Substrate/Glints2/dict_0005_0162" 7389
"../../../Engine/Content/EngineMaterials/Substrate/Glints2/dict_0005_0155.uasset" 7390
"/Engine/EngineMaterials/Substrate/Glints2/dict_0005_0163" 7391
"/Engine/EngineMaterials/Substrate/Glints2/dict_0005_0164" 7392
"/Engine/EngineMaterials/Substrate/Glints2/dict_0005_0165" 7393
"/Engine/EngineMaterials/Substrate/Glints2/dict_0005_0170" 7394
"/Engine/EngineMaterials/Substrate/Glints2/dict_0005_0166" 7395
"/Engine/EngineMaterials/Substrate/Glints2/dict_0005_0171" 7396
"/Engine/EngineMaterials/Substrate/Glints2/dict_0005_0167" 7397
"/Engine/EngineMaterials/Substrate/Glints2/dict_0005_0168" 7398
"/Engine/EngineMaterials/Substrate/Glints2/dict_0005_0159" 7399
"../../../Engine/Content/EngineMaterials/Substrate/Glints2/dict_0005_0151.uasset" 7400
"/Engine/EngineMaterials/Substrate/Glints2/dict_0005_0161" 7401
"../../../Engine/Content/EngineMaterials/Substrate/Glints2/dict_0005_0154.uasset" 7402
"/Engine/EngineMaterials/Substrate/Glints2/dict_0006_0155" 7403
"/Engine/EngineMaterials/Substrate/Glints2/dict_0005_0155" 7404
"../../../Engine/Content/EngineMaterials/Substrate/Glints2/dict_0005_0156.uasset" 7405
"/Engine/EngineMaterials/Substrate/Glints2/dict_0005_0157" 7406
"../../../Engine/Content/EngineMaterials/Substrate/Glints2/dict_0005_0149.uasset" 7407
"/Engine/EngineMaterials/Substrate/Glints2/dict_0005_0149" 7408
"/Engine/EngineMaterials/Substrate/Glints2/dict_0005_0151" 7409
"/Engine/EngineMaterials/Substrate/Glints2/dict_0005_0154" 7410
"/Engine/EngineMaterials/Substrate/Glints2/dict_0005_0156" 7411
"../../../Engine/Content/EngineMaterials/Substrate/Glints2/dict_0005_0152.uasset" 7412
"../../../Engine/Content/EngineMaterials/Substrate/Glints2/dict_0005_0150.uasset" 7413
"../../../Engine/Content/EngineMaterials/Substrate/Glints2/dict_0005_0153.uasset" 7414
"../../../Engine/Content/EngineMaterials/Substrate/Glints2/dict_0005_0141.uasset" 7415
"../../../Engine/Content/EngineMaterials/Substrate/Glints2/dict_0005_0144.uasset" 7416
"../../../Engine/Content/EngineMaterials/Substrate/Glints2/dict_0005_0148.uasset" 7417
"/Engine/EngineMaterials/Substrate/Glints2/dict_0005_0148" 7418
"/Engine/EngineMaterials/Substrate/Glints2/dict_0005_0150" 7419
"../../../Engine/Content/EngineMaterials/Substrate/Glints2/dict_0005_0143.uasset" 7420
"/Engine/EngineMaterials/Substrate/Glints2/dict_0005_0152" 7421
"/Engine/EngineMaterials/Substrate/Glints2/dict_0005_0141" 7422
"/Engine/EngineMaterials/Substrate/Glints2/dict_0005_0144" 7423
"../../../Engine/Content/EngineMaterials/Substrate/Glints2/dict_0005_0142.uasset" 7424
"/Engine/EngineMaterials/Substrate/Glints2/dict_0005_0153" 7425
"../../../Engine/Content/EngineMaterials/Substrate/Glints2/dict_0005_0146.uasset" 7426
"../../../Engine/Content/EngineMaterials/Substrate/Glints2/dict_0005_0145.uasset" 7427
"../../../Engine/Content/EngineMaterials/Substrate/Glints2/dict_0005_0140.uasset" 7428
"/Engine/EngineMaterials/Substrate/Glints2/dict_0005_0140" 7429
"/Engine/EngineMaterials/Substrate/Glints2/dict_0005_0142" 7430
"../../../Engine/Content/EngineMaterials/Substrate/Glints2/dict_0005_0139.uasset" 7431
"/Engine/EngineMaterials/Substrate/Glints2/dict_0005_0143" 7432
"../../../Engine/Content/EngineMaterials/Substrate/Glints2/dict_0005_0137.uasset" 7433
"/Engine/EngineMaterials/Substrate/Glints2/dict_0005_0145" 7434
"/Engine/EngineMaterials/Substrate/Glints2/dict_0005_0146" 7435
"/Engine/EngineMaterials/Substrate/Glints2/dict_0005_0137" 7436
"../../../Engine/Content/EngineMaterials/Substrate/Glints2/dict_0005_0138.uasset" 7437
"../../../Engine/Content/EngineMaterials/Substrate/Glints2/dict_0005_0135.uasset" 7438
"../../../Engine/Content/EngineMaterials/Substrate/Glints2/dict_0005_0133.uasset" 7439
"/Engine/EngineMaterials/Substrate/Glints2/dict_0005_0139" 7440
"../../../Engine/Content/EngineMaterials/Substrate/Glints2/dict_0005_0134.uasset" 7441
"/Engine/EngineMaterials/Substrate/Glints2/dict_0005_0135" 7442
"/Engine/EngineMaterials/Substrate/Glints2/dict_0005_0138" 7443
"/Engine/EngineMaterials/Substrate/Glints2/dict_0005_0133" 7444
"/Engine/EngineMaterials/Substrate/Glints2/dict_0005_0134" 7445
"../../../Engine/Content/EngineMaterials/Substrate/Glints2/dict_0005_0136.uasset" 7446
"../../../Engine/Content/EngineMaterials/Substrate/Glints2/dict_0005_0130.uasset" 7447
"../../../Engine/Content/EngineMaterials/Substrate/Glints2/dict_0005_0131.uasset" 7448
"../../../Engine/Content/EngineMaterials/Substrate/Glints2/dict_0005_0128.uasset" 7449
"../../../Engine/Content/EngineMaterials/Substrate/Glints2/dict_0005_0129.uasset" 7450
"../../../Engine/Content/EngineMaterials/Substrate/Glints2/dict_0005_0132.uasset" 7451
"../../../Engine/Content/EngineMaterials/Substrate/Glints2/dict_0005_0126.uasset" 7452
"../../../Engine/Content/EngineMaterials/Substrate/Glints2/dict_0005_0123.uasset" 7453
"../../../Engine/Content/EngineMaterials/Substrate/Glints2/dict_0005_0124.uasset" 7454
"../../../Engine/Content/EngineMaterials/Substrate/Glints2/dict_0005_0122.uasset" 7455
"../../../Engine/Content/EngineMaterials/Substrate/Glints2/dict_0005_0121.uasset" 7456
"../../../Engine/Content/EngineMaterials/Substrate/Glints2/dict_0005_0120.uasset" 7457
"../../../Engine/Content/EngineMaterials/Substrate/Glints2/dict_0005_0125.uasset" 7458
"../../../Engine/Content/EngineMaterials/Substrate/Glints2/dict_0005_0127.uasset" 7459
"../../../Engine/Content/EngineMaterials/Substrate/Glints2/dict_0005_0118.uasset" 7460
"../../../Engine/Content/EngineMaterials/Substrate/Glints2/dict_0005_0119.uasset" 7461
"../../../Engine/Content/EngineMaterials/Substrate/Glints2/dict_0005_0117.uasset" 7462
"../../../Engine/Content/EngineMaterials/Substrate/Glints2/dict_0005_0116.uasset" 7463
"../../../Engine/Content/EngineMaterials/Substrate/Glints2/dict_0005_0115.uasset" 7464
"../../../Engine/Content/EngineMaterials/Substrate/Glints2/dict_0005_0114.uasset" 7465
"../../../Engine/Content/EngineMaterials/Substrate/Glints2/dict_0005_0113.uasset" 7466
"/Engine/EngineMaterials/Substrate/Glints2/dict_0005_0130" 7467
"../../../Engine/Content/EngineMaterials/Substrate/Glints2/dict_0005_0111.uasset" 7468
"../../../Engine/Content/EngineMaterials/Substrate/Glints2/dict_0005_0112.uasset" 7469
"../../../Engine/Content/EngineMaterials/Substrate/Glints2/dict_0005_0109.uasset" 7470
"../../../Engine/Content/EngineMaterials/Substrate/Glints2/dict_0005_0110.uasset" 7471
"/Engine/EngineMaterials/Substrate/Glints2/dict_0005_0136" 7472
"/Engine/EngineMaterials/Substrate/Glints2/dict_0005_0120" 7473
"/Engine/EngineMaterials/Substrate/Glints2/dict_0005_0113" 7474
"/Engine/EngineMaterials/Substrate/Glints2/dict_0005_0126" 7475
"/Engine/EngineMaterials/Substrate/Glints2/dict_0005_0121" 7476
"/Engine/EngineMaterials/Substrate/Glints2/dict_0005_0127" 7477
"/Engine/EngineMaterials/Substrate/Glints2/dict_0005_0122" 7478
"/Engine/EngineMaterials/Substrate/Glints2/dict_0005_0131" 7479
"/Engine/EngineMaterials/Substrate/Glints2/dict_0005_0114" 7480
"/Engine/EngineMaterials/Substrate/Glints2/dict_0005_0115" 7481
"/Engine/EngineMaterials/Substrate/Glints2/dict_0005_0132" 7482
"/Engine/EngineMaterials/Substrate/Glints2/dict_0005_0123" 7483
"/Engine/EngineMaterials/Substrate/Glints2/dict_0005_0116" 7484
"/Engine/EngineMaterials/Substrate/Glints2/dict_0005_0117" 7485
"/Engine/EngineMaterials/Substrate/Glints2/dict_0005_0124" 7486
"/Engine/EngineMaterials/Substrate/Glints2/dict_0005_0125" 7487
"/Engine/EngineMaterials/Substrate/Glints2/dict_0005_0128" 7488
"/Engine/EngineMaterials/Substrate/Glints2/dict_0005_0129" 7489
"/Engine/EngineMaterials/Substrate/Glints2/dict_0005_0118" 7490
"/Engine/EngineMaterials/Substrate/Glints2/dict_0005_0119" 7491
"/Engine/EngineMaterials/Substrate/Glints2/dict_0005_0109" 7492
"/Engine/EngineMaterials/Substrate/Glints2/dict_0005_0110" 7493
"/Engine/EngineMaterials/Substrate/Glints2/dict_0005_0111" 7494
"/Engine/EngineMaterials/Substrate/Glints2/dict_0005_0112" 7495
"../../../Engine/Content/EngineMaterials/Substrate/Glints2/dict_0006_0086.uasset" 7496
"../../../Engine/Content/EngineMaterials/Substrate/Glints2/dict_0005_0108.uasset" 7497
"../../../Engine/Content/EngineMaterials/Substrate/Glints2/dict_0005_0103.uasset" 7498
"../../../Engine/Content/EngineMaterials/Substrate/Glints2/dict_0005_0105.uasset" 7499
"../../../Engine/Content/EngineMaterials/Substrate/Glints2/dict_0005_0106.uasset" 7500
"../../../Engine/Content/EngineMaterials/Substrate/Glints2/dict_0005_0107.uasset" 7501
"../../../Engine/Content/EngineMaterials/Substrate/Glints2/dict_0005_0104.uasset" 7502
"/Engine/EngineMaterials/Substrate/Glints2/dict_0005_0103" 7503
"/Engine/EngineMaterials/Substrate/Glints2/dict_0005_0104" 7504
"/Engine/EngineMaterials/Substrate/Glints2/dict_0005_0105" 7505
"/Engine/EngineMaterials/Substrate/Glints2/dict_0005_0106" 7506
"/Engine/EngineMaterials/Substrate/Glints2/dict_0005_0107" 7507
"/Engine/EngineMaterials/Substrate/Glints2/dict_0005_0108" 7508
"/Engine/EngineMaterials/Substrate/Glints2/dict_0006_0086" 7509
"../../../Engine/Content/EngineMaterials/Substrate/Glints2/dict_0005_0099.uasset" 7510
"../../../Engine/Content/EngineMaterials/Substrate/Glints2/dict_0005_0101.uasset" 7511
"../../../Engine/Content/EngineMaterials/Substrate/Glints2/dict_0005_0097.uasset" 7512
"../../../Engine/Content/EngineMaterials/Substrate/Glints2/dict_0005_0100.uasset" 7513
"../../../Engine/Content/EngineMaterials/Substrate/Glints2/dict_0005_0096.uasset" 7514
"../../../Engine/Content/EngineMaterials/Substrate/Glints2/dict_0005_0098.uasset" 7515
"../../../Engine/Content/EngineMaterials/Substrate/Glints2/dict_0005_0102.uasset" 7516
"../../../Engine/Content/EngineMaterials/Substrate/Glints2/dict_0005_0094.uasset" 7517
"../../../Engine/Content/EngineMaterials/Substrate/Glints2/dict_0005_0090.uasset" 7518
"../../../Engine/Content/EngineMaterials/Substrate/Glints2/dict_0005_0091.uasset" 7519
"../../../Engine/Content/EngineMaterials/Substrate/Glints2/dict_0005_0092.uasset" 7520
"../../../Engine/Content/EngineMaterials/Substrate/Glints2/dict_0005_0095.uasset" 7521
"../../../Engine/Content/EngineMaterials/Substrate/Glints2/dict_0005_0093.uasset" 7522
"/Engine/EngineMaterials/Substrate/Glints2/dict_0005_0090" 7523
"/Engine/EngineMaterials/Substrate/Glints2/dict_0005_0091" 7524
"/Engine/EngineMaterials/Substrate/Glints2/dict_0005_0092" 7525
"/Engine/EngineMaterials/Substrate/Glints2/dict_0005_0093" 7526
"/Engine/EngineMaterials/Substrate/Glints2/dict_0005_0094" 7527
"/Engine/EngineMaterials/Substrate/Glints2/dict_0005_0095" 7528
"/Engine/EngineMaterials/Substrate/Glints2/dict_0005_0096" 7529
"../../../Engine/Content/EngineMaterials/Substrate/Glints2/dict_0005_0089.uasset" 7530
"/Engine/EngineMaterials/Substrate/Glints2/dict_0005_0097" 7531
"/Engine/EngineMaterials/Substrate/Glints2/dict_0005_0098" 7532
"/Engine/EngineMaterials/Substrate/Glints2/dict_0005_0099" 7533
"/Engine/EngineMaterials/Substrate/Glints2/dict_0005_0100" 7534
"/Engine/EngineMaterials/Substrate/Glints2/dict_0005_0101" 7535
"/Engine/EngineMaterials/Substrate/Glints2/dict_0005_0102" 7536
"/Engine/EngineMaterials/Substrate/Glints2/dict_0005_0089" 7537
"../../../Engine/Content/EngineMaterials/Substrate/Glints2/dict_0005_0086.uasset" 7538
"../../../Engine/Content/EngineMaterials/Substrate/Glints2/dict_0005_0084.uasset" 7539
"../../../Engine/Content/EngineMaterials/Substrate/Glints2/dict_0005_0082.uasset" 7540
"../../../Engine/Content/EngineMaterials/Substrate/Glints2/dict_0005_0087.uasset" 7541
"../../../Engine/Content/EngineMaterials/Substrate/Glints2/dict_0005_0085.uasset" 7542
"../../../Engine/Content/EngineMaterials/Substrate/Glints2/dict_0005_0083.uasset" 7543
"../../../Engine/Content/EngineMaterials/Substrate/Glints2/dict_0005_0081.uasset" 7544
"../../../Engine/Content/EngineMaterials/Substrate/Glints2/dict_0005_0075.uasset" 7545
"../../../Engine/Content/EngineMaterials/Substrate/Glints2/dict_0005_0079.uasset" 7546
"../../../Engine/Content/EngineMaterials/Substrate/Glints2/dict_0005_0078.uasset" 7547
"../../../Engine/Content/EngineMaterials/Substrate/Glints2/dict_0005_0077.uasset" 7548
"../../../Engine/Content/EngineMaterials/Substrate/Glints2/dict_0005_0076.uasset" 7549
"../../../Engine/Content/EngineMaterials/Substrate/Glints2/dict_0005_0080.uasset" 7550
"../../../Engine/Content/EngineMaterials/Substrate/Glints2/dict_0005_0249.uasset" 7551
"/Engine/EngineMaterials/Substrate/Glints2/dict_0005_0084" 7552
"/Engine/EngineMaterials/Substrate/Glints2/dict_0005_0085" 7553
"/Engine/EngineMaterials/Substrate/Glints2/dict_0005_0075" 7554
"/Engine/EngineMaterials/Substrate/Glints2/dict_0005_0076" 7555
"/Engine/EngineMaterials/Substrate/Glints2/dict_0005_0077" 7556
"/Engine/EngineMaterials/Substrate/Glints2/dict_0005_0249" 7557
"/Engine/EngineMaterials/Substrate/Glints2/dict_0005_0078" 7558
"/Engine/EngineMaterials/Substrate/Glints2/dict_0005_0079" 7559
"/Engine/EngineMaterials/Substrate/Glints2/dict_0005_0086" 7560
"/Engine/EngineMaterials/Substrate/Glints2/dict_0005_0080" 7561
"/Engine/EngineMaterials/Substrate/Glints2/dict_0005_0081" 7562
"/Engine/EngineMaterials/Substrate/Glints2/dict_0005_0087" 7563
"/Engine/EngineMaterials/Substrate/Glints2/dict_0005_0082" 7564
"/Engine/EngineMaterials/Substrate/Glints2/dict_0005_0083" 7565
"../../../Engine/Content/EngineMaterials/Substrate/Glints2/dict_0005_0073.uasset" 7566
"../../../Engine/Content/EngineMaterials/Substrate/Glints2/dict_0005_0074.uasset" 7567
"../../../Engine/Content/EngineMaterials/Substrate/Glints2/dict_0005_0069.uasset" 7568
"../../../Engine/Content/EngineMaterials/Substrate/Glints2/dict_0005_0147.uasset" 7569
"../../../Engine/Content/EngineMaterials/Substrate/Glints2/dict_0005_0072.uasset" 7570
"../../../Engine/Content/EngineMaterials/Substrate/Glints2/dict_0005_0067.uasset" 7571
"../../../Engine/Content/EngineMaterials/Substrate/Glints2/dict_0006_0153.uasset" 7572
"../../../Engine/Content/EngineMaterials/Substrate/Glints2/dict_0005_0068.uasset" 7573
"../../../Engine/Content/EngineMaterials/Substrate/Glints2/dict_0005_0071.uasset" 7574
"../../../Engine/Content/EngineMaterials/Substrate/Glints2/dict_0005_0070.uasset" 7575
"../../../Engine/Content/EngineMaterials/Substrate/Glints2/dict_0005_0061.uasset" 7576
"../../../Engine/Content/EngineMaterials/Substrate/Glints2/dict_0005_0063.uasset" 7577
"../../../Engine/Content/EngineMaterials/Substrate/Glints2/dict_0005_0064.uasset" 7578
"../../../Engine/Content/EngineMaterials/Substrate/Glints2/dict_0005_0065.uasset" 7579
"../../../Engine/Content/EngineMaterials/Substrate/Glints2/dict_0005_0060.uasset" 7580
"/Engine/EngineMaterials/Substrate/Glints2/dict_0005_0063" 7581
"/Engine/EngineMaterials/Substrate/Glints2/dict_0005_0147" 7582
"../../../Engine/Content/EngineMaterials/Substrate/Glints2/dict_0005_0058.uasset" 7583
"../../../Engine/Content/EngineMaterials/Substrate/Glints2/dict_0005_0056.uasset" 7584
"/Engine/EngineMaterials/Substrate/Glints2/dict_0005_0064" 7585
"/Engine/EngineMaterials/Substrate/Glints2/dict_0005_0065" 7586
"../../../Engine/Content/EngineMaterials/Substrate/Glints2/dict_0005_0057.uasset" 7587
"/Engine/EngineMaterials/Substrate/Glints2/dict_0005_0067" 7588
"/Engine/EngineMaterials/Substrate/Glints2/dict_0005_0068" 7589
"/Engine/EngineMaterials/Substrate/Glints2/dict_0005_0069" 7590
"/Engine/EngineMaterials/Substrate/Glints2/dict_0005_0070" 7591
"/Engine/EngineMaterials/Substrate/Glints2/dict_0005_0071" 7592
"/Engine/EngineMaterials/Substrate/Glints2/dict_0006_0153" 7593
"/Engine/EngineMaterials/Substrate/Glints2/dict_0005_0072" 7594
"/Engine/EngineMaterials/Substrate/Glints2/dict_0005_0073" 7595
"/Engine/EngineMaterials/Substrate/Glints2/dict_0005_0074" 7596
"/Engine/EngineMaterials/Substrate/Glints2/dict_0005_0060" 7597
"/Engine/EngineMaterials/Substrate/Glints2/dict_0005_0061" 7598
"../../../Engine/Content/EngineMaterials/Substrate/Glints2/dict_0005_0055.uasset" 7599
"../../../Engine/Content/EngineMaterials/Substrate/Glints2/dict_0005_0054.uasset" 7600
"../../../Engine/Content/EngineMaterials/Substrate/Glints2/dict_0005_0052.uasset" 7601
"/Engine/EngineMaterials/Substrate/Glints2/dict_0005_0052" 7602
"../../../Engine/Content/EngineMaterials/Substrate/Glints2/dict_0005_0053.uasset" 7603
"/Engine/EngineMaterials/Substrate/Glints2/dict_0005_0054" 7604
"/Engine/EngineMaterials/Substrate/Glints2/dict_0005_0055" 7605
"/Engine/EngineMaterials/Substrate/Glints2/dict_0005_0056" 7606
"/Engine/EngineMaterials/Substrate/Glints2/dict_0005_0057" 7607
"../../../Engine/Content/EngineMaterials/Substrate/Glints2/dict_0005_0051.uasset" 7608
"/Engine/EngineMaterials/Substrate/Glints2/dict_0005_0058" 7609
"../../../Engine/Content/EngineMaterials/Substrate/Glints2/dict_0005_0050.uasset" 7610
"/Engine/EngineMaterials/Substrate/Glints2/dict_0005_0050" 7611
"/Engine/EngineMaterials/Substrate/Glints2/dict_0005_0051" 7612
"/Engine/EngineMaterials/Substrate/Glints2/dict_0005_0053" 7613
"../../../Engine/Content/EngineMaterials/Substrate/Glints2/dict_0005_0049.uasset" 7614
"../../../Engine/Content/EngineMaterials/Substrate/Glints2/dict_0005_0044.uasset" 7615
"../../../Engine/Content/EngineMaterials/Substrate/Glints2/dict_0005_0045.uasset" 7616
"../../../Engine/Content/EngineMaterials/Substrate/Glints2/dict_0005_0047.uasset" 7617
"../../../Engine/Content/EngineMaterials/Substrate/Glints2/dict_0005_0048.uasset" 7618
"../../../Engine/Content/EngineMaterials/Substrate/Glints2/dict_0005_0043.uasset" 7619
"../../../Engine/Content/EngineMaterials/Substrate/Glints2/dict_0005_0042.uasset" 7620
"../../../Engine/Content/EngineMaterials/Substrate/Glints2/dict_0005_0046.uasset" 7621
"../../../Engine/Content/EngineMaterials/Substrate/Glints2/dict_0005_0040.uasset" 7622
"../../../Engine/Content/EngineMaterials/Substrate/Glints2/dict_0005_0041.uasset" 7623
"/Engine/EngineMaterials/Substrate/Glints2/dict_0005_0049" 7624
"/Engine/EngineMaterials/Substrate/Glints2/dict_0005_0040" 7625
"/Engine/EngineMaterials/Substrate/Glints2/dict_0005_0041" 7626
"/Engine/EngineMaterials/Substrate/Glints2/dict_0005_0042" 7627
"/Engine/EngineMaterials/Substrate/Glints2/dict_0005_0043" 7628
"/Engine/EngineMaterials/Substrate/Glints2/dict_0005_0044" 7629
"../../../Engine/Content/EngineMaterials/Substrate/Glints2/dict_0005_0039.uasset" 7630
"/Engine/EngineMaterials/Substrate/Glints2/dict_0005_0045" 7631
"/Engine/EngineMaterials/Substrate/Glints2/dict_0005_0046" 7632
"/Engine/EngineMaterials/Substrate/Glints2/dict_0005_0047" 7633
"/Engine/EngineMaterials/Substrate/Glints2/dict_0005_0048" 7634
"/Engine/EngineMaterials/Substrate/Glints2/dict_0005_0039" 7635
"../../../Engine/Content/EngineMaterials/Substrate/Glints2/dict_0005_0035.uasset" 7636
"../../../Engine/Content/EngineMaterials/Substrate/Glints2/dict_0005_0038.uasset" 7637
"../../../Engine/Content/EngineMaterials/Substrate/Glints2/dict_0005_0036.uasset" 7638
"../../../Engine/Content/EngineMaterials/Substrate/Glints2/dict_0005_0034.uasset" 7639
"../../../Engine/Content/EngineMaterials/Substrate/Glints2/dict_0005_0033.uasset" 7640
"../../../Engine/Content/EngineMaterials/Substrate/Glints2/dict_0005_0032.uasset" 7641
"../../../Engine/Content/EngineMaterials/Substrate/Glints2/dict_0005_0037.uasset" 7642
"../../../Engine/Content/EngineMaterials/Substrate/Glints2/dict_0005_0030.uasset" 7643
"../../../Engine/Content/EngineMaterials/Substrate/Glints2/dict_0005_0031.uasset" 7644
"../../../Engine/Content/EngineMaterials/Substrate/Glints2/dict_0005_0028.uasset" 7645
"../../../Engine/Content/EngineMaterials/Substrate/Glints2/dict_0005_0027.uasset" 7646
"../../../Engine/Content/EngineMaterials/Substrate/Glints2/dict_0005_0025.uasset" 7647
"../../../Engine/Content/EngineMaterials/Substrate/Glints2/dict_0005_0024.uasset" 7648
"../../../Engine/Content/EngineMaterials/Substrate/Glints2/dict_0005_0029.uasset" 7649
"/Engine/EngineMaterials/Substrate/Glints2/dict_0005_0034" 7650
"../../../Engine/Content/EngineMaterials/Substrate/Glints2/dict_0005_0026.uasset" 7651
"/Engine/EngineMaterials/Substrate/Glints2/dict_0005_0035" 7652
"/Engine/EngineMaterials/Substrate/Glints2/dict_0005_0036" 7653
"/Engine/EngineMaterials/Substrate/Glints2/dict_0005_0037" 7654
"/Engine/EngineMaterials/Substrate/Glints2/dict_0005_0038" 7655
"../../../Engine/Content/EngineMaterials/Substrate/Glints2/dict_0005_0023.uasset" 7656
"/Engine/EngineMaterials/Substrate/Glints2/dict_0005_0025" 7657
"/Engine/EngineMaterials/Substrate/Glints2/dict_0005_0028" 7658
"/Engine/EngineMaterials/Substrate/Glints2/dict_0005_0027" 7659
"/Engine/EngineMaterials/Substrate/Glints2/dict_0005_0029" 7660
"/Engine/EngineMaterials/Substrate/Glints2/dict_0005_0030" 7661
"../../../Engine/Content/EngineMaterials/Substrate/Glints2/dict_0005_0022.uasset" 7662
"/Engine/EngineMaterials/Substrate/Glints2/dict_0005_0031" 7663
"../../../Engine/Content/EngineMaterials/Substrate/Glints2/dict_0005_0021.uasset" 7664
"/Engine/EngineMaterials/Substrate/Glints2/dict_0005_0032" 7665
"/Engine/EngineMaterials/Substrate/Glints2/dict_0005_0033" 7666
"/Engine/EngineMaterials/Substrate/Glints2/dict_0005_0024" 7667
"/Engine/EngineMaterials/Substrate/Glints2/dict_0005_0021" 7668
"/Engine/EngineMaterials/Substrate/Glints2/dict_0005_0022" 7669
"/Engine/EngineMaterials/Substrate/Glints2/dict_0005_0026" 7670
"/Engine/EngineMaterials/Substrate/Glints2/dict_0005_0023" 7671
"../../../Engine/Content/EngineMaterials/Substrate/Glints2/dict_0005_0015.uasset" 7672
"../../../Engine/Content/EngineMaterials/Substrate/Glints2/dict_0005_0017.uasset" 7673
"../../../Engine/Content/EngineMaterials/Substrate/Glints2/dict_0005_0018.uasset" 7674
"../../../Engine/Content/EngineMaterials/Substrate/Glints2/dict_0005_0014.uasset" 7675
"../../../Engine/Content/EngineMaterials/Substrate/Glints2/dict_0005_0019.uasset" 7676
"../../../Engine/Content/EngineMaterials/Substrate/Glints2/dict_0005_0016.uasset" 7677
"../../../Engine/Content/EngineMaterials/Substrate/Glints2/dict_0005_0020.uasset" 7678
"../../../Engine/Content/EngineMaterials/Substrate/Glints2/dict_0005_0012.uasset" 7679
"../../../Engine/Content/EngineMaterials/Substrate/Glints2/dict_0005_0009.uasset" 7680
"../../../Engine/Content/EngineMaterials/Substrate/Glints2/dict_0005_0011.uasset" 7681
"../../../Engine/Content/EngineMaterials/Substrate/Glints2/dict_0005_0010.uasset" 7682
"/Engine/EngineMaterials/Substrate/Glints2/dict_0005_0015" 7683
"/Engine/EngineMaterials/Substrate/Glints2/dict_0005_0014" 7684
"../../../Engine/Content/EngineMaterials/Substrate/Glints2/dict_0005_0013.uasset" 7685
"/Engine/EngineMaterials/Substrate/Glints2/dict_0005_0016" 7686
"../../../Engine/Content/EngineMaterials/Substrate/Glints2/dict_0005_0006.uasset" 7687
"/Engine/EngineMaterials/Substrate/Glints2/dict_0005_0017" 7688
"/Engine/EngineMaterials/Substrate/Glints2/dict_0005_0018" 7689
"/Engine/EngineMaterials/Substrate/Glints2/dict_0005_0019" 7690
"/Engine/EngineMaterials/Substrate/Glints2/dict_0005_0020" 7691
"../../../Engine/Content/EngineMaterials/Substrate/Glints2/dict_0005_0007.uasset" 7692
"/Engine/EngineMaterials/Substrate/Glints2/dict_0005_0009" 7693
"/Engine/EngineMaterials/Substrate/Glints2/dict_0005_0010" 7694
"/Engine/EngineMaterials/Substrate/Glints2/dict_0005_0011" 7695
"/Engine/EngineMaterials/Substrate/Glints2/dict_0005_0012" 7696
"../../../Engine/Content/EngineMaterials/Substrate/Glints2/dict_0005_0005.uasset" 7697
"/Engine/EngineMaterials/Substrate/Glints2/dict_0005_0005" 7698
"/Engine/EngineMaterials/Substrate/Glints2/dict_0005_0006" 7699
"/Engine/EngineMaterials/Substrate/Glints2/dict_0005_0007" 7700
"/Engine/EngineMaterials/Substrate/Glints2/dict_0005_0013" 7701
"../../../Engine/Content/EngineMaterials/Substrate/Glints2/dict_0005_0008.uasset" 7702
"../../../Engine/Content/EngineMaterials/Substrate/Glints2/dict_0004_0255.uasset" 7703
"/Engine/EngineMaterials/Substrate/Glints2/dict_0005_0008" 7704
"../../../Engine/Content/EngineMaterials/Substrate/Glints2/dict_0005_0004.uasset" 7705
"/Engine/EngineMaterials/Substrate/Glints2/dict_0004_0255" 7706
"/Engine/EngineMaterials/Substrate/Glints2/dict_0005_0004" 7707
"../../../Engine/Content/EngineMaterials/Substrate/Glints2/dict_0005_0003.uasset" 7708
"../../../Engine/Content/EngineMaterials/Substrate/Glints2/dict_0005_0002.uasset" 7709
"../../../Engine/Content/EngineMaterials/Substrate/Glints2/dict_0005_0000.uasset" 7710
"../../../Engine/Content/EngineMaterials/Substrate/Glints2/dict_0005_0001.uasset" 7711
"../../../Engine/Content/EngineMaterials/Substrate/Glints2/dict_0004_0253.uasset" 7712
"../../../Engine/Content/EngineMaterials/Substrate/Glints2/dict_0004_0254.uasset" 7713
"../../../Engine/Content/EngineMaterials/Substrate/Glints2/dict_0004_0251.uasset" 7714
"../../../Engine/Content/EngineMaterials/Substrate/Glints2/dict_0004_0252.uasset" 7715
"../../../Engine/Content/EngineMaterials/Substrate/Glints2/dict_0004_0250.uasset" 7716
"../../../Engine/Content/EngineMaterials/Substrate/Glints2/dict_0004_0248.uasset" 7717
"../../../Engine/Content/EngineMaterials/Substrate/Glints2/dict_0004_0244.uasset" 7718
"../../../Engine/Content/EngineMaterials/Substrate/Glints2/dict_0004_0245.uasset" 7719
"../../../Engine/Content/EngineMaterials/Substrate/Glints2/dict_0004_0246.uasset" 7720
"/Engine/EngineMaterials/Substrate/Glints2/dict_0005_0000" 7721
"/Engine/EngineMaterials/Substrate/Glints2/dict_0005_0001" 7722
"../../../Engine/Content/EngineMaterials/Substrate/Glints2/dict_0004_0249.uasset" 7723
"/Engine/EngineMaterials/Substrate/Glints2/dict_0005_0002" 7724
"/Engine/EngineMaterials/Substrate/Glints2/dict_0005_0003" 7725
"../../../Engine/Content/EngineMaterials/Substrate/Glints2/dict_0004_0247.uasset" 7726
"/Engine/EngineMaterials/Substrate/Glints2/dict_0004_0244" 7727
"/Engine/EngineMaterials/Substrate/Glints2/dict_0004_0245" 7728
"/Engine/EngineMaterials/Substrate/Glints2/dict_0004_0246" 7729
"/Engine/EngineMaterials/Substrate/Glints2/dict_0004_0252" 7730
"/Engine/EngineMaterials/Substrate/Glints2/dict_0004_0253" 7731
"/Engine/EngineMaterials/Substrate/Glints2/dict_0004_0254" 7732
"/Engine/EngineMaterials/Substrate/Glints2/dict_0004_0248" 7733
"../../../Engine/Content/EngineMaterials/Substrate/Glints2/dict_0004_0243.uasset" 7734
"../../../Engine/Content/EngineMaterials/Substrate/Glints2/dict_0004_0241.uasset" 7735
"/Engine/EngineMaterials/Substrate/Glints2/dict_0004_0250" 7736
"/Engine/EngineMaterials/Substrate/Glints2/dict_0004_0251" 7737
"/Engine/EngineMaterials/Substrate/Glints2/dict_0004_0241" 7738
"../../../Engine/Content/EngineMaterials/Substrate/Glints2/dict_0004_0242.uasset" 7739
"../../../Engine/Content/EngineMaterials/Substrate/Glints2/dict_0004_0240.uasset" 7740
"/Engine/EngineMaterials/Substrate/Glints2/dict_0004_0243" 7741
"/Engine/EngineMaterials/Substrate/Glints2/dict_0004_0247" 7742
"/Engine/EngineMaterials/Substrate/Glints2/dict_0004_0249" 7743
"/Engine/EngineMaterials/Substrate/Glints2/dict_0004_0242" 7744
"/Engine/EngineMaterials/Substrate/Glints2/dict_0004_0240" 7745
"../../../Engine/Content/EngineMaterials/Substrate/Glints2/dict_0005_0247.uasset" 7746
"../../../Engine/Content/EngineMaterials/Substrate/Glints2/dict_0004_0237.uasset" 7747
"../../../Engine/Content/EngineMaterials/Substrate/Glints2/dict_0004_0236.uasset" 7748
"../../../Engine/Content/EngineMaterials/Substrate/Glints2/dict_0004_0239.uasset" 7749
"../../../Engine/Content/EngineMaterials/Substrate/Glints2/dict_0004_0235.uasset" 7750
"../../../Engine/Content/EngineMaterials/Substrate/Glints2/dict_0004_0238.uasset" 7751
"../../../Engine/Content/EngineMaterials/Substrate/Glints2/dict_0004_0234.uasset" 7752
"../../../Engine/Content/EngineMaterials/Substrate/Glints2/dict_0004_0230.uasset" 7753
"../../../Engine/Content/EngineMaterials/Substrate/Glints2/dict_0004_0232.uasset" 7754
"../../../Engine/Content/EngineMaterials/Substrate/Glints2/dict_0004_0229.uasset" 7755
"../../../Engine/Content/EngineMaterials/Substrate/Glints2/dict_0004_0233.uasset" 7756
"../../../Engine/Content/EngineMaterials/Substrate/Glints2/dict_0004_0231.uasset" 7757
"/Engine/EngineMaterials/Substrate/Glints2/dict_0004_0234" 7758
"/Engine/EngineMaterials/Substrate/Glints2/dict_0004_0237" 7759
"/Engine/EngineMaterials/Substrate/Glints2/dict_0004_0229" 7760
"../../../Engine/Content/EngineMaterials/Substrate/Glints2/dict_0004_0227.uasset" 7761
"../../../Engine/Content/EngineMaterials/Substrate/Glints2/dict_0004_0225.uasset" 7762
"../../../Engine/Content/EngineMaterials/Substrate/Glints2/dict_0004_0223.uasset" 7763
"../../../Engine/Content/EngineMaterials/Substrate/Glints2/dict_0004_0224.uasset" 7764
"/Engine/EngineMaterials/Substrate/Glints2/dict_0004_0230" 7765
"/Engine/EngineMaterials/Substrate/Glints2/dict_0004_0238" 7766
"../../../Engine/Content/EngineMaterials/Substrate/Glints2/dict_0004_0226.uasset" 7767
"/Engine/EngineMaterials/Substrate/Glints2/dict_0005_0247" 7768
"/Engine/EngineMaterials/Substrate/Glints2/dict_0004_0239" 7769
"/Engine/EngineMaterials/Substrate/Glints2/dict_0004_0235" 7770
"/Engine/EngineMaterials/Substrate/Glints2/dict_0004_0231" 7771
"../../../Engine/Content/EngineMaterials/Substrate/Glints2/dict_0004_0222.uasset" 7772
"../../../Engine/Content/EngineMaterials/Substrate/Glints2/dict_0004_0219.uasset" 7773
"/Engine/EngineMaterials/Substrate/Glints2/dict_0004_0232" 7774
"/Engine/EngineMaterials/Substrate/Glints2/dict_0004_0233" 7775
"../../../Engine/Content/EngineMaterials/Substrate/Glints2/dict_0004_0221.uasset" 7776
"/Engine/EngineMaterials/Substrate/Glints2/dict_0004_0236" 7777
"/Engine/EngineMaterials/Substrate/Glints2/dict_0004_0221" 7778
"/Engine/EngineMaterials/Substrate/Glints2/dict_0004_0222" 7779
"/Engine/EngineMaterials/Substrate/Glints2/dict_0004_0223" 7780
"/Engine/EngineMaterials/Substrate/Glints2/dict_0004_0224" 7781
"/Engine/EngineMaterials/Substrate/Glints2/dict_0004_0225" 7782
"../../../Engine/Content/EngineMaterials/Substrate/Glints2/dict_0004_0218.uasset" 7783
"../../../Engine/Content/EngineMaterials/Substrate/Glints2/dict_0004_0220.uasset" 7784
"/Engine/EngineMaterials/Substrate/Glints2/dict_0004_0226" 7785
"/Engine/EngineMaterials/Substrate/Glints2/dict_0004_0227" 7786
"/Engine/EngineMaterials/Substrate/Glints2/dict_0004_0219" 7787
"/Engine/EngineMaterials/Substrate/Glints2/dict_0004_0218" 7788
"/Engine/EngineMaterials/Substrate/Glints2/dict_0004_0220" 7789
"../../../Engine/Content/EngineMaterials/Substrate/Glints2/dict_0004_0215.uasset" 7790
"../../../Engine/Content/EngineMaterials/Substrate/Glints2/dict_0004_0217.uasset" 7791
"../../../Engine/Content/EngineMaterials/Substrate/Glints2/dict_0004_0216.uasset" 7792
"../../../Engine/Content/EngineMaterials/Substrate/Glints2/dict_0004_0212.uasset" 7793
"../../../Engine/Content/EngineMaterials/Substrate/Glints2/dict_0004_0214.uasset" 7794
"../../../Engine/Content/EngineMaterials/Substrate/Glints2/dict_0004_0213.uasset" 7795
"../../../Engine/Content/EngineMaterials/Substrate/Glints2/dict_0004_0211.uasset" 7796
"../../../Engine/Content/EngineMaterials/Substrate/Glints2/dict_0004_0210.uasset" 7797
"../../../Engine/Content/EngineMaterials/Substrate/Glints2/dict_0004_0209.uasset" 7798
"../../../Engine/Content/EngineMaterials/Substrate/Glints2/dict_0004_0208.uasset" 7799
"../../../Engine/Content/EngineMaterials/Substrate/Glints2/dict_0004_0207.uasset" 7800
"/Engine/EngineMaterials/Substrate/Glints2/dict_0004_0217" 7801
"/Engine/EngineMaterials/Substrate/Glints2/dict_0004_0215" 7802
"/Engine/EngineMaterials/Substrate/Glints2/dict_0004_0207" 7803
"/Engine/EngineMaterials/Substrate/Glints2/dict_0004_0208" 7804
"/Engine/EngineMaterials/Substrate/Glints2/dict_0004_0209" 7805
"../../../Engine/Content/EngineMaterials/Substrate/Glints2/dict_0004_0205.uasset" 7806
"../../../Engine/Content/EngineMaterials/Substrate/Glints2/dict_0004_0204.uasset" 7807
"../../../Engine/Content/EngineMaterials/Substrate/Glints2/dict_0004_0203.uasset" 7808
"../../../Engine/Content/EngineMaterials/Substrate/Glints2/dict_0004_0206.uasset" 7809
"/Engine/EngineMaterials/Substrate/Glints2/dict_0004_0210" 7810
"../../../Engine/Content/EngineMaterials/Substrate/Glints2/dict_0004_0202.uasset" 7811
"../../../Engine/Content/EngineMaterials/Substrate/Glints2/dict_0004_0200.uasset" 7812
"/Engine/EngineMaterials/Substrate/Glints2/dict_0004_0211" 7813
"/Engine/EngineMaterials/Substrate/Glints2/dict_0004_0212" 7814
"../../../Engine/Content/EngineMaterials/Substrate/Glints2/dict_0004_0201.uasset" 7815
"/Engine/EngineMaterials/Substrate/Glints2/dict_0004_0213" 7816
"/Engine/EngineMaterials/Substrate/Glints2/dict_0004_0214" 7817
"/Engine/EngineMaterials/Substrate/Glints2/dict_0004_0216" 7818
"/Engine/EngineMaterials/Substrate/Glints2/dict_0004_0203" 7819
"/Engine/EngineMaterials/Substrate/Glints2/dict_0004_0204" 7820
"/Engine/EngineMaterials/Substrate/Glints2/dict_0004_0200" 7821
"../../../Engine/Content/EngineMaterials/Substrate/Glints2/dict_0004_0199.uasset" 7822
"../../../Engine/Content/EngineMaterials/Substrate/Glints2/dict_0004_0198.uasset" 7823
"../../../Engine/Content/EngineMaterials/Substrate/Glints2/dict_0004_0197.uasset" 7824
"/Engine/EngineMaterials/Substrate/Glints2/dict_0004_0201" 7825
"/Engine/EngineMaterials/Substrate/Glints2/dict_0004_0202" 7826
"../../../Engine/Content/EngineMaterials/Substrate/Glints2/dict_0004_0196.uasset" 7827
"/Engine/EngineMaterials/Substrate/Glints2/dict_0004_0205" 7828
"/Engine/EngineMaterials/Substrate/Glints2/dict_0004_0206" 7829
"/Engine/EngineMaterials/Substrate/Glints2/dict_0004_0196" 7830
"/Engine/EngineMaterials/Substrate/Glints2/dict_0004_0197" 7831
"/Engine/EngineMaterials/Substrate/Glints2/dict_0004_0198" 7832
"/Engine/EngineMaterials/Substrate/Glints2/dict_0004_0199" 7833
"../../../Engine/Content/EngineMaterials/Substrate/Glints2/dict_0004_0194.uasset" 7834
"../../../Engine/Content/EngineMaterials/Substrate/Glints2/dict_0004_0195.uasset" 7835
"../../../Engine/Content/EngineMaterials/Substrate/Glints2/dict_0004_0190.uasset" 7836
"../../../Engine/Content/EngineMaterials/Substrate/Glints2/dict_0004_0189.uasset" 7837
"../../../Engine/Content/EngineMaterials/Substrate/Glints2/dict_0004_0193.uasset" 7838
"../../../Engine/Content/EngineMaterials/Substrate/Glints2/dict_0004_0192.uasset" 7839
"../../../Engine/Content/EngineMaterials/Substrate/Glints2/dict_0004_0187.uasset" 7840
"../../../Engine/Content/EngineMaterials/Substrate/Glints2/dict_0004_0191.uasset" 7841
"../../../Engine/Content/EngineMaterials/Substrate/Glints2/dict_0004_0188.uasset" 7842
"../../../Engine/Content/EngineMaterials/Substrate/Glints2/dict_0004_0186.uasset" 7843
"../../../Engine/Content/EngineMaterials/Substrate/Glints2/dict_0004_0185.uasset" 7844
"../../../Engine/Content/EngineMaterials/Substrate/Glints2/dict_0004_0183.uasset" 7845
"../../../Engine/Content/EngineMaterials/Substrate/Glints2/dict_0004_0184.uasset" 7846
"/Engine/EngineMaterials/Substrate/Glints2/dict_0004_0195" 7847
"../../../Engine/Content/EngineMaterials/Substrate/Glints2/dict_0004_0179.uasset" 7848
"../../../Engine/Content/EngineMaterials/Substrate/Glints2/dict_0004_0180.uasset" 7849
"../../../Engine/Content/EngineMaterials/Substrate/Glints2/dict_0004_0182.uasset" 7850
"/Engine/EngineMaterials/Substrate/Glints2/dict_0004_0193" 7851
"/Engine/EngineMaterials/Substrate/Glints2/dict_0004_0185" 7852
"../../../Engine/Content/EngineMaterials/Substrate/Glints2/dict_0004_0181.uasset" 7853
"/Engine/EngineMaterials/Substrate/Glints2/dict_0004_0186" 7854
"/Engine/EngineMaterials/Substrate/Glints2/dict_0004_0187" 7855
"/Engine/EngineMaterials/Substrate/Glints2/dict_0004_0188" 7856
"/Engine/EngineMaterials/Substrate/Glints2/dict_0004_0194" 7857
"/Engine/EngineMaterials/Substrate/Glints2/dict_0004_0189" 7858
"../../../Engine/Content/EngineMaterials/Substrate/Glints2/dict_0004_0178.uasset" 7859
"../../../Engine/Content/EngineMaterials/Substrate/Glints2/dict_0004_0177.uasset" 7860
"/Engine/EngineMaterials/Substrate/Glints2/dict_0004_0190" 7861
"../../../Engine/Content/EngineMaterials/Substrate/Glints2/dict_0004_0176.uasset" 7862
"/Engine/EngineMaterials/Substrate/Glints2/dict_0004_0191" 7863
"/Engine/EngineMaterials/Substrate/Glints2/dict_0004_0192" 7864
"/Engine/EngineMaterials/Substrate/Glints2/dict_0004_0182" 7865
"../../../Engine/Content/EngineMaterials/Substrate/Glints2/dict_0004_0174.uasset" 7866
"/Engine/EngineMaterials/Substrate/Glints2/dict_0004_0183" 7867
"../../../Engine/Content/EngineMaterials/Substrate/Glints2/dict_0004_0172.uasset" 7868
"../../../Engine/Content/EngineMaterials/Substrate/Glints2/dict_0004_0173.uasset" 7869
"../../../Engine/Content/EngineMaterials/Substrate/Glints2/dict_0004_0171.uasset" 7870
"../../../Engine/Content/EngineMaterials/Substrate/Glints2/dict_0004_0175.uasset" 7871
"/Engine/EngineMaterials/Substrate/Glints2/dict_0004_0176" 7872
"/Engine/EngineMaterials/Substrate/Glints2/dict_0004_0177" 7873
"/Engine/EngineMaterials/Substrate/Glints2/dict_0004_0178" 7874
"/Engine/EngineMaterials/Substrate/Glints2/dict_0004_0179" 7875
"/Engine/EngineMaterials/Substrate/Glints2/dict_0004_0180" 7876
"/Engine/EngineMaterials/Substrate/Glints2/dict_0004_0181" 7877
"/Engine/EngineMaterials/Substrate/Glints2/dict_0004_0184" 7878
"/Engine/EngineMaterials/Substrate/Glints2/dict_0004_0171" 7879
"/Engine/EngineMaterials/Substrate/Glints2/dict_0004_0172" 7880
"/Engine/EngineMaterials/Substrate/Glints2/dict_0004_0173" 7881
"/Engine/EngineMaterials/Substrate/Glints2/dict_0004_0175" 7882
"/Engine/EngineMaterials/Substrate/Glints2/dict_0004_0174" 7883
"../../../Engine/Content/EngineMaterials/Substrate/Glints2/dict_0004_0161.uasset" 7884
"../../../Engine/Content/EngineMaterials/Substrate/Glints2/dict_0004_0164.uasset" 7885
"../../../Engine/Content/EngineMaterials/Substrate/Glints2/dict_0004_0166.uasset" 7886
"../../../Engine/Content/EngineMaterials/Substrate/Glints2/dict_0004_0165.uasset" 7887
"../../../Engine/Content/EngineMaterials/Substrate/Glints2/dict_0004_0162.uasset" 7888
"../../../Engine/Content/EngineMaterials/Substrate/Glints2/dict_0004_0163.uasset" 7889
"../../../Engine/Content/EngineMaterials/Substrate/Glints2/dict_0004_0170.uasset" 7890
"../../../Engine/Content/EngineMaterials/Substrate/Glints2/dict_0004_0160.uasset" 7891
"../../../Engine/Content/EngineMaterials/Substrate/Glints2/dict_0004_0167.uasset" 7892
"../../../Engine/Content/EngineMaterials/Substrate/Glints2/dict_0004_0169.uasset" 7893
"../../../Engine/Content/EngineMaterials/Substrate/Glints2/dict_0004_0168.uasset" 7894
"/Engine/EngineMaterials/Substrate/Glints2/dict_0004_0160" 7895
"/Engine/EngineMaterials/Substrate/Glints2/dict_0004_0161" 7896
"/Engine/EngineMaterials/Substrate/Glints2/dict_0004_0162" 7897
"../../../Engine/Content/EngineMaterials/Substrate/Glints2/dict_0004_0151.uasset" 7898
"../../../Engine/Content/EngineMaterials/Substrate/Glints2/dict_0004_0156.uasset" 7899
"/Engine/EngineMaterials/Substrate/Glints2/dict_0004_0163" 7900
"../../../Engine/Content/EngineMaterials/Substrate/Glints2/dict_0004_0157.uasset" 7901
"../../../Engine/Content/EngineMaterials/Substrate/Glints2/dict_0004_0152.uasset" 7902
"/Engine/EngineMaterials/Substrate/Glints2/dict_0004_0164" 7903
"../../../Engine/Content/EngineMaterials/Substrate/Glints2/dict_0004_0158.uasset" 7904
"../../../Engine/Content/EngineMaterials/Substrate/Glints2/dict_0004_0153.uasset" 7905
"/Engine/EngineMaterials/Substrate/Glints2/dict_0004_0165" 7906
"/Engine/EngineMaterials/Substrate/Glints2/dict_0004_0166" 7907
"/Engine/EngineMaterials/Substrate/Glints2/dict_0004_0167" 7908
"../../../Engine/Content/EngineMaterials/Substrate/Glints2/dict_0004_0155.uasset" 7909
"../../../Engine/Content/EngineMaterials/Substrate/Glints2/dict_0004_0159.uasset" 7910
"/Engine/EngineMaterials/Substrate/Glints2/dict_0004_0168" 7911
"../../../Engine/Content/EngineMaterials/Substrate/Glints2/dict_0004_0154.uasset" 7912
"../../../Engine/Content/EngineMaterials/Substrate/Glints2/dict_0004_0150.uasset" 7913
"/Engine/EngineMaterials/Substrate/Glints2/dict_0004_0169" 7914
"/Engine/EngineMaterials/Substrate/Glints2/dict_0004_0170" 7915
"/Engine/EngineMaterials/Substrate/Glints2/dict_0004_0151" 7916
"/Engine/EngineMaterials/Substrate/Glints2/dict_0004_0152" 7917
"/Engine/EngineMaterials/Substrate/Glints2/dict_0004_0150" 7918
"/Engine/EngineMaterials/Substrate/Glints2/dict_0004_0153" 7919
"../../../Engine/Content/EngineMaterials/Substrate/Glints2/dict_0004_0149.uasset" 7920
"/Engine/EngineMaterials/Substrate/Glints2/dict_0004_0154" 7921
"/Engine/EngineMaterials/Substrate/Glints2/dict_0004_0155" 7922
"/Engine/EngineMaterials/Substrate/Glints2/dict_0004_0156" 7923
"/Engine/EngineMaterials/Substrate/Glints2/dict_0004_0157" 7924
"/Engine/EngineMaterials/Substrate/Glints2/dict_0004_0158" 7925
"/Engine/EngineMaterials/Substrate/Glints2/dict_0004_0159" 7926
"/Engine/EngineMaterials/Substrate/Glints2/dict_0004_0149" 7927
"../../../Engine/Content/EngineMaterials/Substrate/Glints2/dict_0004_0147.uasset" 7928
"../../../Engine/Content/EngineMaterials/Substrate/Glints2/dict_0004_0148.uasset" 7929
"../../../Engine/Content/EngineMaterials/Substrate/Glints2/dict_0004_0146.uasset" 7930
"../../../Engine/Content/EngineMaterials/Substrate/Glints2/dict_0004_0144.uasset" 7931
"../../../Engine/Content/EngineMaterials/Substrate/Glints2/dict_0004_0143.uasset" 7932
"../../../Engine/Content/EngineMaterials/Substrate/Glints2/dict_0004_0141.uasset" 7933
"../../../Engine/Content/EngineMaterials/Substrate/Glints2/dict_0004_0145.uasset" 7934
"../../../Engine/Content/EngineMaterials/Substrate/Glints2/dict_0004_0140.uasset" 7935
"../../../Engine/Content/EngineMaterials/Substrate/Glints2/dict_0004_0139.uasset" 7936
"../../../Engine/Content/EngineMaterials/Substrate/Glints2/dict_0004_0138.uasset" 7937
"../../../Engine/Content/EngineMaterials/Substrate/Glints2/dict_0004_0142.uasset" 7938
"/Engine/EngineMaterials/Substrate/Glints2/dict_0004_0146" 7939
"/Engine/EngineMaterials/Substrate/Glints2/dict_0004_0147" 7940
"/Engine/EngineMaterials/Substrate/Glints2/dict_0004_0148" 7941
"/Engine/EngineMaterials/Substrate/Glints2/dict_0004_0138" 7942
"/Engine/EngineMaterials/Substrate/Glints2/dict_0004_0139" 7943
"../../../Engine/Content/EngineMaterials/Substrate/Glints2/dict_0004_0132.uasset" 7944
"../../../Engine/Content/EngineMaterials/Substrate/Glints2/dict_0004_0136.uasset" 7945
"../../../Engine/Content/EngineMaterials/Substrate/Glints2/dict_0004_0135.uasset" 7946
"../../../Engine/Content/EngineMaterials/Substrate/Glints2/dict_0004_0137.uasset" 7947
"../../../Engine/Content/EngineMaterials/Substrate/Glints2/dict_0004_0134.uasset" 7948
"/Engine/EngineMaterials/Substrate/Glints2/dict_0004_0140" 7949
"../../../Engine/Content/EngineMaterials/Substrate/Glints2/dict_0004_0133.uasset" 7950
"../../../Engine/Content/EngineMaterials/Substrate/Glints2/dict_0004_0131.uasset" 7951
"/Engine/EngineMaterials/Substrate/Glints2/dict_0004_0141" 7952
"/Engine/EngineMaterials/Substrate/Glints2/dict_0004_0142" 7953
"/Engine/EngineMaterials/Substrate/Glints2/dict_0004_0143" 7954
"/Engine/EngineMaterials/Substrate/Glints2/dict_0004_0144" 7955
"/Engine/EngineMaterials/Substrate/Glints2/dict_0004_0145" 7956
"/Engine/EngineMaterials/Substrate/Glints2/dict_0004_0135" 7957
"/Engine/EngineMaterials/Substrate/Glints2/dict_0004_0136" 7958
"/Engine/EngineMaterials/Substrate/Glints2/dict_0004_0131" 7959
"/Engine/EngineMaterials/Substrate/Glints2/dict_0004_0132" 7960
"../../../Engine/Content/EngineMaterials/Substrate/Glints2/dict_0004_0129.uasset" 7961
"../../../Engine/Content/EngineMaterials/Substrate/Glints2/dict_0004_0128.uasset" 7962
"../../../Engine/Content/EngineMaterials/Substrate/Glints2/dict_0004_0127.uasset" 7963
"../../../Engine/Content/EngineMaterials/Substrate/Glints2/dict_0004_0130.uasset" 7964
"/Engine/EngineMaterials/Substrate/Glints2/dict_0004_0133" 7965
"/Engine/EngineMaterials/Substrate/Glints2/dict_0004_0134" 7966
"/Engine/EngineMaterials/Substrate/Glints2/dict_0004_0137" 7967
"/Engine/EngineMaterials/Substrate/Glints2/dict_0004_0127" 7968
"/Engine/EngineMaterials/Substrate/Glints2/dict_0004_0128" 7969
"/Engine/EngineMaterials/Substrate/Glints2/dict_0004_0129" 7970
"/Engine/EngineMaterials/Substrate/Glints2/dict_0004_0130" 7971
"../../../Engine/Content/EngineMaterials/Substrate/Glints2/dict_0004_0124.uasset" 7972
"../../../Engine/Content/EngineMaterials/Substrate/Glints2/dict_0004_0126.uasset" 7973
"../../../Engine/Content/EngineMaterials/Substrate/Glints2/dict_0004_0125.uasset" 7974
"../../../Engine/Content/EngineMaterials/Substrate/Glints2/dict_0005_0220.uasset" 7975
"../../../Engine/Content/EngineMaterials/Substrate/Glints2/dict_0005_0066.uasset" 7976
"../../../Engine/Content/EngineMaterials/Substrate/Glints2/dict_0004_0120.uasset" 7977
"../../../Engine/Content/EngineMaterials/Substrate/Glints2/dict_0004_0123.uasset" 7978
"../../../Engine/Content/EngineMaterials/Substrate/Glints2/dict_0004_0116.uasset" 7979
"../../../Engine/Content/EngineMaterials/Substrate/Glints2/dict_0004_0121.uasset" 7980
"../../../Engine/Content/EngineMaterials/Substrate/Glints2/dict_0004_0122.uasset" 7981
"../../../Engine/Content/EngineMaterials/Substrate/Glints2/dict_0004_0119.uasset" 7982
"../../../Engine/Content/EngineMaterials/Substrate/Glints2/dict_0004_0117.uasset" 7983
"../../../Engine/Content/EngineMaterials/Substrate/Glints2/dict_0004_0118.uasset" 7984
"/Engine/EngineMaterials/Substrate/Glints2/dict_0004_0125" 7985
"/Engine/EngineMaterials/Substrate/Glints2/dict_0005_0066" 7986
"../../../Engine/Content/EngineMaterials/Substrate/Glints2/dict_0004_0115.uasset" 7987
"../../../Engine/Content/EngineMaterials/Substrate/Glints2/dict_0004_0114.uasset" 7988
"../../../Engine/Content/EngineMaterials/Substrate/Glints2/dict_0004_0113.uasset" 7989
"/Engine/EngineMaterials/Substrate/Glints2/dict_0004_0124" 7990
"/Engine/EngineMaterials/Substrate/Glints2/dict_0005_0220" 7991
"/Engine/EngineMaterials/Substrate/Glints2/dict_0004_0126" 7992
"/Engine/EngineMaterials/Substrate/Glints2/dict_0004_0116" 7993
"../../../Engine/Content/EngineMaterials/Substrate/Glints2/dict_0004_0110.uasset" 7994
"../../../Engine/Content/EngineMaterials/Substrate/Glints2/dict_0004_0107.uasset" 7995
"../../../Engine/Content/EngineMaterials/Substrate/Glints2/dict_0004_0105.uasset" 7996
"../../../Engine/Content/EngineMaterials/Substrate/Glints2/dict_0004_0109.uasset" 7997
"/Engine/EngineMaterials/Substrate/Glints2/dict_0004_0117" 7998
"/Engine/EngineMaterials/Substrate/Glints2/dict_0004_0118" 7999
"/Engine/EngineMaterials/Substrate/Glints2/dict_0004_0119" 8000
"/Engine/EngineMaterials/Substrate/Glints2/dict_0004_0120" 8001
"/Engine/EngineMaterials/Substrate/Glints2/dict_0004_0121" 8002
"../../../Engine/Content/EngineMaterials/Substrate/Glints2/dict_0004_0104.uasset" 8003
"../../../Engine/Content/EngineMaterials/Substrate/Glints2/dict_0004_0108.uasset" 8004
"/Engine/EngineMaterials/Substrate/Glints2/dict_0004_0122" 8005
"/Engine/EngineMaterials/Substrate/Glints2/dict_0004_0123" 8006
"/Engine/EngineMaterials/Substrate/Glints2/dict_0004_0113" 8007
"/Engine/EngineMaterials/Substrate/Glints2/dict_0004_0114" 8008
"/Engine/EngineMaterials/Substrate/Glints2/dict_0004_0115" 8009
"../../../Engine/Content/EngineMaterials/Substrate/Glints2/dict_0004_0103.uasset" 8010
"/Engine/EngineMaterials/Substrate/Glints2/dict_0004_0107" 8011
"/Engine/EngineMaterials/Substrate/Glints2/dict_0004_0104" 8012
"/Engine/EngineMaterials/Substrate/Glints2/dict_0004_0105" 8013
"/Engine/EngineMaterials/Substrate/Glints2/dict_0004_0108" 8014
"/Engine/EngineMaterials/Substrate/Glints2/dict_0004_0109" 8015
"/Engine/EngineMaterials/Substrate/Glints2/dict_0004_0110" 8016
"/Engine/EngineMaterials/Substrate/Glints2/dict_0004_0103" 8017
"../../../Engine/Content/EngineMaterials/Substrate/Glints2/dict_0004_0102.uasset" 8018
"../../../Engine/Content/EngineMaterials/Substrate/Glints2/dict_0004_0100.uasset" 8019
"../../../Engine/Content/EngineMaterials/Substrate/Glints2/dict_0004_0095.uasset" 8020
"../../../Engine/Content/EngineMaterials/Substrate/Glints2/dict_0004_0094.uasset" 8021
"../../../Engine/Content/EngineMaterials/Substrate/Glints2/dict_0004_0096.uasset" 8022
"../../../Engine/Content/EngineMaterials/Substrate/Glints2/dict_0004_0097.uasset" 8023
"../../../Engine/Content/EngineMaterials/Substrate/Glints2/dict_0004_0101.uasset" 8024
"../../../Engine/Content/EngineMaterials/Substrate/Glints2/dict_0004_0099.uasset" 8025
"../../../Engine/Content/EngineMaterials/Substrate/Glints2/dict_0004_0098.uasset" 8026
"/Engine/EngineMaterials/Substrate/Glints2/dict_0004_0102" 8027
"/Engine/EngineMaterials/Substrate/Glints2/dict_0004_0094" 8028
"/Engine/EngineMaterials/Substrate/Glints2/dict_0004_0095" 8029
"/Engine/EngineMaterials/Substrate/Glints2/dict_0004_0096" 8030
"/Engine/EngineMaterials/Substrate/Glints2/dict_0004_0097" 8031
"/Engine/EngineMaterials/Substrate/Glints2/dict_0004_0098" 8032
"/Engine/EngineMaterials/Substrate/Glints2/dict_0004_0099" 8033
"/Engine/EngineMaterials/Substrate/Glints2/dict_0004_0100" 8034
"/Engine/EngineMaterials/Substrate/Glints2/dict_0004_0101" 8035
"../../../Engine/Content/EngineMaterials/Substrate/Glints2/dict_0004_0093.uasset" 8036
"../../../Engine/Content/EngineMaterials/Substrate/Glints2/dict_0004_0091.uasset" 8037
"../../../Engine/Content/EngineMaterials/Substrate/Glints2/dict_0004_0090.uasset" 8038
"../../../Engine/Content/EngineMaterials/Substrate/Glints2/dict_0004_0092.uasset" 8039
"../../../Engine/Content/EngineMaterials/Substrate/Glints2/dict_0004_0085.uasset" 8040
"../../../Engine/Content/EngineMaterials/Substrate/Glints2/dict_0004_0087.uasset" 8041
"../../../Engine/Content/EngineMaterials/Substrate/Glints2/dict_0004_0086.uasset" 8042
"../../../Engine/Content/EngineMaterials/Substrate/Glints2/dict_0004_0088.uasset" 8043
"../../../Engine/Content/EngineMaterials/Substrate/Glints2/dict_0004_0089.uasset" 8044
"../../../Engine/Content/EngineMaterials/Substrate/Glints2/dict_0004_0082.uasset" 8045
"../../../Engine/Content/EngineMaterials/Substrate/Glints2/dict_0004_0083.uasset" 8046
"../../../Engine/Content/EngineMaterials/Substrate/Glints2/dict_0004_0084.uasset" 8047
"/Engine/EngineMaterials/Substrate/Glints2/dict_0004_0089" 8048
"/Engine/EngineMaterials/Substrate/Glints2/dict_0004_0090" 8049
"../../../Engine/Content/EngineMaterials/Substrate/Glints2/dict_0004_0079.uasset" 8050
"../../../Engine/Content/EngineMaterials/Substrate/Glints2/dict_0004_0077.uasset" 8051
"../../../Engine/Content/EngineMaterials/Substrate/Glints2/dict_0004_0078.uasset" 8052
"../../../Engine/Content/EngineMaterials/Substrate/Glints2/dict_0004_0080.uasset" 8053
"../../../Engine/Content/EngineMaterials/Substrate/Glints2/dict_0004_0076.uasset" 8054
"../../../Engine/Content/EngineMaterials/Substrate/Glints2/dict_0004_0081.uasset" 8055
"/Engine/EngineMaterials/Substrate/Glints2/dict_0004_0091" 8056
"/Engine/EngineMaterials/Substrate/Glints2/dict_0004_0092" 8057
"/Engine/EngineMaterials/Substrate/Glints2/dict_0004_0093" 8058
"/Engine/EngineMaterials/Substrate/Glints2/dict_0004_0083" 8059
"/Engine/EngineMaterials/Substrate/Glints2/dict_0004_0084" 8060
"/Engine/EngineMaterials/Substrate/Glints2/dict_0004_0085" 8061
"/Engine/EngineMaterials/Substrate/Glints2/dict_0004_0086" 8062
"/Engine/EngineMaterials/Substrate/Glints2/dict_0004_0087" 8063
"../../../Engine/Content/EngineMaterials/Substrate/Glints2/dict_0005_0062.uasset" 8064
"/Engine/EngineMaterials/Substrate/Glints2/dict_0004_0088" 8065
"/Engine/EngineMaterials/Substrate/Glints2/dict_0004_0080" 8066
"/Engine/EngineMaterials/Substrate/Glints2/dict_0004_0081" 8067
"/Engine/EngineMaterials/Substrate/Glints2/dict_0004_0082" 8068
"/Engine/EngineMaterials/Substrate/Glints2/dict_0004_0079" 8069
"../../../Engine/Content/EngineMaterials/Substrate/Glints2/dict_0004_0074.uasset" 8070
"../../../Engine/Content/EngineMaterials/Substrate/Glints2/dict_0004_0075.uasset" 8071
"../../../Engine/Content/EngineMaterials/Substrate/Glints2/dict_0004_0073.uasset" 8072
"/Engine/EngineMaterials/Substrate/Glints2/dict_0004_0076" 8073
"/Engine/EngineMaterials/Substrate/Glints2/dict_0004_0077" 8074
"/Engine/EngineMaterials/Substrate/Glints2/dict_0004_0078" 8075
"/Engine/EngineMaterials/Substrate/Glints2/dict_0005_0062" 8076
"/Engine/EngineMaterials/Substrate/Glints2/dict_0004_0073" 8077
"/Engine/EngineMaterials/Substrate/Glints2/dict_0004_0074" 8078
"/Engine/EngineMaterials/Substrate/Glints2/dict_0004_0075" 8079
"../../../Engine/Content/EngineMaterials/Substrate/Glints2/dict_0004_0070.uasset" 8080
"../../../Engine/Content/EngineMaterials/Substrate/Glints2/dict_0005_0088.uasset" 8081
"../../../Engine/Content/EngineMaterials/Substrate/Glints2/dict_0004_0071.uasset" 8082
"../../../Engine/Content/EngineMaterials/Substrate/Glints2/dict_0004_0072.uasset" 8083
"../../../Engine/Content/EngineMaterials/Substrate/Glints2/dict_0005_0255.uasset" 8084
"../../../Engine/Content/EngineMaterials/Substrate/Glints2/dict_0004_0063.uasset" 8085
"../../../Engine/Content/EngineMaterials/Substrate/Glints2/dict_0004_0069.uasset" 8086
"../../../Engine/Content/EngineMaterials/Substrate/Glints2/dict_0004_0067.uasset" 8087
"../../../Engine/Content/EngineMaterials/Substrate/Glints2/dict_0004_0065.uasset" 8088
"../../../Engine/Content/EngineMaterials/Substrate/Glints2/dict_0004_0066.uasset" 8089
"../../../Engine/Content/EngineMaterials/Substrate/Glints2/dict_0004_0064.uasset" 8090
"../../../Engine/Content/EngineMaterials/Substrate/Glints2/dict_0004_0068.uasset" 8091
"../../../Engine/Content/EngineMaterials/Substrate/Glints2/dict_0004_0228.uasset" 8092
"../../../Engine/Content/EngineMaterials/Substrate/Glints2/dict_0004_0061.uasset" 8093
"../../../Engine/Content/EngineMaterials/Substrate/Glints2/dict_0004_0059.uasset" 8094
"../../../Engine/Content/EngineMaterials/Substrate/Glints2/dict_0004_0060.uasset" 8095
"../../../Engine/Content/EngineMaterials/Substrate/Glints2/dict_0004_0062.uasset" 8096
"/Engine/EngineMaterials/Substrate/Glints2/dict_0004_0059" 8097
"../../../Engine/Content/EngineMaterials/Substrate/Glints2/dict_0004_0057.uasset" 8098
"../../../Engine/Content/EngineMaterials/Substrate/Glints2/dict_0004_0053.uasset" 8099
"../../../Engine/Content/EngineMaterials/Substrate/Glints2/dict_0004_0058.uasset" 8100
"../../../Engine/Content/EngineMaterials/Substrate/Glints2/dict_0004_0054.uasset" 8101
"../../../Engine/Content/EngineMaterials/Substrate/Glints2/dict_0004_0051.uasset" 8102
"../../../Engine/Content/EngineMaterials/Substrate/Glints2/dict_0004_0052.uasset" 8103
"../../../Engine/Content/EngineMaterials/Substrate/Glints2/dict_0004_0056.uasset" 8104
"../../../Engine/Content/EngineMaterials/Substrate/Glints2/dict_0004_0055.uasset" 8105
"../../../Engine/Content/EngineMaterials/Substrate/Glints2/dict_0004_0106.uasset" 8106
"/Engine/EngineMaterials/Substrate/Glints2/dict_0005_0088" 8107
"/Engine/EngineMaterials/Substrate/Glints2/dict_0004_0060" 8108
"/Engine/EngineMaterials/Substrate/Glints2/dict_0004_0061" 8109
"../../../Engine/Content/EngineMaterials/Substrate/Glints2/dict_0004_0050.uasset" 8110
"../../../Engine/Content/EngineMaterials/Substrate/Glints2/dict_0004_0048.uasset" 8111
"/Engine/EngineMaterials/Substrate/Glints2/dict_0004_0062" 8112
"../../../Engine/Content/EngineMaterials/Substrate/Glints2/dict_0004_0049.uasset" 8113
"/Engine/EngineMaterials/Substrate/Glints2/dict_0004_0063" 8114
"/Engine/EngineMaterials/Substrate/Glints2/dict_0004_0064" 8115
"../../../Engine/Content/EngineMaterials/Substrate/Glints2/dict_0004_0111.uasset" 8116
"/Engine/EngineMaterials/Substrate/Glints2/dict_0004_0070" 8117
"/Engine/EngineMaterials/Substrate/Glints2/dict_0004_0065" 8118
"/Engine/EngineMaterials/Substrate/Glints2/dict_0004_0066" 8119
"/Engine/EngineMaterials/Substrate/Glints2/dict_0004_0067" 8120
"/Engine/EngineMaterials/Substrate/Glints2/dict_0004_0228" 8121
"/Engine/EngineMaterials/Substrate/Glints2/dict_0004_0068" 8122
"/Engine/EngineMaterials/Substrate/Glints2/dict_0004_0069" 8123
"/Engine/EngineMaterials/Substrate/Glints2/dict_0004_0071" 8124
"/Engine/EngineMaterials/Substrate/Glints2/dict_0004_0072" 8125
"/Engine/EngineMaterials/Substrate/Glints2/dict_0005_0255" 8126
"/Engine/EngineMaterials/Substrate/Glints2/dict_0004_0106" 8127
"/Engine/EngineMaterials/Substrate/Glints2/dict_0004_0051" 8128
"/Engine/EngineMaterials/Substrate/Glints2/dict_0004_0052" 8129
"/Engine/EngineMaterials/Substrate/Glints2/dict_0004_0053" 8130
"/Engine/EngineMaterials/Substrate/Glints2/dict_0004_0054" 8131
"/Engine/EngineMaterials/Substrate/Glints2/dict_0004_0111" 8132
"/Engine/EngineMaterials/Substrate/Glints2/dict_0004_0048" 8133
"/Engine/EngineMaterials/Substrate/Glints2/dict_0004_0049" 8134
"/Engine/EngineMaterials/Substrate/Glints2/dict_0004_0050" 8135
"/Engine/EngineMaterials/Substrate/Glints2/dict_0004_0055" 8136
"/Engine/EngineMaterials/Substrate/Glints2/dict_0004_0056" 8137
"/Engine/EngineMaterials/Substrate/Glints2/dict_0004_0057" 8138
"/Engine/EngineMaterials/Substrate/Glints2/dict_0004_0058" 8139
"../../../Engine/Content/EngineMaterials/Substrate/Glints2/dict_0004_0043.uasset" 8140
"../../../Engine/Content/EngineMaterials/Substrate/Glints2/dict_0004_0045.uasset" 8141
"../../../Engine/Content/EngineMaterials/Substrate/Glints2/dict_0004_0038.uasset" 8142
"../../../Engine/Content/EngineMaterials/Substrate/Glints2/dict_0004_0044.uasset" 8143
"/Engine/EngineMaterials/Substrate/Glints2/dict_0004_0038" 8144
"/Engine/EngineMaterials/Substrate/Glints2/dict_0004_0043" 8145
"../../../Engine/Content/EngineMaterials/Substrate/Glints2/dict_0004_0034.uasset" 8146
"../../../Engine/Content/EngineMaterials/Substrate/Glints2/dict_0004_0036.uasset" 8147
"/Engine/EngineMaterials/Substrate/Glints2/dict_0004_0044" 8148
"/Engine/EngineMaterials/Substrate/Glints2/dict_0004_0045" 8149
"/Engine/EngineMaterials/Substrate/Glints2/dict_0004_0034" 8150
"/Engine/EngineMaterials/Substrate/Glints2/dict_0004_0036" 8151
"../../../Engine/Content/EngineMaterials/Substrate/Glints2/dict_0004_0032.uasset" 8152
"../../../Engine/Content/EngineMaterials/Substrate/Glints2/dict_0004_0039.uasset" 8153
"../../../Engine/Content/EngineMaterials/Substrate/Glints2/dict_0004_0029.uasset" 8154
"../../../Engine/Content/EngineMaterials/Substrate/Glints2/dict_0004_0046.uasset" 8155
"../../../Engine/Content/EngineMaterials/Substrate/Glints2/dict_0004_0042.uasset" 8156
"../../../Engine/Content/EngineMaterials/Substrate/Glints2/dict_0004_0028.uasset" 8157
"../../../Engine/Content/EngineMaterials/Substrate/Glints2/dict_0004_0040.uasset" 8158
"../../../Engine/Content/EngineMaterials/Substrate/Glints2/dict_0004_0037.uasset" 8159
"../../../Engine/Content/EngineMaterials/Substrate/Glints2/dict_0004_0041.uasset" 8160
"../../../Engine/Content/EngineMaterials/Substrate/Glints2/dict_0004_0047.uasset" 8161
"../../../Engine/Content/EngineMaterials/Substrate/Glints2/dict_0004_0035.uasset" 8162
"../../../Engine/Content/EngineMaterials/Substrate/Glints2/dict_0004_0031.uasset" 8163
"/Engine/EngineMaterials/Substrate/Glints2/dict_0004_0031" 8164
"../../../Engine/Content/EngineMaterials/Substrate/Glints2/dict_0004_0026.uasset" 8165
"/Engine/EngineMaterials/Substrate/Glints2/dict_0004_0032" 8166
"/Engine/EngineMaterials/Substrate/Glints2/dict_0004_0035" 8167
"/Engine/EngineMaterials/Substrate/Glints2/dict_0004_0037" 8168
"/Engine/EngineMaterials/Substrate/Glints2/dict_0004_0039" 8169
"../../../Engine/Content/EngineMaterials/Substrate/Glints2/dict_0004_0033.uasset" 8170
"/Engine/EngineMaterials/Substrate/Glints2/dict_0004_0040" 8171
"../../../Engine/Content/EngineMaterials/Substrate/Glints2/dict_0004_0030.uasset" 8172
"/Engine/EngineMaterials/Substrate/Glints2/dict_0004_0041" 8173
"/Engine/EngineMaterials/Substrate/Glints2/dict_0004_0042" 8174
"../../../Engine/Content/EngineMaterials/Substrate/Glints2/dict_0004_0023.uasset" 8175
"/Engine/EngineMaterials/Substrate/Glints2/dict_0004_0046" 8176
"/Engine/EngineMaterials/Substrate/Glints2/dict_0004_0047" 8177
"/Engine/EngineMaterials/Substrate/Glints2/dict_0004_0028" 8178
"../../../Engine/Content/EngineMaterials/Substrate/Glints2/dict_0004_0020.uasset" 8179
"../../../Engine/Content/EngineMaterials/Substrate/Glints2/dict_0004_0025.uasset" 8180
"../../../Engine/Content/EngineMaterials/Substrate/Glints2/dict_0004_0014.uasset" 8181
"../../../Engine/Content/EngineMaterials/Substrate/Glints2/dict_0004_0015.uasset" 8182
"/Engine/EngineMaterials/Substrate/Glints2/dict_0004_0029" 8183
"/Engine/EngineMaterials/Substrate/Glints2/dict_0004_0020" 8184
"../../../Engine/Content/EngineMaterials/Substrate/Glints2/dict_0004_0024.uasset" 8185
"/Engine/EngineMaterials/Substrate/Glints2/dict_0004_0033" 8186
"/Engine/EngineMaterials/Substrate/Glints2/dict_0004_0014" 8187
"/Engine/EngineMaterials/Substrate/Glints2/dict_0004_0015" 8188
"/Engine/EngineMaterials/Substrate/Glints2/dict_0004_0023" 8189
"/Engine/EngineMaterials/Substrate/Glints2/dict_0004_0025" 8190
"/Engine/EngineMaterials/Substrate/Glints2/dict_0004_0026" 8191
"/Engine/EngineMaterials/Substrate/Glints2/dict_0004_0030" 8192
"/Engine/EngineMaterials/Substrate/Glints2/dict_0004_0024" 8193
"../../../Engine/Content/EngineMaterials/Substrate/Glints2/dict_0004_0013.uasset" 8194
"../../../Engine/Content/EngineMaterials/Substrate/Glints2/dict_0004_0011.uasset" 8195
"../../../Engine/Content/EngineMaterials/Substrate/Glints2/dict_0004_0008.uasset" 8196
"../../../Engine/Content/EngineMaterials/Substrate/Glints2/dict_0004_0027.uasset" 8197
"../../../Engine/Content/EngineMaterials/Substrate/Glints2/dict_0004_0006.uasset" 8198
"../../../Engine/Content/EngineMaterials/Substrate/Glints2/dict_0004_0022.uasset" 8199
"../../../Engine/Content/EngineMaterials/Substrate/Glints2/dict_0004_0010.uasset" 8200
"../../../Engine/Content/EngineMaterials/Substrate/Glints2/dict_0004_0018.uasset" 8201
"../../../Engine/Content/EngineMaterials/Substrate/Glints2/dict_0004_0021.uasset" 8202
"../../../Engine/Content/EngineMaterials/Substrate/Glints2/dict_0004_0019.uasset" 8203
"../../../Engine/Content/EngineMaterials/Substrate/Glints2/dict_0004_0017.uasset" 8204
"../../../Engine/Content/EngineMaterials/Substrate/Glints2/dict_0004_0016.uasset" 8205
"/Engine/EngineMaterials/Substrate/Glints2/dict_0004_0018" 8206
"../../../Engine/Content/EngineMaterials/Substrate/Glints2/dict_0004_0004.uasset" 8207
"/Engine/EngineMaterials/Substrate/Glints2/dict_0004_0019" 8208
"../../../Engine/Content/EngineMaterials/Substrate/Glints2/dict_0004_0012.uasset" 8209
"/Engine/EngineMaterials/Substrate/Glints2/dict_0004_0021" 8210
"/Engine/EngineMaterials/Substrate/Glints2/dict_0004_0013" 8211
"/Engine/EngineMaterials/Substrate/Glints2/dict_0004_0022" 8212
"/Engine/EngineMaterials/Substrate/Glints2/dict_0004_0006" 8213
"/Engine/EngineMaterials/Substrate/Glints2/dict_0004_0016" 8214
"/Engine/EngineMaterials/Substrate/Glints2/dict_0004_0017" 8215
"/Engine/EngineMaterials/Substrate/Glints2/dict_0004_0008" 8216
"../../../Engine/Content/EngineMaterials/Substrate/Glints2/dict_0004_0009.uasset" 8217
"../../../Engine/Content/EngineMaterials/Substrate/Glints2/dict_0004_0003.uasset" 8218
"../../../Engine/Content/EngineMaterials/Substrate/Glints2/dict_0004_0005.uasset" 8219
"/Engine/EngineMaterials/Substrate/Glints2/dict_0004_0027" 8220
"/Engine/EngineMaterials/Substrate/Glints2/dict_0004_0010" 8221
"/Engine/EngineMaterials/Substrate/Glints2/dict_0004_0011" 8222
"../../../Engine/Content/EngineMaterials/Substrate/Glints2/dict_0004_0000.uasset" 8223
"/Engine/EngineMaterials/Substrate/Glints2/dict_0004_0000" 8224
"/Engine/EngineMaterials/Substrate/Glints2/dict_0004_0012" 8225
"/Engine/EngineMaterials/Substrate/Glints2/dict_0004_0003" 8226
"/Engine/EngineMaterials/Substrate/Glints2/dict_0004_0004" 8227
"/Engine/EngineMaterials/Substrate/Glints2/dict_0004_0005" 8228
"/Engine/EngineMaterials/Substrate/Glints2/dict_0004_0009" 8229
"../../../Engine/Content/EngineMaterials/Substrate/Glints2/dict_0003_0255.uasset" 8230
"../../../Engine/Content/EngineMaterials/Substrate/Glints2/dict_0003_0248.uasset" 8231
"../../../Engine/Content/EngineMaterials/Substrate/Glints2/dict_0004_0007.uasset" 8232
"../../../Engine/Content/EngineMaterials/Substrate/Glints2/dict_0003_0252.uasset" 8233
"../../../Engine/Content/EngineMaterials/Substrate/Glints2/dict_0003_0246.uasset" 8234
"../../../Engine/Content/EngineMaterials/Substrate/Glints2/dict_0003_0245.uasset" 8235
"/Engine/EngineMaterials/Substrate/Glints2/dict_0003_0248" 8236
"/Engine/EngineMaterials/Substrate/Glints2/dict_0004_0007" 8237
"/Engine/EngineMaterials/Substrate/Glints2/dict_0003_0252" 8238
"/Engine/EngineMaterials/Substrate/Glints2/dict_0003_0245" 8239
"../../../Engine/Content/EngineMaterials/Substrate/Glints2/dict_0003_0242.uasset" 8240
"/Engine/EngineMaterials/Substrate/Glints2/dict_0003_0246" 8241
"../../../Engine/Content/EngineMaterials/Substrate/Glints2/dict_0003_0249.uasset" 8242
"/Engine/EngineMaterials/Substrate/Glints2/dict_0003_0255" 8243
"../../../Engine/Content/EngineMaterials/Substrate/Glints2/dict_0004_0001.uasset" 8244
"../../../Engine/Content/EngineMaterials/Substrate/Glints2/dict_0003_0254.uasset" 8245
"/Engine/EngineMaterials/Substrate/Glints2/dict_0004_0001" 8246
"/Engine/EngineMaterials/Substrate/Glints2/dict_0003_0249" 8247
"/Engine/EngineMaterials/Substrate/Glints2/dict_0003_0242" 8248
"/Engine/EngineMaterials/Substrate/Glints2/dict_0003_0254" 8249
"../../../Engine/Content/EngineMaterials/Substrate/Glints2/dict_0003_0243.uasset" 8250
"../../../Engine/Content/EngineMaterials/Substrate/Glints2/dict_0003_0241.uasset" 8251
"../../../Engine/Content/EngineMaterials/Substrate/Glints2/dict_0003_0251.uasset" 8252
"../../../Engine/Content/EngineMaterials/Substrate/Glints2/dict_0004_0002.uasset" 8253
"../../../Engine/Content/EngineMaterials/Substrate/Glints2/dict_0003_0238.uasset" 8254
"../../../Engine/Content/EngineMaterials/Substrate/Glints2/dict_0003_0234.uasset" 8255
"/Engine/EngineMaterials/Substrate/Glints2/dict_0004_0002" 8256
"../../../Engine/Content/EngineMaterials/Substrate/Glints2/dict_0003_0232.uasset" 8257
"/Engine/EngineMaterials/Substrate/Glints2/dict_0003_0238" 8258
"../../../Engine/Content/EngineMaterials/Substrate/Glints2/dict_0003_0247.uasset" 8259
"/Engine/EngineMaterials/Substrate/Glints2/dict_0003_0251" 8260
"../../../Engine/Content/EngineMaterials/Substrate/Glints2/dict_0003_0231.uasset" 8261
"../../../Engine/Content/EngineMaterials/Substrate/Glints2/dict_0003_0237.uasset" 8262
"../../../Engine/Content/EngineMaterials/Substrate/Glints2/dict_0003_0244.uasset" 8263
"/Engine/EngineMaterials/Substrate/Glints2/dict_0003_0241" 8264
"/Engine/EngineMaterials/Substrate/Glints2/dict_0003_0243" 8265
"/Engine/EngineMaterials/Substrate/Glints2/dict_0003_0234" 8266
"/Engine/EngineMaterials/Substrate/Glints2/dict_0003_0237" 8267
"/Engine/EngineMaterials/Substrate/Glints2/dict_0003_0231" 8268
"/Engine/EngineMaterials/Substrate/Glints2/dict_0003_0232" 8269
"/Engine/EngineMaterials/Substrate/Glints2/dict_0003_0247" 8270
"/Engine/EngineMaterials/Substrate/Glints2/dict_0003_0244" 8271
"../../../Engine/Content/EngineMaterials/Substrate/Glints2/dict_0003_0236.uasset" 8272
"../../../Engine/Content/EngineMaterials/Substrate/Glints2/dict_0003_0233.uasset" 8273
"../../../Engine/Content/EngineMaterials/Substrate/Glints2/dict_0003_0227.uasset" 8274
"../../../Engine/Content/EngineMaterials/Substrate/Glints2/dict_0003_0250.uasset" 8275
"../../../Engine/Content/EngineMaterials/Substrate/Glints2/dict_0003_0224.uasset" 8276
"../../../Engine/Content/EngineMaterials/Substrate/Glints2/dict_0003_0223.uasset" 8277
"../../../Engine/Content/EngineMaterials/Substrate/Glints2/dict_0003_0228.uasset" 8278
"../../../Engine/Content/EngineMaterials/Substrate/Glints2/dict_0003_0229.uasset" 8279
"../../../Engine/Content/EngineMaterials/Substrate/Glints2/dict_0003_0226.uasset" 8280
"/Engine/EngineMaterials/Substrate/Glints2/dict_0003_0229" 8281
"../../../Engine/Content/EngineMaterials/Substrate/Glints2/dict_0003_0219.uasset" 8282
"/Engine/EngineMaterials/Substrate/Glints2/dict_0003_0236" 8283
"/Engine/EngineMaterials/Substrate/Glints2/dict_0003_0223" 8284
"../../../Engine/Content/EngineMaterials/Substrate/Glints2/dict_0003_0221.uasset" 8285
"/Engine/EngineMaterials/Substrate/Glints2/dict_0003_0250" 8286
"/Engine/EngineMaterials/Substrate/Glints2/dict_0003_0233" 8287
"/Engine/EngineMaterials/Substrate/Glints2/dict_0003_0224" 8288
"../../../Engine/Content/EngineMaterials/Substrate/Glints2/dict_0003_0235.uasset" 8289
"/Engine/EngineMaterials/Substrate/Glints2/dict_0003_0226" 8290
"/Engine/EngineMaterials/Substrate/Glints2/dict_0003_0227" 8291
"../../../Engine/Content/EngineMaterials/Substrate/Glints2/dict_0003_0230.uasset" 8292
"../../../Engine/Content/EngineMaterials/Substrate/Glints2/dict_0003_0220.uasset" 8293
"/Engine/EngineMaterials/Substrate/Glints2/dict_0003_0228" 8294
"/Engine/EngineMaterials/Substrate/Glints2/dict_0003_0220" 8295
"/Engine/EngineMaterials/Substrate/Glints2/dict_0003_0235" 8296
"/Engine/EngineMaterials/Substrate/Glints2/dict_0003_0221" 8297
"/Engine/EngineMaterials/Substrate/Glints2/dict_0003_0230" 8298
"/Engine/EngineMaterials/Substrate/Glints2/dict_0003_0219" 8299
"../../../Engine/Content/EngineMaterials/Substrate/Glints2/dict_0003_0215.uasset" 8300
"../../../Engine/Content/EngineMaterials/Substrate/Glints2/dict_0003_0218.uasset" 8301
"../../../Engine/Content/EngineMaterials/Substrate/Glints2/dict_0003_0214.uasset" 8302
"../../../Engine/Content/EngineMaterials/Substrate/Glints2/dict_0003_0213.uasset" 8303
"../../../Engine/Content/EngineMaterials/Substrate/Glints2/dict_0003_0217.uasset" 8304
"../../../Engine/Content/EngineMaterials/Substrate/Glints2/dict_0003_0211.uasset" 8305
"../../../Engine/Content/EngineMaterials/Substrate/Glints2/dict_0003_0216.uasset" 8306
"../../../Engine/Content/EngineMaterials/Substrate/Glints2/dict_0003_0210.uasset" 8307
"../../../Engine/Content/EngineMaterials/Substrate/Glints2/dict_0003_0208.uasset" 8308
"../../../Engine/Content/EngineMaterials/Substrate/Glints2/dict_0003_0212.uasset" 8309
"../../../Engine/Content/EngineMaterials/Substrate/Glints2/dict_0003_0209.uasset" 8310
"/Engine/EngineMaterials/Substrate/Glints2/dict_0003_0208" 8311
"/Engine/EngineMaterials/Substrate/Glints2/dict_0003_0213" 8312
"/Engine/EngineMaterials/Substrate/Glints2/dict_0003_0214" 8313
"../../../Engine/Content/EngineMaterials/Substrate/Glints2/dict_0003_0207.uasset" 8314
"../../../Engine/Content/EngineMaterials/Substrate/Glints2/dict_0003_0206.uasset" 8315
"../../../Engine/Content/EngineMaterials/Substrate/Glints2/dict_0003_0203.uasset" 8316
"../../../Engine/Content/EngineMaterials/Substrate/Glints2/dict_0003_0204.uasset" 8317
"../../../Engine/Content/EngineMaterials/Substrate/Glints2/dict_0003_0205.uasset" 8318
"/Engine/EngineMaterials/Substrate/Glints2/dict_0003_0209" 8319
"/Engine/EngineMaterials/Substrate/Glints2/dict_0003_0210" 8320
"/Engine/EngineMaterials/Substrate/Glints2/dict_0003_0215" 8321
"/Engine/EngineMaterials/Substrate/Glints2/dict_0003_0216" 8322
"/Engine/EngineMaterials/Substrate/Glints2/dict_0003_0217" 8323
"/Engine/EngineMaterials/Substrate/Glints2/dict_0003_0211" 8324
"/Engine/EngineMaterials/Substrate/Glints2/dict_0003_0218" 8325
"/Engine/EngineMaterials/Substrate/Glints2/dict_0003_0212" 8326
"/Engine/EngineMaterials/Substrate/Glints2/dict_0003_0203" 8327
"/Engine/EngineMaterials/Substrate/Glints2/dict_0003_0204" 8328
"/Engine/EngineMaterials/Substrate/Glints2/dict_0003_0205" 8329
"/Engine/EngineMaterials/Substrate/Glints2/dict_0003_0206" 8330
"../../../Engine/Content/EngineMaterials/Substrate/Glints2/dict_0003_0202.uasset" 8331
"../../../Engine/Content/EngineMaterials/Substrate/Glints2/dict_0003_0201.uasset" 8332
"/Engine/EngineMaterials/Substrate/Glints2/dict_0003_0207" 8333
"../../../Engine/Content/EngineMaterials/Substrate/Glints2/dict_0003_0198.uasset" 8334
"/Engine/EngineMaterials/Substrate/Glints2/dict_0003_0201" 8335
"/Engine/EngineMaterials/Substrate/Glints2/dict_0003_0202" 8336
"/Engine/EngineMaterials/Substrate/Glints2/dict_0003_0198" 8337
"../../../Engine/Content/EngineMaterials/Substrate/Glints2/dict_0003_0197.uasset" 8338
"/Engine/EngineMaterials/Substrate/Glints2/dict_0003_0197" 8339
"../../../Engine/Content/EngineMaterials/Substrate/Glints2/dict_0003_0199.uasset" 8340
"../../../Engine/Content/EngineMaterials/Substrate/Glints2/dict_0003_0200.uasset" 8341
"../../../Engine/Content/EngineMaterials/Substrate/Glints2/dict_0003_0195.uasset" 8342
"../../../Engine/Content/EngineMaterials/Substrate/Glints2/dict_0003_0194.uasset" 8343
"../../../Engine/Content/EngineMaterials/Substrate/Glints2/dict_0003_0196.uasset" 8344
"../../../Engine/Content/EngineMaterials/Substrate/Glints2/dict_0003_0193.uasset" 8345
"../../../Engine/Content/EngineMaterials/Substrate/Glints2/dict_0003_0190.uasset" 8346
"/Engine/EngineMaterials/Substrate/Glints2/dict_0003_0199" 8347
"/Engine/EngineMaterials/Substrate/Glints2/dict_0003_0194" 8348
"/Engine/EngineMaterials/Substrate/Glints2/dict_0003_0195" 8349
"../../../Engine/Content/EngineMaterials/Substrate/Glints2/dict_0003_0191.uasset" 8350
"/Engine/EngineMaterials/Substrate/Glints2/dict_0003_0200" 8351
"/Engine/EngineMaterials/Substrate/Glints2/dict_0003_0196" 8352
"/Engine/EngineMaterials/Substrate/Glints2/dict_0003_0190" 8353
"/Engine/EngineMaterials/Substrate/Glints2/dict_0003_0193" 8354
"/Engine/EngineMaterials/Substrate/Glints2/dict_0003_0191" 8355
"../../../Engine/Content/EngineMaterials/Substrate/Glints2/dict_0003_0189.uasset" 8356
"../../../Engine/Content/EngineMaterials/Substrate/Glints2/dict_0003_0183.uasset" 8357
"../../../Engine/Content/EngineMaterials/Substrate/Glints2/dict_0003_0186.uasset" 8358
"../../../Engine/Content/EngineMaterials/Substrate/Glints2/dict_0003_0187.uasset" 8359
"../../../Engine/Content/EngineMaterials/Substrate/Glints2/dict_0003_0192.uasset" 8360
"../../../Engine/Content/EngineMaterials/Substrate/Glints2/dict_0003_0188.uasset" 8361
"../../../Engine/Content/EngineMaterials/Substrate/Glints2/dict_0003_0185.uasset" 8362
"../../../Engine/Content/EngineMaterials/Substrate/Glints2/dict_0003_0182.uasset" 8363
"../../../Engine/Content/EngineMaterials/Substrate/Glints2/dict_0003_0184.uasset" 8364
"../../../Engine/Content/EngineMaterials/Substrate/Glints2/dict_0003_0181.uasset" 8365
"../../../Engine/Content/EngineMaterials/Substrate/Glints2/dict_0003_0180.uasset" 8366
"/Engine/EngineMaterials/Substrate/Glints2/dict_0003_0183" 8367
"../../../Engine/Content/EngineMaterials/Substrate/Glints2/dict_0003_0177.uasset" 8368
"/Engine/EngineMaterials/Substrate/Glints2/dict_0003_0184" 8369
"../../../Engine/Content/EngineMaterials/Substrate/Glints2/dict_0003_0178.uasset" 8370
"../../../Engine/Content/EngineMaterials/Substrate/Glints2/dict_0003_0174.uasset" 8371
"/Engine/EngineMaterials/Substrate/Glints2/dict_0003_0185" 8372
"/Engine/EngineMaterials/Substrate/Glints2/dict_0003_0186" 8373
"/Engine/EngineMaterials/Substrate/Glints2/dict_0003_0187" 8374
"/Engine/EngineMaterials/Substrate/Glints2/dict_0003_0188" 8375
"../../../Engine/Content/EngineMaterials/Substrate/Glints2/dict_0003_0179.uasset" 8376
"../../../Engine/Content/EngineMaterials/Substrate/Glints2/dict_0003_0175.uasset" 8377
"/Engine/EngineMaterials/Substrate/Glints2/dict_0003_0189" 8378
"../../../Engine/Content/EngineMaterials/Substrate/Glints2/dict_0003_0176.uasset" 8379
"/Engine/EngineMaterials/Substrate/Glints2/dict_0003_0192" 8380
"../../../Engine/Content/EngineMaterials/Substrate/Glints2/dict_0003_0173.uasset" 8381
"/Engine/EngineMaterials/Substrate/Glints2/dict_0003_0180" 8382
"/Engine/EngineMaterials/Substrate/Glints2/dict_0003_0181" 8383
"../../../Engine/Content/EngineMaterials/Substrate/Glints2/dict_0003_0172.uasset" 8384
"/Engine/EngineMaterials/Substrate/Glints2/dict_0003_0182" 8385
"/Engine/EngineMaterials/Substrate/Glints2/dict_0003_0175" 8386
"/Engine/EngineMaterials/Substrate/Glints2/dict_0003_0174" 8387
"/Engine/EngineMaterials/Substrate/Glints2/dict_0003_0176" 8388
"/Engine/EngineMaterials/Substrate/Glints2/dict_0003_0178" 8389
"/Engine/EngineMaterials/Substrate/Glints2/dict_0003_0179" 8390
"/Engine/EngineMaterials/Substrate/Glints2/dict_0003_0172" 8391
"/Engine/EngineMaterials/Substrate/Glints2/dict_0003_0177" 8392
"/Engine/EngineMaterials/Substrate/Glints2/dict_0003_0173" 8393
"../../../Engine/Content/EngineMaterials/Substrate/Glints2/dict_0003_0171.uasset" 8394
"../../../Engine/Content/EngineMaterials/Substrate/Glints2/dict_0003_0168.uasset" 8395
"../../../Engine/Content/EngineMaterials/Substrate/Glints2/dict_0003_0166.uasset" 8396
"../../../Engine/Content/EngineMaterials/Substrate/Glints2/dict_0003_0169.uasset" 8397
"../../../Engine/Content/EngineMaterials/Substrate/Glints2/dict_0003_0170.uasset" 8398
"../../../Engine/Content/EngineMaterials/Substrate/Glints2/dict_0003_0167.uasset" 8399
"../../../Engine/Content/EngineMaterials/Substrate/Glints2/dict_0003_0162.uasset" 8400
"../../../Engine/Content/EngineMaterials/Substrate/Glints2/dict_0003_0165.uasset" 8401
"../../../Engine/Content/EngineMaterials/Substrate/Glints2/dict_0003_0164.uasset" 8402
"/Engine/EngineMaterials/Substrate/Glints2/dict_0003_0167" 8403
"../../../Engine/Content/EngineMaterials/Substrate/Glints2/dict_0003_0163.uasset" 8404
"../../../Engine/Content/EngineMaterials/Substrate/Glints2/dict_0003_0160.uasset" 8405
"/Engine/EngineMaterials/Substrate/Glints2/dict_0003_0168" 8406
"../../../Engine/Content/EngineMaterials/Substrate/Glints2/dict_0003_0161.uasset" 8407
"/Engine/EngineMaterials/Substrate/Glints2/dict_0003_0169" 8408
"/Engine/EngineMaterials/Substrate/Glints2/dict_0003_0170" 8409
"/Engine/EngineMaterials/Substrate/Glints2/dict_0003_0171" 8410
"/Engine/EngineMaterials/Substrate/Glints2/dict_0003_0166" 8411
"../../../Engine/Content/EngineMaterials/Substrate/Glints2/dict_0003_0157.uasset" 8412
"/Engine/EngineMaterials/Substrate/Glints2/dict_0003_0162" 8413
"../../../Engine/Content/EngineMaterials/Substrate/Glints2/dict_0003_0156.uasset" 8414
"/Engine/EngineMaterials/Substrate/Glints2/dict_0003_0164" 8415
"/Engine/EngineMaterials/Substrate/Glints2/dict_0003_0165" 8416
"/Engine/EngineMaterials/Substrate/Glints2/dict_0003_0156" 8417
"/Engine/EngineMaterials/Substrate/Glints2/dict_0003_0157" 8418
"/Engine/EngineMaterials/Substrate/Glints2/dict_0003_0160" 8419
"/Engine/EngineMaterials/Substrate/Glints2/dict_0003_0161" 8420
"/Engine/EngineMaterials/Substrate/Glints2/dict_0003_0163" 8421
"../../../Engine/Content/EngineMaterials/Substrate/Glints2/dict_0003_0151.uasset" 8422
"../../../Engine/Content/EngineMaterials/Substrate/Glints2/dict_0003_0159.uasset" 8423
"../../../Engine/Content/EngineMaterials/Substrate/Glints2/dict_0003_0155.uasset" 8424
"../../../Engine/Content/EngineMaterials/Substrate/Glints2/dict_0003_0152.uasset" 8425
"../../../Engine/Content/EngineMaterials/Substrate/Glints2/dict_0003_0158.uasset" 8426
"../../../Engine/Content/EngineMaterials/Substrate/Glints2/dict_0003_0154.uasset" 8427
"../../../Engine/Content/EngineMaterials/Substrate/Glints2/dict_0003_0153.uasset" 8428
"../../../Engine/Content/EngineMaterials/Substrate/Glints2/dict_0003_0150.uasset" 8429
"/Engine/EngineMaterials/Substrate/Glints2/dict_0003_0155" 8430
"../../../Engine/Content/EngineMaterials/Substrate/Glints2/dict_0003_0148.uasset" 8431
"../../../Engine/Content/EngineMaterials/Substrate/Glints2/dict_0003_0146.uasset" 8432
"../../../Engine/Content/EngineMaterials/Substrate/Glints2/dict_0003_0147.uasset" 8433
"/Engine/EngineMaterials/Substrate/Glints2/dict_0003_0158" 8434
"/Engine/EngineMaterials/Substrate/Glints2/dict_0003_0159" 8435
"../../../Engine/Content/EngineMaterials/Substrate/Glints2/dict_0003_0145.uasset" 8436
"/Engine/EngineMaterials/Substrate/Glints2/dict_0003_0150" 8437
"/Engine/EngineMaterials/Substrate/Glints2/dict_0003_0151" 8438
"../../../Engine/Content/EngineMaterials/Substrate/Glints2/dict_0003_0149.uasset" 8439
"/Engine/EngineMaterials/Substrate/Glints2/dict_0003_0152" 8440
"/Engine/EngineMaterials/Substrate/Glints2/dict_0003_0153" 8441
"/Engine/EngineMaterials/Substrate/Glints2/dict_0003_0154" 8442
"/Engine/EngineMaterials/Substrate/Glints2/dict_0003_0147" 8443
"/Engine/EngineMaterials/Substrate/Glints2/dict_0003_0148" 8444
"/Engine/EngineMaterials/Substrate/Glints2/dict_0003_0149" 8445
"/Engine/EngineMaterials/Substrate/Glints2/dict_0003_0145" 8446
"/Engine/EngineMaterials/Substrate/Glints2/dict_0003_0146" 8447
"../../../Engine/Content/EngineMaterials/Substrate/Glints2/dict_0003_0144.uasset" 8448
"../../../Engine/Content/EngineMaterials/Substrate/Glints2/dict_0003_0140.uasset" 8449
"../../../Engine/Content/EngineMaterials/Substrate/Glints2/dict_0003_0143.uasset" 8450
"../../../Engine/Content/EngineMaterials/Substrate/Glints2/dict_0003_0138.uasset" 8451
"../../../Engine/Content/EngineMaterials/Substrate/Glints2/dict_0003_0135.uasset" 8452
"../../../Engine/Content/EngineMaterials/Substrate/Glints2/dict_0003_0141.uasset" 8453
"../../../Engine/Content/EngineMaterials/Substrate/Glints2/dict_0003_0137.uasset" 8454
"/Engine/EngineMaterials/Substrate/Glints2/dict_0003_0138" 8455
"../../../Engine/Content/EngineMaterials/Substrate/Glints2/dict_0003_0132.uasset" 8456
"../../../Engine/Content/EngineMaterials/Substrate/Glints2/dict_0003_0134.uasset" 8457
"../../../Engine/Content/EngineMaterials/Substrate/Glints2/dict_0003_0136.uasset" 8458
"../../../Engine/Content/EngineMaterials/Substrate/Glints2/dict_0003_0139.uasset" 8459
"../../../Engine/Content/EngineMaterials/Substrate/Glints2/dict_0003_0129.uasset" 8460
"../../../Engine/Content/EngineMaterials/Substrate/Glints2/dict_0003_0133.uasset" 8461
"/Engine/EngineMaterials/Substrate/Glints2/dict_0003_0140" 8462
"../../../Engine/Content/EngineMaterials/Substrate/Glints2/dict_0003_0131.uasset" 8463
"/Engine/EngineMaterials/Substrate/Glints2/dict_0003_0141" 8464
"/Engine/EngineMaterials/Substrate/Glints2/dict_0003_0135" 8465
"/Engine/EngineMaterials/Substrate/Glints2/dict_0003_0143" 8466
"/Engine/EngineMaterials/Substrate/Glints2/dict_0003_0144" 8467
"/Engine/EngineMaterials/Substrate/Glints2/dict_0003_0137" 8468
"/Engine/EngineMaterials/Substrate/Glints2/dict_0003_0139" 8469
"/Engine/EngineMaterials/Substrate/Glints2/dict_0003_0133" 8470
"/Engine/EngineMaterials/Substrate/Glints2/dict_0003_0134" 8471
"/Engine/EngineMaterials/Substrate/Glints2/dict_0003_0129" 8472
"../../../Engine/Content/EngineMaterials/Substrate/Glints2/dict_0003_0130.uasset" 8473
"/Engine/EngineMaterials/Substrate/Glints2/dict_0003_0136" 8474
"/Engine/EngineMaterials/Substrate/Glints2/dict_0003_0131" 8475
"/Engine/EngineMaterials/Substrate/Glints2/dict_0003_0132" 8476
"/Engine/EngineMaterials/Substrate/Glints2/dict_0003_0130" 8477
"../../../Engine/Content/EngineMaterials/Substrate/Glints2/dict_0003_0127.uasset" 8478
"../../../Engine/Content/EngineMaterials/Substrate/Glints2/dict_0003_0124.uasset" 8479
"../../../Engine/Content/EngineMaterials/Substrate/Glints2/dict_0003_0121.uasset" 8480
"../../../Engine/Content/EngineMaterials/Substrate/Glints2/dict_0003_0126.uasset" 8481
"../../../Engine/Content/EngineMaterials/Substrate/Glints2/dict_0003_0125.uasset" 8482
"../../../Engine/Content/EngineMaterials/Substrate/Glints2/dict_0003_0122.uasset" 8483
"../../../Engine/Content/EngineMaterials/Substrate/Glints2/dict_0003_0123.uasset" 8484
"../../../Engine/Content/EngineMaterials/Substrate/Glints2/dict_0003_0120.uasset" 8485
"/Engine/EngineMaterials/Substrate/Glints2/dict_0003_0120" 8486
"/Engine/EngineMaterials/Substrate/Glints2/dict_0003_0125" 8487
"/Engine/EngineMaterials/Substrate/Glints2/dict_0003_0121" 8488
"../../../Engine/Content/EngineMaterials/Substrate/Glints2/dict_0003_0119.uasset" 8489
"../../../Engine/Content/EngineMaterials/Substrate/Glints2/dict_0003_0118.uasset" 8490
"/Engine/EngineMaterials/Substrate/Glints2/dict_0003_0126" 8491
"/Engine/EngineMaterials/Substrate/Glints2/dict_0003_0122" 8492
"/Engine/EngineMaterials/Substrate/Glints2/dict_0003_0127" 8493
"/Engine/EngineMaterials/Substrate/Glints2/dict_0003_0123" 8494
"../../../Engine/Content/EngineMaterials/Substrate/Glints2/dict_0003_0114.uasset" 8495
"../../../Engine/Content/EngineMaterials/Substrate/Glints2/dict_0003_0116.uasset" 8496
"../../../Engine/Content/EngineMaterials/Substrate/Glints2/dict_0003_0115.uasset" 8497
"/Engine/EngineMaterials/Substrate/Glints2/dict_0003_0124" 8498
"/Engine/EngineMaterials/Substrate/Glints2/dict_0003_0114" 8499
"/Engine/EngineMaterials/Substrate/Glints2/dict_0003_0115" 8500
"/Engine/EngineMaterials/Substrate/Glints2/dict_0003_0116" 8501
"/Engine/EngineMaterials/Substrate/Glints2/dict_0003_0118" 8502
"/Engine/EngineMaterials/Substrate/Glints2/dict_0003_0119" 8503
"../../../Engine/Content/EngineMaterials/Substrate/Glints2/dict_0003_0117.uasset" 8504
"../../../Engine/Content/EngineMaterials/Substrate/Glints2/dict_0003_0113.uasset" 8505
"../../../Engine/Content/EngineMaterials/Substrate/Glints2/dict_0003_0111.uasset" 8506
"../../../Engine/Content/EngineMaterials/Substrate/Glints2/dict_0003_0112.uasset" 8507
"../../../Engine/Content/EngineMaterials/Substrate/Glints2/dict_0003_0107.uasset" 8508
"../../../Engine/Content/EngineMaterials/Substrate/Glints2/dict_0003_0109.uasset" 8509
"../../../Engine/Content/EngineMaterials/Substrate/Glints2/dict_0003_0108.uasset" 8510
"../../../Engine/Content/EngineMaterials/Substrate/Glints2/dict_0003_0110.uasset" 8511
"/Engine/EngineMaterials/Substrate/Glints2/dict_0003_0113" 8512
"../../../Engine/Content/EngineMaterials/Substrate/Glints2/dict_0003_0106.uasset" 8513
"/Engine/EngineMaterials/Substrate/Glints2/dict_0003_0107" 8514
"/Engine/EngineMaterials/Substrate/Glints2/dict_0003_0108" 8515
"/Engine/EngineMaterials/Substrate/Glints2/dict_0003_0109" 8516
"../../../Engine/Content/EngineMaterials/Substrate/Glints2/dict_0003_0105.uasset" 8517
"../../../Engine/Content/EngineMaterials/Substrate/Glints2/dict_0003_0102.uasset" 8518
"/Engine/EngineMaterials/Substrate/Glints2/dict_0003_0117" 8519
"../../../Engine/Content/EngineMaterials/Substrate/Glints2/dict_0003_0103.uasset" 8520
"/Engine/EngineMaterials/Substrate/Glints2/dict_0003_0111" 8521
"/Engine/EngineMaterials/Substrate/Glints2/dict_0003_0112" 8522
"/Engine/EngineMaterials/Substrate/Glints2/dict_0003_0106" 8523
"../../../Engine/Content/EngineMaterials/Substrate/Glints2/dict_0003_0104.uasset" 8524
"/Engine/EngineMaterials/Substrate/Glints2/dict_0003_0102" 8525
"/Engine/EngineMaterials/Substrate/Glints2/dict_0003_0110" 8526
"/Engine/EngineMaterials/Substrate/Glints2/dict_0003_0105" 8527
"/Engine/EngineMaterials/Substrate/Glints2/dict_0003_0103" 8528
"/Engine/EngineMaterials/Substrate/Glints2/dict_0003_0104" 8529
"../../../Engine/Content/EngineMaterials/Substrate/Glints2/dict_0003_0098.uasset" 8530
"../../../Engine/Content/EngineMaterials/Substrate/Glints2/dict_0003_0100.uasset" 8531
"../../../Engine/Content/EngineMaterials/Substrate/Glints2/dict_0003_0099.uasset" 8532
"../../../Engine/Content/EngineMaterials/Substrate/Glints2/dict_0003_0101.uasset" 8533
"../../../Engine/Content/EngineMaterials/Substrate/Glints2/dict_0003_0093.uasset" 8534
"../../../Engine/Content/EngineMaterials/Substrate/Glints2/dict_0003_0094.uasset" 8535
"../../../Engine/Content/EngineMaterials/Substrate/Glints2/dict_0003_0096.uasset" 8536
"../../../Engine/Content/EngineMaterials/Substrate/Glints2/dict_0003_0095.uasset" 8537
"../../../Engine/Content/EngineMaterials/Substrate/Glints2/dict_0003_0097.uasset" 8538
"/Engine/EngineMaterials/Substrate/Glints2/dict_0003_0093" 8539
"/Engine/EngineMaterials/Substrate/Glints2/dict_0003_0097" 8540
"/Engine/EngineMaterials/Substrate/Glints2/dict_0003_0098" 8541
"../../../Engine/Content/EngineMaterials/Substrate/Glints2/dict_0003_0092.uasset" 8542
"../../../Engine/Content/EngineMaterials/Substrate/Glints2/dict_0003_0091.uasset" 8543
"../../../Engine/Content/EngineMaterials/Substrate/Glints2/dict_0003_0089.uasset" 8544
"../../../Engine/Content/EngineMaterials/Substrate/Glints2/dict_0003_0090.uasset" 8545
"/Engine/EngineMaterials/Substrate/Glints2/dict_0003_0099" 8546
"/Engine/EngineMaterials/Substrate/Glints2/dict_0003_0100" 8547
"/Engine/EngineMaterials/Substrate/Glints2/dict_0003_0101" 8548
"/Engine/EngineMaterials/Substrate/Glints2/dict_0003_0094" 8549
"/Engine/EngineMaterials/Substrate/Glints2/dict_0003_0095" 8550
"../../../Engine/Content/EngineMaterials/Substrate/Glints2/dict_0003_0087.uasset" 8551
"../../../Engine/Content/EngineMaterials/Substrate/Glints2/dict_0003_0085.uasset" 8552
"/Engine/EngineMaterials/Substrate/Glints2/dict_0003_0096" 8553
"../../../Engine/Content/EngineMaterials/Substrate/Glints2/dict_0003_0084.uasset" 8554
"../../../Engine/Content/EngineMaterials/Substrate/Glints2/dict_0003_0088.uasset" 8555
"../../../Engine/Content/EngineMaterials/Substrate/Glints2/dict_0003_0086.uasset" 8556
"/Engine/EngineMaterials/Substrate/Glints2/dict_0003_0085" 8557
"/Engine/EngineMaterials/Substrate/Glints2/dict_0003_0092" 8558
"/Engine/EngineMaterials/Substrate/Glints2/dict_0003_0086" 8559
"/Engine/EngineMaterials/Substrate/Glints2/dict_0003_0087" 8560
"/Engine/EngineMaterials/Substrate/Glints2/dict_0003_0088" 8561
"/Engine/EngineMaterials/Substrate/Glints2/dict_0003_0089" 8562
"/Engine/EngineMaterials/Substrate/Glints2/dict_0003_0090" 8563
"/Engine/EngineMaterials/Substrate/Glints2/dict_0003_0091" 8564
"/Engine/EngineMaterials/Substrate/Glints2/dict_0003_0084" 8565
"../../../Engine/Content/EngineMaterials/Substrate/Glints2/dict_0003_0083.uasset" 8566
"../../../Engine/Content/EngineMaterials/Substrate/Glints2/dict_0003_0080.uasset" 8567
"../../../Engine/Content/EngineMaterials/Substrate/Glints2/dict_0003_0081.uasset" 8568
"../../../Engine/Content/EngineMaterials/Substrate/Glints2/dict_0003_0082.uasset" 8569
"../../../Engine/Content/EngineMaterials/Substrate/Glints2/dict_0003_0076.uasset" 8570
"../../../Engine/Content/EngineMaterials/Substrate/Glints2/dict_0003_0079.uasset" 8571
"../../../Engine/Content/EngineMaterials/Substrate/Glints2/dict_0003_0078.uasset" 8572
"../../../Engine/Content/EngineMaterials/Substrate/Glints2/dict_0003_0077.uasset" 8573
"../../../Engine/Content/EngineMaterials/Substrate/Glints2/dict_0003_0075.uasset" 8574
"/Engine/EngineMaterials/Substrate/Glints2/dict_0003_0080" 8575
"/Engine/EngineMaterials/Substrate/Glints2/dict_0003_0075" 8576
"/Engine/EngineMaterials/Substrate/Glints2/dict_0003_0081" 8577
"../../../Engine/Content/EngineMaterials/Substrate/Glints2/dict_0003_0067.uasset" 8578
"../../../Engine/Content/EngineMaterials/Substrate/Glints2/dict_0003_0072.uasset" 8579
"../../../Engine/Content/EngineMaterials/Substrate/Glints2/dict_0003_0068.uasset" 8580
"../../../Engine/Content/EngineMaterials/Substrate/Glints2/dict_0003_0074.uasset" 8581
"../../../Engine/Content/EngineMaterials/Substrate/Glints2/dict_0003_0071.uasset" 8582
"../../../Engine/Content/EngineMaterials/Substrate/Glints2/dict_0003_0073.uasset" 8583
"/Engine/EngineMaterials/Substrate/Glints2/dict_0003_0076" 8584
"/Engine/EngineMaterials/Substrate/Glints2/dict_0003_0082" 8585
"/Engine/EngineMaterials/Substrate/Glints2/dict_0003_0083" 8586
"../../../Engine/Content/EngineMaterials/Substrate/Glints2/dict_0003_0070.uasset" 8587
"/Engine/EngineMaterials/Substrate/Glints2/dict_0003_0077" 8588
"/Engine/EngineMaterials/Substrate/Glints2/dict_0003_0078" 8589
"/Engine/EngineMaterials/Substrate/Glints2/dict_0003_0079" 8590
"../../../Engine/Content/EngineMaterials/Substrate/Glints2/dict_0003_0069.uasset" 8591
"../../../Engine/Content/EngineMaterials/Substrate/Glints2/dict_0003_0066.uasset" 8592
"/Engine/EngineMaterials/Substrate/Glints2/dict_0003_0070" 8593
"/Engine/EngineMaterials/Substrate/Glints2/dict_0003_0071" 8594
"/Engine/EngineMaterials/Substrate/Glints2/dict_0003_0072" 8595
"/Engine/EngineMaterials/Substrate/Glints2/dict_0003_0073" 8596
"/Engine/EngineMaterials/Substrate/Glints2/dict_0003_0074" 8597
"/Engine/EngineMaterials/Substrate/Glints2/dict_0003_0067" 8598
"/Engine/EngineMaterials/Substrate/Glints2/dict_0003_0068" 8599
"/Engine/EngineMaterials/Substrate/Glints2/dict_0003_0066" 8600
"/Engine/EngineMaterials/Substrate/Glints2/dict_0003_0069" 8601
"../../../Engine/Content/EngineMaterials/Substrate/Glints2/dict_0003_0253.uasset" 8602
"../../../Engine/Content/EngineMaterials/Substrate/Glints2/dict_0005_0059.uasset" 8603
"../../../Engine/Content/EngineMaterials/Substrate/Glints2/dict_0003_0062.uasset" 8604
"../../../Engine/Content/EngineMaterials/Substrate/Glints2/dict_0003_0065.uasset" 8605
"../../../Engine/Content/EngineMaterials/Substrate/Glints2/dict_0003_0063.uasset" 8606
"../../../Engine/Content/EngineMaterials/Substrate/Glints2/dict_0003_0061.uasset" 8607
"../../../Engine/Content/EngineMaterials/Substrate/Glints2/dict_0003_0064.uasset" 8608
"../../../Engine/Content/EngineMaterials/Substrate/Glints2/dict_0003_0058.uasset" 8609
"../../../Engine/Content/EngineMaterials/Substrate/Glints2/dict_0003_0060.uasset" 8610
"/Engine/EngineMaterials/Substrate/Glints2/dict_0003_0061" 8611
"../../../Engine/Content/EngineMaterials/Substrate/Glints2/dict_0003_0059.uasset" 8612
"/Engine/EngineMaterials/Substrate/Glints2/dict_0003_0062" 8613
"../../../Engine/Content/EngineMaterials/Substrate/Glints2/dict_0003_0057.uasset" 8614
"/Engine/EngineMaterials/Substrate/Glints2/dict_0003_0063" 8615
"/Engine/EngineMaterials/Substrate/Glints2/dict_0003_0064" 8616
"/Engine/EngineMaterials/Substrate/Glints2/dict_0003_0065" 8617
"/Engine/EngineMaterials/Substrate/Glints2/dict_0003_0253" 8618
"/Engine/EngineMaterials/Substrate/Glints2/dict_0003_0058" 8619
"/Engine/EngineMaterials/Substrate/Glints2/dict_0005_0059" 8620
"/Engine/EngineMaterials/Substrate/Glints2/dict_0003_0060" 8621
"/Engine/EngineMaterials/Substrate/Glints2/dict_0003_0057" 8622
"/Engine/EngineMaterials/Substrate/Glints2/dict_0003_0059" 8623
"../../../Engine/Content/EngineMaterials/Substrate/Glints2/dict_0003_0051.uasset" 8624
"../../../Engine/Content/EngineMaterials/Substrate/Glints2/dict_0003_0053.uasset" 8625
"../../../Engine/Content/EngineMaterials/Substrate/Glints2/dict_0003_0052.uasset" 8626
"../../../Engine/Content/EngineMaterials/Substrate/Glints2/dict_0003_0054.uasset" 8627
"../../../Engine/Content/EngineMaterials/Substrate/Glints2/dict_0004_0112.uasset" 8628
"../../../Engine/Content/EngineMaterials/Substrate/Glints2/dict_0003_0048.uasset" 8629
"../../../Engine/Content/EngineMaterials/Substrate/Glints2/dict_0003_0050.uasset" 8630
"../../../Engine/Content/EngineMaterials/Substrate/Glints2/dict_0003_0049.uasset" 8631
"../../../Engine/Content/EngineMaterials/Substrate/Glints2/dict_0003_0047.uasset" 8632
"../../../Engine/Content/EngineMaterials/Substrate/Glints2/dict_0003_0046.uasset" 8633
"../../../Engine/Content/EngineMaterials/Substrate/Glints2/dict_0003_0042.uasset" 8634
"../../../Engine/Content/EngineMaterials/Substrate/Glints2/dict_0003_0044.uasset" 8635
"/Engine/EngineMaterials/Substrate/Glints2/dict_0003_0052" 8636
"../../../Engine/Content/EngineMaterials/Substrate/Glints2/dict_0003_0043.uasset" 8637
"../../../Engine/Content/EngineMaterials/Substrate/Glints2/dict_0003_0045.uasset" 8638
"/Engine/EngineMaterials/Substrate/Glints2/dict_0003_0046" 8639
"/Engine/EngineMaterials/Substrate/Glints2/dict_0003_0047" 8640
"/Engine/EngineMaterials/Substrate/Glints2/dict_0003_0048" 8641
"/Engine/EngineMaterials/Substrate/Glints2/dict_0003_0049" 8642
"/Engine/EngineMaterials/Substrate/Glints2/dict_0003_0053" 8643
"/Engine/EngineMaterials/Substrate/Glints2/dict_0003_0054" 8644
"../../../Engine/Content/EngineMaterials/Substrate/Glints2/dict_0003_0038.uasset" 8645
"../../../Engine/Content/EngineMaterials/Substrate/Glints2/dict_0003_0039.uasset" 8646
"/Engine/EngineMaterials/Substrate/Glints2/dict_0004_0112" 8647
"../../../Engine/Content/EngineMaterials/Substrate/Glints2/dict_0003_0040.uasset" 8648
"/Engine/EngineMaterials/Substrate/Glints2/dict_0003_0050" 8649
"/Engine/EngineMaterials/Substrate/Glints2/dict_0003_0051" 8650
"/Engine/EngineMaterials/Substrate/Glints2/dict_0003_0042" 8651
"../../../Engine/Content/EngineMaterials/Substrate/Glints2/dict_0003_0037.uasset" 8652
"/Engine/EngineMaterials/Substrate/Glints2/dict_0003_0045" 8653
"../../../Engine/Content/EngineMaterials/Substrate/Glints2/dict_0003_0033.uasset" 8654
"/Engine/EngineMaterials/Substrate/Glints2/dict_0003_0037" 8655
"../../../Engine/Content/EngineMaterials/Substrate/Glints2/dict_0003_0034.uasset" 8656
"../../../Engine/Content/EngineMaterials/Substrate/Glints2/dict_0003_0032.uasset" 8657
"../../../Engine/Content/EngineMaterials/Substrate/Glints2/dict_0003_0035.uasset" 8658
"/Engine/EngineMaterials/Substrate/Glints2/dict_0003_0038" 8659
"../../../Engine/Content/EngineMaterials/Substrate/Glints2/dict_0003_0036.uasset" 8660
"/Engine/EngineMaterials/Substrate/Glints2/dict_0003_0043" 8661
"/Engine/EngineMaterials/Substrate/Glints2/dict_0003_0039" 8662
"/Engine/EngineMaterials/Substrate/Glints2/dict_0003_0040" 8663
"/Engine/EngineMaterials/Substrate/Glints2/dict_0003_0044" 8664
"/Engine/EngineMaterials/Substrate/Glints2/dict_0003_0034" 8665
"/Engine/EngineMaterials/Substrate/Glints2/dict_0003_0035" 8666
"/Engine/EngineMaterials/Substrate/Glints2/dict_0003_0036" 8667
"/Engine/EngineMaterials/Substrate/Glints2/dict_0003_0032" 8668
"/Engine/EngineMaterials/Substrate/Glints2/dict_0003_0033" 8669
"../../../Engine/Content/EngineMaterials/Substrate/Glints2/dict_0003_0025.uasset" 8670
"../../../Engine/Content/EngineMaterials/Substrate/Glints2/dict_0003_0031.uasset" 8671
"../../../Engine/Content/EngineMaterials/Substrate/Glints2/dict_0003_0030.uasset" 8672
"../../../Engine/Content/EngineMaterials/Substrate/Glints2/dict_0003_0026.uasset" 8673
"../../../Engine/Content/EngineMaterials/Substrate/Glints2/dict_0003_0023.uasset" 8674
"../../../Engine/Content/EngineMaterials/Substrate/Glints2/dict_0003_0029.uasset" 8675
"../../../Engine/Content/EngineMaterials/Substrate/Glints2/dict_0003_0024.uasset" 8676
"../../../Engine/Content/EngineMaterials/Substrate/Glints2/dict_0003_0028.uasset" 8677
"../../../Engine/Content/EngineMaterials/Substrate/Glints2/dict_0003_0027.uasset" 8678
"/Engine/EngineMaterials/Substrate/Glints2/dict_0003_0023" 8679
"/Engine/EngineMaterials/Substrate/Glints2/dict_0003_0024" 8680
"/Engine/EngineMaterials/Substrate/Glints2/dict_0003_0025" 8681
"/Engine/EngineMaterials/Substrate/Glints2/dict_0003_0026" 8682
"/Engine/EngineMaterials/Substrate/Glints2/dict_0003_0027" 8683
"/Engine/EngineMaterials/Substrate/Glints2/dict_0003_0028" 8684
"/Engine/EngineMaterials/Substrate/Glints2/dict_0003_0029" 8685
"/Engine/EngineMaterials/Substrate/Glints2/dict_0003_0030" 8686
"/Engine/EngineMaterials/Substrate/Glints2/dict_0003_0031" 8687
"../../../Engine/Content/EngineMaterials/Substrate/Glints2/dict_0003_0019.uasset" 8688
"../../../Engine/Content/EngineMaterials/Substrate/Glints2/dict_0003_0017.uasset" 8689
"../../../Engine/Content/EngineMaterials/Substrate/Glints2/dict_0003_0015.uasset" 8690
"../../../Engine/Content/EngineMaterials/Substrate/Glints2/dict_0003_0022.uasset" 8691
"../../../Engine/Content/EngineMaterials/Substrate/Glints2/dict_0003_0018.uasset" 8692
"../../../Engine/Content/EngineMaterials/Substrate/Glints2/dict_0003_0020.uasset" 8693
"../../../Engine/Content/EngineMaterials/Substrate/Glints2/dict_0003_0016.uasset" 8694
"../../../Engine/Content/EngineMaterials/Substrate/Glints2/dict_0003_0021.uasset" 8695
"../../../Engine/Content/EngineMaterials/Substrate/Glints2/dict_0003_0240.uasset" 8696
"../../../Engine/Content/EngineMaterials/Substrate/Glints2/dict_0003_0014.uasset" 8697
"../../../Engine/Content/EngineMaterials/Substrate/Glints2/dict_0003_0006.uasset" 8698
"../../../Engine/Content/EngineMaterials/Substrate/Glints2/dict_0003_0009.uasset" 8699
"../../../Engine/Content/EngineMaterials/Substrate/Glints2/dict_0003_0013.uasset" 8700
"../../../Engine/Content/EngineMaterials/Substrate/Glints2/dict_0003_0010.uasset" 8701
"../../../Engine/Content/EngineMaterials/Substrate/Glints2/dict_0003_0008.uasset" 8702
"/Engine/EngineMaterials/Substrate/Glints2/dict_0003_0021" 8703
"/Engine/EngineMaterials/Substrate/Glints2/dict_0003_0014" 8704
"/Engine/EngineMaterials/Substrate/Glints2/dict_0003_0022" 8705
"/Engine/EngineMaterials/Substrate/Glints2/dict_0003_0015" 8706
"/Engine/EngineMaterials/Substrate/Glints2/dict_0003_0240" 8707
"/Engine/EngineMaterials/Substrate/Glints2/dict_0003_0016" 8708
"/Engine/EngineMaterials/Substrate/Glints2/dict_0003_0017" 8709
"../../../Engine/Content/EngineMaterials/Substrate/Glints2/dict_0003_0007.uasset" 8710
"../../../Engine/Content/EngineMaterials/Substrate/Glints2/dict_0003_0012.uasset" 8711
"../../../Engine/Content/EngineMaterials/Substrate/Glints2/dict_0003_0011.uasset" 8712
"/Engine/EngineMaterials/Substrate/Glints2/dict_0003_0018" 8713
"/Engine/EngineMaterials/Substrate/Glints2/dict_0003_0019" 8714
"/Engine/EngineMaterials/Substrate/Glints2/dict_0003_0020" 8715
"/Engine/EngineMaterials/Substrate/Glints2/dict_0003_0009" 8716
"/Engine/EngineMaterials/Substrate/Glints2/dict_0003_0010" 8717
"/Engine/EngineMaterials/Substrate/Glints2/dict_0003_0011" 8718
"/Engine/EngineMaterials/Substrate/Glints2/dict_0003_0012" 8719
"/Engine/EngineMaterials/Substrate/Glints2/dict_0003_0006" 8720
"/Engine/EngineMaterials/Substrate/Glints2/dict_0003_0007" 8721
"/Engine/EngineMaterials/Substrate/Glints2/dict_0003_0013" 8722
"/Engine/EngineMaterials/Substrate/Glints2/dict_0003_0008" 8723
"../../../Engine/Content/EngineMaterials/Substrate/Glints2/dict_0003_0004.uasset" 8724
"../../../Engine/Content/EngineMaterials/Substrate/Glints2/dict_0003_0005.uasset" 8725
"../../../Engine/Content/EngineMaterials/Substrate/Glints2/dict_0003_0003.uasset" 8726
"../../../Engine/Content/EngineMaterials/Substrate/Glints2/dict_0003_0000.uasset" 8727
"../../../Engine/Content/EngineMaterials/Substrate/Glints2/dict_0003_0002.uasset" 8728
"../../../Engine/Content/EngineMaterials/Substrate/Glints2/dict_0003_0001.uasset" 8729
"../../../Engine/Content/EngineMaterials/Substrate/Glints2/dict_0002_0253.uasset" 8730
"../../../Engine/Content/EngineMaterials/Substrate/Glints2/dict_0002_0255.uasset" 8731
"../../../Engine/Content/EngineMaterials/Substrate/Glints2/dict_0002_0254.uasset" 8732
"../../../Engine/Content/EngineMaterials/Substrate/Glints2/dict_0002_0252.uasset" 8733
"/Engine/EngineMaterials/Substrate/Glints2/dict_0003_0000" 8734
"/Engine/EngineMaterials/Substrate/Glints2/dict_0003_0001" 8735
"/Engine/EngineMaterials/Substrate/Glints2/dict_0003_0002" 8736
"/Engine/EngineMaterials/Substrate/Glints2/dict_0003_0003" 8737
"/Engine/EngineMaterials/Substrate/Glints2/dict_0003_0004" 8738
"../../../Engine/Content/EngineMaterials/Substrate/Glints2/dict_0002_0250.uasset" 8739
"../../../Engine/Content/EngineMaterials/Substrate/Glints2/dict_0002_0249.uasset" 8740
"../../../Engine/Content/EngineMaterials/Substrate/Glints2/dict_0002_0251.uasset" 8741
"../../../Engine/Content/EngineMaterials/Substrate/Glints2/dict_0002_0246.uasset" 8742
"../../../Engine/Content/EngineMaterials/Substrate/Glints2/dict_0002_0247.uasset" 8743
"/Engine/EngineMaterials/Substrate/Glints2/dict_0003_0005" 8744
"/Engine/EngineMaterials/Substrate/Glints2/dict_0002_0252" 8745
"/Engine/EngineMaterials/Substrate/Glints2/dict_0002_0253" 8746
"/Engine/EngineMaterials/Substrate/Glints2/dict_0002_0254" 8747
"/Engine/EngineMaterials/Substrate/Glints2/dict_0002_0255" 8748
"/Engine/EngineMaterials/Substrate/Glints2/dict_0002_0246" 8749
"/Engine/EngineMaterials/Substrate/Glints2/dict_0002_0247" 8750
"/Engine/EngineMaterials/Substrate/Glints2/dict_0002_0249" 8751
"/Engine/EngineMaterials/Substrate/Glints2/dict_0002_0250" 8752
"../../../Engine/Content/EngineMaterials/Substrate/Glints2/dict_0002_0248.uasset" 8753
"/Engine/EngineMaterials/Substrate/Glints2/dict_0002_0251" 8754
"/Engine/EngineMaterials/Substrate/Glints2/dict_0002_0248" 8755
"../../../Engine/Content/EngineMaterials/Substrate/Glints2/dict_0002_0243.uasset" 8756
"../../../Engine/Content/EngineMaterials/Substrate/Glints2/dict_0002_0244.uasset" 8757
"../../../Engine/Content/EngineMaterials/Substrate/Glints2/dict_0002_0242.uasset" 8758
"../../../Engine/Content/EngineMaterials/Substrate/Glints2/dict_0002_0245.uasset" 8759
"../../../Engine/Content/EngineMaterials/Substrate/Glints2/dict_0002_0239.uasset" 8760
"../../../Engine/Content/EngineMaterials/Substrate/Glints2/dict_0002_0241.uasset" 8761
"../../../Engine/Content/EngineMaterials/Substrate/Glints2/dict_0002_0240.uasset" 8762
"../../../Engine/Content/EngineMaterials/Substrate/Glints2/dict_0002_0238.uasset" 8763
"../../../Engine/Content/EngineMaterials/Substrate/Glints2/dict_0002_0237.uasset" 8764
"../../../Engine/Content/EngineMaterials/Substrate/Glints2/dict_0002_0236.uasset" 8765
"/Engine/EngineMaterials/Substrate/Glints2/dict_0002_0238" 8766
"../../../Engine/Content/EngineMaterials/Substrate/Glints2/dict_0002_0234.uasset" 8767
"../../../Engine/Content/EngineMaterials/Substrate/Glints2/dict_0002_0233.uasset" 8768
"../../../Engine/Content/EngineMaterials/Substrate/Glints2/dict_0002_0232.uasset" 8769
"../../../Engine/Content/EngineMaterials/Substrate/Glints2/dict_0002_0235.uasset" 8770
"/Engine/EngineMaterials/Substrate/Glints2/dict_0002_0239" 8771
"/Engine/EngineMaterials/Substrate/Glints2/dict_0002_0240" 8772
"/Engine/EngineMaterials/Substrate/Glints2/dict_0002_0241" 8773
"/Engine/EngineMaterials/Substrate/Glints2/dict_0002_0236" 8774
"/Engine/EngineMaterials/Substrate/Glints2/dict_0002_0242" 8775
"/Engine/EngineMaterials/Substrate/Glints2/dict_0002_0243" 8776
"/Engine/EngineMaterials/Substrate/Glints2/dict_0002_0244" 8777
"/Engine/EngineMaterials/Substrate/Glints2/dict_0002_0237" 8778
"/Engine/EngineMaterials/Substrate/Glints2/dict_0002_0245" 8779
"/Engine/EngineMaterials/Substrate/Glints2/dict_0002_0232" 8780
"../../../Engine/Content/EngineMaterials/Substrate/Glints2/dict_0002_0230.uasset" 8781
"../../../Engine/Content/EngineMaterials/Substrate/Glints2/dict_0002_0228.uasset" 8782
"../../../Engine/Content/EngineMaterials/Substrate/Glints2/dict_0002_0229.uasset" 8783
"../../../Engine/Content/EngineMaterials/Substrate/Glints2/dict_0002_0227.uasset" 8784
"../../../Engine/Content/EngineMaterials/Substrate/Glints2/dict_0002_0226.uasset" 8785
"../../../Engine/Content/EngineMaterials/Substrate/Glints2/dict_0002_0231.uasset" 8786
"/Engine/EngineMaterials/Substrate/Glints2/dict_0002_0233" 8787
"/Engine/EngineMaterials/Substrate/Glints2/dict_0002_0234" 8788
"/Engine/EngineMaterials/Substrate/Glints2/dict_0002_0235" 8789
"../../../Engine/Content/EngineMaterials/Substrate/Glints2/dict_0003_0225.uasset" 8790
"/Engine/EngineMaterials/Substrate/Glints2/dict_0002_0228" 8791
"/Engine/EngineMaterials/Substrate/Glints2/dict_0002_0229" 8792
"/Engine/EngineMaterials/Substrate/Glints2/dict_0002_0230" 8793
"/Engine/EngineMaterials/Substrate/Glints2/dict_0002_0231" 8794
"/Engine/EngineMaterials/Substrate/Glints2/dict_0002_0226" 8795
"/Engine/EngineMaterials/Substrate/Glints2/dict_0002_0227" 8796
"/Engine/EngineMaterials/Substrate/Glints2/dict_0003_0225" 8797
"../../../Engine/Content/EngineMaterials/Substrate/Glints2/dict_0002_0225.uasset" 8798
"../../../Engine/Content/EngineMaterials/Substrate/Glints2/dict_0002_0223.uasset" 8799
"../../../Engine/Content/EngineMaterials/Substrate/Glints2/dict_0002_0224.uasset" 8800
"../../../Engine/Content/EngineMaterials/Substrate/Glints2/dict_0002_0222.uasset" 8801
"../../../Engine/Content/EngineMaterials/Substrate/Glints2/dict_0002_0218.uasset" 8802
"../../../Engine/Content/EngineMaterials/Substrate/Glints2/dict_0002_0216.uasset" 8803
"../../../Engine/Content/EngineMaterials/Substrate/Glints2/dict_0003_0239.uasset" 8804
"../../../Engine/Content/EngineMaterials/Substrate/Glints2/dict_0002_0219.uasset" 8805
"../../../Engine/Content/EngineMaterials/Substrate/Glints2/dict_0002_0220.uasset" 8806
"../../../Engine/Content/EngineMaterials/Substrate/Glints2/dict_0002_0217.uasset" 8807
"../../../Engine/Content/EngineMaterials/Substrate/Glints2/dict_0002_0221.uasset" 8808
"/Engine/EngineMaterials/Substrate/Glints2/dict_0002_0223" 8809
"/Engine/EngineMaterials/Substrate/Glints2/dict_0002_0224" 8810
"/Engine/EngineMaterials/Substrate/Glints2/dict_0002_0222" 8811
"/Engine/EngineMaterials/Substrate/Glints2/dict_0002_0225" 8812
"../../../Engine/Content/EngineMaterials/Substrate/Glints2/dict_0002_0214.uasset" 8813
"../../../Engine/Content/EngineMaterials/Substrate/Glints2/dict_0002_0213.uasset" 8814
"/Engine/EngineMaterials/Substrate/Glints2/dict_0003_0239" 8815
"/Engine/EngineMaterials/Substrate/Glints2/dict_0002_0216" 8816
"../../../Engine/Content/EngineMaterials/Substrate/Glints2/dict_0002_0212.uasset" 8817
"../../../Engine/Content/EngineMaterials/Substrate/Glints2/dict_0002_0211.uasset" 8818
"/Engine/EngineMaterials/Substrate/Glints2/dict_0002_0217" 8819
"/Engine/EngineMaterials/Substrate/Glints2/dict_0002_0218" 8820
"/Engine/EngineMaterials/Substrate/Glints2/dict_0002_0219" 8821
"../../../Engine/Content/EngineMaterials/Substrate/Glints2/dict_0003_0142.uasset" 8822
"/Engine/EngineMaterials/Substrate/Glints2/dict_0002_0220" 8823
"/Engine/EngineMaterials/Substrate/Glints2/dict_0002_0221" 8824
"/Engine/EngineMaterials/Substrate/Glints2/dict_0002_0212" 8825
"/Engine/EngineMaterials/Substrate/Glints2/dict_0002_0213" 8826
"/Engine/EngineMaterials/Substrate/Glints2/dict_0003_0142" 8827
"../../../Engine/Content/EngineMaterials/Substrate/Glints2/dict_0002_0206.uasset" 8828
"../../../Engine/Content/EngineMaterials/Substrate/Glints2/dict_0002_0209.uasset" 8829
"../../../Engine/Content/EngineMaterials/Substrate/Glints2/dict_0002_0204.uasset" 8830
"../../../Engine/Content/EngineMaterials/Substrate/Glints2/dict_0002_0205.uasset" 8831
"../../../Engine/Content/EngineMaterials/Substrate/Glints2/dict_0002_0207.uasset" 8832
"../../../Engine/Content/EngineMaterials/Substrate/Glints2/dict_0002_0210.uasset" 8833
"../../../Engine/Content/EngineMaterials/Substrate/Glints2/dict_0002_0208.uasset" 8834
"/Engine/EngineMaterials/Substrate/Glints2/dict_0002_0214" 8835
"../../../Engine/Content/EngineMaterials/Substrate/Glints2/dict_0003_0222.uasset" 8836
"/Engine/EngineMaterials/Substrate/Glints2/dict_0002_0211" 8837
"/Engine/EngineMaterials/Substrate/Glints2/dict_0002_0204" 8838
"/Engine/EngineMaterials/Substrate/Glints2/dict_0002_0208" 8839
"/Engine/EngineMaterials/Substrate/Glints2/dict_0002_0205" 8840
"/Engine/EngineMaterials/Substrate/Glints2/dict_0002_0206" 8841
"/Engine/EngineMaterials/Substrate/Glints2/dict_0002_0207" 8842
"/Engine/EngineMaterials/Substrate/Glints2/dict_0002_0209" 8843
"/Engine/EngineMaterials/Substrate/Glints2/dict_0003_0222" 8844
"/Engine/EngineMaterials/Substrate/Glints2/dict_0002_0210" 8845
"../../../Engine/Content/EngineMaterials/Substrate/Glints2/dict_0002_0203.uasset" 8846
"../../../Engine/Content/EngineMaterials/Substrate/Glints2/dict_0002_0198.uasset" 8847
"../../../Engine/Content/EngineMaterials/Substrate/Glints2/dict_0002_0194.uasset" 8848
"../../../Engine/Content/EngineMaterials/Substrate/Glints2/dict_0002_0192.uasset" 8849
"../../../Engine/Content/EngineMaterials/Substrate/Glints2/dict_0002_0200.uasset" 8850
"../../../Engine/Content/EngineMaterials/Substrate/Glints2/dict_0002_0202.uasset" 8851
"../../../Engine/Content/EngineMaterials/Substrate/Glints2/dict_0002_0201.uasset" 8852
"../../../Engine/Content/EngineMaterials/Substrate/Glints2/dict_0002_0199.uasset" 8853
"../../../Engine/Content/EngineMaterials/Substrate/Glints2/dict_0002_0195.uasset" 8854
"../../../Engine/Content/EngineMaterials/Substrate/Glints2/dict_0002_0197.uasset" 8855
"/Engine/EngineMaterials/Substrate/Glints2/dict_0002_0192" 8856
"../../../Engine/Content/EngineMaterials/Substrate/Glints2/dict_0002_0196.uasset" 8857
"../../../Engine/Content/EngineMaterials/Substrate/Glints2/dict_0002_0193.uasset" 8858
"/Engine/EngineMaterials/Substrate/Glints2/dict_0002_0201" 8859
"/Engine/EngineMaterials/Substrate/Glints2/dict_0002_0202" 8860
"/Engine/EngineMaterials/Substrate/Glints2/dict_0002_0203" 8861
"/Engine/EngineMaterials/Substrate/Glints2/dict_0002_0194" 8862
"/Engine/EngineMaterials/Substrate/Glints2/dict_0002_0195" 8863
"/Engine/EngineMaterials/Substrate/Glints2/dict_0002_0197" 8864
"/Engine/EngineMaterials/Substrate/Glints2/dict_0002_0198" 8865
"/Engine/EngineMaterials/Substrate/Glints2/dict_0002_0199" 8866
"/Engine/EngineMaterials/Substrate/Glints2/dict_0002_0200" 8867
"/Engine/EngineMaterials/Substrate/Glints2/dict_0002_0193" 8868
"/Engine/EngineMaterials/Substrate/Glints2/dict_0002_0196" 8869
"../../../Engine/Content/EngineMaterials/Substrate/Glints2/dict_0002_0187.uasset" 8870
"../../../Engine/Content/EngineMaterials/Substrate/Glints2/dict_0002_0190.uasset" 8871
"../../../Engine/Content/EngineMaterials/Substrate/Glints2/dict_0002_0189.uasset" 8872
"/Engine/EngineMaterials/Substrate/Glints2/dict_0002_0190" 8873
"../../../Engine/Content/EngineMaterials/Substrate/Glints2/dict_0002_0188.uasset" 8874
"/Engine/EngineMaterials/Substrate/Glints2/dict_0002_0187" 8875
"/Engine/EngineMaterials/Substrate/Glints2/dict_0002_0189" 8876
"../../../Engine/Content/EngineMaterials/Substrate/Glints2/dict_0002_0182.uasset" 8877
"/Engine/EngineMaterials/Substrate/Glints2/dict_0002_0188" 8878
"../../../Engine/Content/EngineMaterials/Substrate/Glints2/dict_0002_0181.uasset" 8879
"../../../Engine/Content/EngineMaterials/Substrate/Glints2/dict_0002_0183.uasset" 8880
"../../../Engine/Content/EngineMaterials/Substrate/Glints2/dict_0002_0186.uasset" 8881
"/Engine/EngineMaterials/Substrate/Glints2/dict_0002_0182" 8882
"../../../Engine/Content/EngineMaterials/Substrate/Glints2/dict_0002_0185.uasset" 8883
"../../../Engine/Content/EngineMaterials/Substrate/Glints2/dict_0002_0184.uasset" 8884
"/Engine/EngineMaterials/Substrate/Glints2/dict_0002_0185" 8885
"/Engine/EngineMaterials/Substrate/Glints2/dict_0002_0186" 8886
"/Engine/EngineMaterials/Substrate/Glints2/dict_0002_0181" 8887
"/Engine/EngineMaterials/Substrate/Glints2/dict_0002_0183" 8888
"/Engine/EngineMaterials/Substrate/Glints2/dict_0002_0184" 8889
"../../../Engine/Content/EngineMaterials/Substrate/Glints2/dict_0002_0180.uasset" 8890
"../../../Engine/Content/EngineMaterials/Substrate/Glints2/dict_0002_0179.uasset" 8891
"../../../Engine/Content/EngineMaterials/Substrate/Glints2/dict_0002_0175.uasset" 8892
"../../../Engine/Content/EngineMaterials/Substrate/Glints2/dict_0002_0173.uasset" 8893
"../../../Engine/Content/EngineMaterials/Substrate/Glints2/dict_0002_0178.uasset" 8894
"../../../Engine/Content/EngineMaterials/Substrate/Glints2/dict_0002_0176.uasset" 8895
"../../../Engine/Content/EngineMaterials/Substrate/Glints2/dict_0002_0177.uasset" 8896
"../../../Engine/Content/EngineMaterials/Substrate/Glints2/dict_0002_0171.uasset" 8897
"../../../Engine/Content/EngineMaterials/Substrate/Glints2/dict_0002_0174.uasset" 8898
"../../../Engine/Content/EngineMaterials/Substrate/Glints2/dict_0002_0172.uasset" 8899
"/Engine/EngineMaterials/Substrate/Glints2/dict_0002_0177" 8900
"../../../Engine/Content/EngineMaterials/Substrate/Glints2/dict_0002_0169.uasset" 8901
"../../../Engine/Content/EngineMaterials/Substrate/Glints2/dict_0002_0168.uasset" 8902
"../../../Engine/Content/EngineMaterials/Substrate/Glints2/dict_0002_0170.uasset" 8903
"/Engine/EngineMaterials/Substrate/Glints2/dict_0002_0171" 8904
"../../../Engine/Content/EngineMaterials/Substrate/Glints2/dict_0002_0167.uasset" 8905
"/Engine/EngineMaterials/Substrate/Glints2/dict_0002_0178" 8906
"/Engine/EngineMaterials/Substrate/Glints2/dict_0002_0179" 8907
"/Engine/EngineMaterials/Substrate/Glints2/dict_0002_0180" 8908
"/Engine/EngineMaterials/Substrate/Glints2/dict_0002_0172" 8909
"/Engine/EngineMaterials/Substrate/Glints2/dict_0002_0173" 8910
"../../../Engine/Content/EngineMaterials/Substrate/Glints2/dict_0002_0162.uasset" 8911
"../../../Engine/Content/EngineMaterials/Substrate/Glints2/dict_0002_0163.uasset" 8912
"/Engine/EngineMaterials/Substrate/Glints2/dict_0002_0174" 8913
"/Engine/EngineMaterials/Substrate/Glints2/dict_0002_0175" 8914
"/Engine/EngineMaterials/Substrate/Glints2/dict_0002_0176" 8915
"/Engine/EngineMaterials/Substrate/Glints2/dict_0002_0162" 8916
"/Engine/EngineMaterials/Substrate/Glints2/dict_0002_0167" 8917
"../../../Engine/Content/EngineMaterials/Substrate/Glints2/dict_0002_0166.uasset" 8918
"/Engine/EngineMaterials/Substrate/Glints2/dict_0002_0168" 8919
"../../../Engine/Content/EngineMaterials/Substrate/Glints2/dict_0002_0164.uasset" 8920
"../../../Engine/Content/EngineMaterials/Substrate/Glints2/dict_0002_0165.uasset" 8921
"/Engine/EngineMaterials/Substrate/Glints2/dict_0002_0163" 8922
"../../../Engine/Content/EngineMaterials/Substrate/Glints2/dict_0002_0159.uasset" 8923
"/Engine/EngineMaterials/Substrate/Glints2/dict_0002_0169" 8924
"../../../Engine/Content/EngineMaterials/Substrate/Glints2/dict_0002_0158.uasset" 8925
"/Engine/EngineMaterials/Substrate/Glints2/dict_0002_0170" 8926
"../../../Engine/Content/EngineMaterials/Substrate/Glints2/dict_0002_0160.uasset" 8927
"/Engine/EngineMaterials/Substrate/Glints2/dict_0002_0160" 8928
"/Engine/EngineMaterials/Substrate/Glints2/dict_0002_0165" 8929
"/Engine/EngineMaterials/Substrate/Glints2/dict_0002_0158" 8930
"/Engine/EngineMaterials/Substrate/Glints2/dict_0002_0159" 8931
"../../../Engine/Content/EngineMaterials/Substrate/Glints2/dict_0002_0157.uasset" 8932
"../../../Engine/Content/EngineMaterials/Substrate/Glints2/dict_0002_0155.uasset" 8933
"/Engine/EngineMaterials/Substrate/Glints2/dict_0002_0164" 8934
"/Engine/EngineMaterials/Substrate/Glints2/dict_0002_0166" 8935
"/Engine/EngineMaterials/Substrate/Glints2/dict_0002_0157" 8936
"/Engine/EngineMaterials/Substrate/Glints2/dict_0002_0155" 8937
"../../../Engine/Content/EngineMaterials/Substrate/Glints2/dict_0002_0156.uasset" 8938
"../../../Engine/Content/EngineMaterials/Substrate/Glints2/dict_0002_0161.uasset" 8939
"../../../Engine/Content/EngineMaterials/Substrate/Glints2/dict_0002_0150.uasset" 8940
"../../../Engine/Content/EngineMaterials/Substrate/Glints2/dict_0002_0154.uasset" 8941
"../../../Engine/Content/EngineMaterials/Substrate/Glints2/dict_0002_0152.uasset" 8942
"../../../Engine/Content/EngineMaterials/Substrate/Glints2/dict_0002_0153.uasset" 8943
"../../../Engine/Content/EngineMaterials/Substrate/Glints2/dict_0002_0148.uasset" 8944
"../../../Engine/Content/EngineMaterials/Substrate/Glints2/dict_0002_0151.uasset" 8945
"../../../Engine/Content/EngineMaterials/Substrate/Glints2/dict_0002_0149.uasset" 8946
"../../../Engine/Content/EngineMaterials/Substrate/Glints2/dict_0002_0147.uasset" 8947
"/Engine/EngineMaterials/Substrate/Glints2/dict_0002_0156" 8948
"/Engine/EngineMaterials/Substrate/Glints2/dict_0002_0147" 8949
"../../../Engine/Content/EngineMaterials/Substrate/Glints2/dict_0002_0145.uasset" 8950
"../../../Engine/Content/EngineMaterials/Substrate/Glints2/dict_0002_0146.uasset" 8951
"/Engine/EngineMaterials/Substrate/Glints2/dict_0002_0148" 8952
"../../../Engine/Content/EngineMaterials/Substrate/Glints2/dict_0002_0144.uasset" 8953
"/Engine/EngineMaterials/Substrate/Glints2/dict_0002_0149" 8954
"/Engine/EngineMaterials/Substrate/Glints2/dict_0002_0161" 8955
"/Engine/EngineMaterials/Substrate/Glints2/dict_0002_0150" 8956
"/Engine/EngineMaterials/Substrate/Glints2/dict_0002_0151" 8957
"/Engine/EngineMaterials/Substrate/Glints2/dict_0002_0152" 8958
"/Engine/EngineMaterials/Substrate/Glints2/dict_0002_0153" 8959
"../../../Engine/Content/EngineMaterials/Substrate/Glints2/dict_0002_0142.uasset" 8960
"../../../Engine/Content/EngineMaterials/Substrate/Glints2/dict_0002_0141.uasset" 8961
"/Engine/EngineMaterials/Substrate/Glints2/dict_0002_0154" 8962
"/Engine/EngineMaterials/Substrate/Glints2/dict_0002_0141" 8963
"/Engine/EngineMaterials/Substrate/Glints2/dict_0002_0142" 8964
"/Engine/EngineMaterials/Substrate/Glints2/dict_0002_0144" 8965
"/Engine/EngineMaterials/Substrate/Glints2/dict_0002_0145" 8966
"/Engine/EngineMaterials/Substrate/Glints2/dict_0002_0146" 8967
"../../../Engine/Content/EngineMaterials/Substrate/Glints2/dict_0002_0140.uasset" 8968
"../../../Engine/Content/EngineMaterials/Substrate/Glints2/dict_0002_0139.uasset" 8969
"../../../Engine/Content/EngineMaterials/Substrate/Glints2/dict_0002_0137.uasset" 8970
"../../../Engine/Content/EngineMaterials/Substrate/Glints2/dict_0002_0135.uasset" 8971
"../../../Engine/Content/EngineMaterials/Substrate/Glints2/dict_0002_0143.uasset" 8972
"../../../Engine/Content/EngineMaterials/Substrate/Glints2/dict_0002_0134.uasset" 8973
"../../../Engine/Content/EngineMaterials/Substrate/Glints2/dict_0002_0138.uasset" 8974
"/Engine/EngineMaterials/Substrate/Glints2/dict_0002_0139" 8975
"../../../Engine/Content/EngineMaterials/Substrate/Glints2/dict_0002_0133.uasset" 8976
"../../../Engine/Content/EngineMaterials/Substrate/Glints2/dict_0002_0132.uasset" 8977
"../../../Engine/Content/EngineMaterials/Substrate/Glints2/dict_0002_0128.uasset" 8978
"../../../Engine/Content/EngineMaterials/Substrate/Glints2/dict_0002_0136.uasset" 8979
"../../../Engine/Content/EngineMaterials/Substrate/Glints2/dict_0002_0131.uasset" 8980
"../../../Engine/Content/EngineMaterials/Substrate/Glints2/dict_0002_0130.uasset" 8981
"/Engine/EngineMaterials/Substrate/Glints2/dict_0002_0140" 8982
"/Engine/EngineMaterials/Substrate/Glints2/dict_0002_0143" 8983
"/Engine/EngineMaterials/Substrate/Glints2/dict_0002_0134" 8984
"/Engine/EngineMaterials/Substrate/Glints2/dict_0002_0135" 8985
"/Engine/EngineMaterials/Substrate/Glints2/dict_0002_0137" 8986
"/Engine/EngineMaterials/Substrate/Glints2/dict_0002_0138" 8987
"/Engine/EngineMaterials/Substrate/Glints2/dict_0002_0131" 8988
"/Engine/EngineMaterials/Substrate/Glints2/dict_0002_0133" 8989
"/Engine/EngineMaterials/Substrate/Glints2/dict_0002_0136" 8990
"/Engine/EngineMaterials/Substrate/Glints2/dict_0002_0132" 8991
"/Engine/EngineMaterials/Substrate/Glints2/dict_0002_0128" 8992
"/Engine/EngineMaterials/Substrate/Glints2/dict_0002_0130" 8993
"../../../Engine/Content/EngineMaterials/Substrate/Glints2/dict_0002_0120.uasset" 8994
"../../../Engine/Content/EngineMaterials/Substrate/Glints2/dict_0002_0129.uasset" 8995
"../../../Engine/Content/EngineMaterials/Substrate/Glints2/dict_0002_0122.uasset" 8996
"../../../Engine/Content/EngineMaterials/Substrate/Glints2/dict_0002_0124.uasset" 8997
"../../../Engine/Content/EngineMaterials/Substrate/Glints2/dict_0002_0118.uasset" 8998
"../../../Engine/Content/EngineMaterials/Substrate/Glints2/dict_0002_0125.uasset" 8999
"../../../Engine/Content/EngineMaterials/Substrate/Glints2/dict_0002_0123.uasset" 9000
"../../../Engine/Content/EngineMaterials/Substrate/Glints2/dict_0002_0127.uasset" 9001
"/Engine/EngineMaterials/Substrate/Glints2/dict_0002_0118" 9002
"/Engine/EngineMaterials/Substrate/Glints2/dict_0002_0120" 9003
"/Engine/EngineMaterials/Substrate/Glints2/dict_0002_0122" 9004
"/Engine/EngineMaterials/Substrate/Glints2/dict_0002_0123" 9005
"/Engine/EngineMaterials/Substrate/Glints2/dict_0002_0124" 9006
"/Engine/EngineMaterials/Substrate/Glints2/dict_0002_0125" 9007
"/Engine/EngineMaterials/Substrate/Glints2/dict_0002_0129" 9008
"../../../Engine/Content/EngineMaterials/Substrate/Glints2/dict_0002_0117.uasset" 9009
"../../../Engine/Content/EngineMaterials/Substrate/Glints2/dict_0002_0126.uasset" 9010
"/Engine/EngineMaterials/Substrate/Glints2/dict_0002_0127" 9011
"/Engine/EngineMaterials/Substrate/Glints2/dict_0002_0117" 9012
"../../../Engine/Content/EngineMaterials/Substrate/Glints2/dict_0002_0121.uasset" 9013
"/Engine/EngineMaterials/Substrate/Glints2/dict_0002_0126" 9014
"/Engine/EngineMaterials/Substrate/Glints2/dict_0002_0121" 9015
"../../../Engine/Content/EngineMaterials/Substrate/Glints2/dict_0002_0119.uasset" 9016
"/Engine/EngineMaterials/Substrate/Glints2/dict_0002_0119" 9017
"../../../Engine/Content/EngineMaterials/Substrate/Glints2/dict_0002_0112.uasset" 9018
"../../../Engine/Content/EngineMaterials/Substrate/Glints2/dict_0002_0114.uasset" 9019
"../../../Engine/Content/EngineMaterials/Substrate/Glints2/dict_0002_0116.uasset" 9020
"../../../Engine/Content/EngineMaterials/Substrate/Glints2/dict_0002_0115.uasset" 9021
"../../../Engine/Content/EngineMaterials/Substrate/Glints2/dict_0002_0113.uasset" 9022
"../../../Engine/Content/EngineMaterials/Substrate/Glints2/dict_0002_0107.uasset" 9023
"../../../Engine/Content/EngineMaterials/Substrate/Glints2/dict_0002_0109.uasset" 9024
"../../../Engine/Content/EngineMaterials/Substrate/Glints2/dict_0002_0111.uasset" 9025
"/Engine/EngineMaterials/Substrate/Glints2/dict_0002_0109" 9026
"../../../Engine/Content/EngineMaterials/Substrate/Glints2/dict_0002_0104.uasset" 9027
"../../../Engine/Content/EngineMaterials/Substrate/Glints2/dict_0002_0106.uasset" 9028
"../../../Engine/Content/EngineMaterials/Substrate/Glints2/dict_0002_0105.uasset" 9029
"/Engine/EngineMaterials/Substrate/Glints2/dict_0002_0116" 9030
"/Engine/EngineMaterials/Substrate/Glints2/dict_0002_0111" 9031
"../../../Engine/Content/EngineMaterials/Substrate/Glints2/dict_0002_0103.uasset" 9032
"/Engine/EngineMaterials/Substrate/Glints2/dict_0002_0112" 9033
"/Engine/EngineMaterials/Substrate/Glints2/dict_0002_0113" 9034
"../../../Engine/Content/EngineMaterials/Substrate/Glints2/dict_0002_0108.uasset" 9035
"/Engine/EngineMaterials/Substrate/Glints2/dict_0002_0114" 9036
"../../../Engine/Content/EngineMaterials/Substrate/Glints2/dict_0002_0110.uasset" 9037
"/Engine/EngineMaterials/Substrate/Glints2/dict_0002_0115" 9038
"/Engine/EngineMaterials/Substrate/Glints2/dict_0002_0107" 9039
"/Engine/EngineMaterials/Substrate/Glints2/dict_0002_0103" 9040
"/Engine/EngineMaterials/Substrate/Glints2/dict_0002_0110" 9041
"/Engine/EngineMaterials/Substrate/Glints2/dict_0002_0104" 9042
"/Engine/EngineMaterials/Substrate/Glints2/dict_0002_0105" 9043
"/Engine/EngineMaterials/Substrate/Glints2/dict_0002_0106" 9044
"/Engine/EngineMaterials/Substrate/Glints2/dict_0002_0108" 9045
"../../../Engine/Content/EngineMaterials/Substrate/Glints2/dict_0002_0102.uasset" 9046
"../../../Engine/Content/EngineMaterials/Substrate/Glints2/dict_0002_0101.uasset" 9047
"../../../Engine/Content/EngineMaterials/Substrate/Glints2/dict_0002_0096.uasset" 9048
"../../../Engine/Content/EngineMaterials/Substrate/Glints2/dict_0002_0095.uasset" 9049
"../../../Engine/Content/EngineMaterials/Substrate/Glints2/dict_0002_0099.uasset" 9050
"../../../Engine/Content/EngineMaterials/Substrate/Glints2/dict_0002_0098.uasset" 9051
"../../../Engine/Content/EngineMaterials/Substrate/Glints2/dict_0002_0100.uasset" 9052
"../../../Engine/Content/EngineMaterials/Substrate/Glints2/dict_0002_0097.uasset" 9053
"../../../Engine/Content/EngineMaterials/Substrate/Glints2/dict_0002_0093.uasset" 9054
"../../../Engine/Content/EngineMaterials/Substrate/Glints2/dict_0002_0090.uasset" 9055
"../../../Engine/Content/EngineMaterials/Substrate/Glints2/dict_0002_0089.uasset" 9056
"/Engine/EngineMaterials/Substrate/Glints2/dict_0002_0093" 9057
"/Engine/EngineMaterials/Substrate/Glints2/dict_0002_0096" 9058
"../../../Engine/Content/EngineMaterials/Substrate/Glints2/dict_0002_0092.uasset" 9059
"../../../Engine/Content/EngineMaterials/Substrate/Glints2/dict_0002_0088.uasset" 9060
"/Engine/EngineMaterials/Substrate/Glints2/dict_0002_0097" 9061
"../../../Engine/Content/EngineMaterials/Substrate/Glints2/dict_0002_0094.uasset" 9062
"/Engine/EngineMaterials/Substrate/Glints2/dict_0002_0098" 9063
"/Engine/EngineMaterials/Substrate/Glints2/dict_0002_0099" 9064
"/Engine/EngineMaterials/Substrate/Glints2/dict_0002_0100" 9065
"/Engine/EngineMaterials/Substrate/Glints2/dict_0002_0101" 9066
"/Engine/EngineMaterials/Substrate/Glints2/dict_0002_0095" 9067
"/Engine/EngineMaterials/Substrate/Glints2/dict_0002_0102" 9068
"/Engine/EngineMaterials/Substrate/Glints2/dict_0002_0092" 9069
"/Engine/EngineMaterials/Substrate/Glints2/dict_0002_0088" 9070
"/Engine/EngineMaterials/Substrate/Glints2/dict_0002_0094" 9071
"/Engine/EngineMaterials/Substrate/Glints2/dict_0002_0089" 9072
"/Engine/EngineMaterials/Substrate/Glints2/dict_0002_0090" 9073
"../../../Engine/Content/EngineMaterials/Substrate/Glints2/dict_0002_0086.uasset" 9074
"../../../Engine/Content/EngineMaterials/Substrate/Glints2/dict_0002_0091.uasset" 9075
"../../../Engine/Content/EngineMaterials/Substrate/Glints2/dict_0002_0087.uasset" 9076
"../../../Engine/Content/EngineMaterials/Substrate/Glints2/dict_0002_0082.uasset" 9077
"../../../Engine/Content/EngineMaterials/Substrate/Glints2/dict_0002_0083.uasset" 9078
"../../../Engine/Content/EngineMaterials/Substrate/Glints2/dict_0002_0085.uasset" 9079
"../../../Engine/Content/EngineMaterials/Substrate/Glints2/dict_0002_0080.uasset" 9080
"../../../Engine/Content/EngineMaterials/Substrate/Glints2/dict_0002_0084.uasset" 9081
"../../../Engine/Content/EngineMaterials/Substrate/Glints2/dict_0002_0081.uasset" 9082
"../../../Engine/Content/EngineMaterials/Substrate/Glints2/dict_0002_0079.uasset" 9083
"../../../Engine/Content/EngineMaterials/Substrate/Glints2/dict_0002_0078.uasset" 9084
"../../../Engine/Content/EngineMaterials/Substrate/Glints2/dict_0002_0077.uasset" 9085
"../../../Engine/Content/EngineMaterials/Substrate/Glints2/dict_0002_0073.uasset" 9086
"/Engine/EngineMaterials/Substrate/Glints2/dict_0002_0083" 9087
"../../../Engine/Content/EngineMaterials/Substrate/Glints2/dict_0002_0075.uasset" 9088
"../../../Engine/Content/EngineMaterials/Substrate/Glints2/dict_0002_0071.uasset" 9089
"/Engine/EngineMaterials/Substrate/Glints2/dict_0002_0077" 9090
"/Engine/EngineMaterials/Substrate/Glints2/dict_0002_0078" 9091
"../../../Engine/Content/EngineMaterials/Substrate/Glints2/dict_0002_0076.uasset" 9092
"../../../Engine/Content/EngineMaterials/Substrate/Glints2/dict_0002_0074.uasset" 9093
"/Engine/EngineMaterials/Substrate/Glints2/dict_0002_0084" 9094
"../../../Engine/Content/EngineMaterials/Substrate/Glints2/dict_0002_0072.uasset" 9095
"/Engine/EngineMaterials/Substrate/Glints2/dict_0002_0085" 9096
"/Engine/EngineMaterials/Substrate/Glints2/dict_0002_0079" 9097
"/Engine/EngineMaterials/Substrate/Glints2/dict_0002_0086" 9098
"/Engine/EngineMaterials/Substrate/Glints2/dict_0002_0091" 9099
"/Engine/EngineMaterials/Substrate/Glints2/dict_0002_0073" 9100
"/Engine/EngineMaterials/Substrate/Glints2/dict_0002_0087" 9101
"/Engine/EngineMaterials/Substrate/Glints2/dict_0002_0080" 9102
"/Engine/EngineMaterials/Substrate/Glints2/dict_0002_0081" 9103
"/Engine/EngineMaterials/Substrate/Glints2/dict_0002_0082" 9104
"../../../Engine/Content/EngineMaterials/Substrate/Glints2/dict_0002_0067.uasset" 9105
"/Engine/EngineMaterials/Substrate/Glints2/dict_0002_0071" 9106
"../../../Engine/Content/EngineMaterials/Substrate/Glints2/dict_0002_0066.uasset" 9107
"../../../Engine/Content/EngineMaterials/Substrate/Glints2/dict_0002_0069.uasset" 9108
"/Engine/EngineMaterials/Substrate/Glints2/dict_0002_0072" 9109
"../../../Engine/Content/EngineMaterials/Substrate/Glints2/dict_0002_0070.uasset" 9110
"/Engine/EngineMaterials/Substrate/Glints2/dict_0002_0074" 9111
"../../../Engine/Content/EngineMaterials/Substrate/Glints2/dict_0002_0068.uasset" 9112
"/Engine/EngineMaterials/Substrate/Glints2/dict_0002_0075" 9113
"/Engine/EngineMaterials/Substrate/Glints2/dict_0002_0076" 9114
"/Engine/EngineMaterials/Substrate/Glints2/dict_0002_0068" 9115
"/Engine/EngineMaterials/Substrate/Glints2/dict_0002_0069" 9116
"/Engine/EngineMaterials/Substrate/Glints2/dict_0002_0070" 9117
"/Engine/EngineMaterials/Substrate/Glints2/dict_0002_0066" 9118
"/Engine/EngineMaterials/Substrate/Glints2/dict_0002_0067" 9119
"../../../Engine/Content/EngineMaterials/Substrate/Glints2/dict_0002_0063.uasset" 9120
"../../../Engine/Content/EngineMaterials/Substrate/Glints2/dict_0002_0064.uasset" 9121
"../../../Engine/Content/EngineMaterials/Substrate/Glints2/dict_0002_0056.uasset" 9122
"../../../Engine/Content/EngineMaterials/Substrate/Glints2/dict_0002_0058.uasset" 9123
"../../../Engine/Content/EngineMaterials/Substrate/Glints2/dict_0002_0057.uasset" 9124
"/Engine/EngineMaterials/Substrate/Glints2/dict_0002_0063" 9125
"../../../Engine/Content/EngineMaterials/Substrate/Glints2/dict_0002_0060.uasset" 9126
"/Engine/EngineMaterials/Substrate/Glints2/dict_0002_0056" 9127
"/Engine/EngineMaterials/Substrate/Glints2/dict_0002_0057" 9128
"../../../Engine/Content/EngineMaterials/Substrate/Glints2/dict_0002_0065.uasset" 9129
"../../../Engine/Content/EngineMaterials/Substrate/Glints2/dict_0002_0054.uasset" 9130
"../../../Engine/Content/EngineMaterials/Substrate/Glints2/dict_0002_0062.uasset" 9131
"../../../Engine/Content/EngineMaterials/Substrate/Glints2/dict_0002_0055.uasset" 9132
"/Engine/EngineMaterials/Substrate/Glints2/dict_0002_0058" 9133
"/Engine/EngineMaterials/Substrate/Glints2/dict_0002_0064" 9134
"/Engine/EngineMaterials/Substrate/Glints2/dict_0002_0054" 9135
"/Engine/EngineMaterials/Substrate/Glints2/dict_0002_0055" 9136
"/Engine/EngineMaterials/Substrate/Glints2/dict_0002_0060" 9137
"/Engine/EngineMaterials/Substrate/Glints2/dict_0002_0065" 9138
"/Engine/EngineMaterials/Substrate/Glints2/dict_0002_0062" 9139
"../../../Engine/Content/EngineMaterials/Substrate/Glints2/dict_0002_0061.uasset" 9140
"../../../Engine/Content/EngineMaterials/Substrate/Glints2/dict_0002_0050.uasset" 9141
"../../../Engine/Content/EngineMaterials/Substrate/Glints2/dict_0002_0053.uasset" 9142
"../../../Engine/Content/EngineMaterials/Substrate/Glints2/dict_0002_0051.uasset" 9143
"../../../Engine/Content/EngineMaterials/Substrate/Glints2/dict_0002_0049.uasset" 9144
"../../../Engine/Content/EngineMaterials/Substrate/Glints2/dict_0002_0059.uasset" 9145
"../../../Engine/Content/EngineMaterials/Substrate/Glints2/dict_0002_0052.uasset" 9146
"/Engine/EngineMaterials/Substrate/Glints2/dict_0002_0050" 9147
"../../../Engine/Content/EngineMaterials/Substrate/Glints2/dict_0002_0044.uasset" 9148
"../../../Engine/Content/EngineMaterials/Substrate/Glints2/dict_0002_0045.uasset" 9149
"../../../Engine/Content/EngineMaterials/Substrate/Glints2/dict_0002_0040.uasset" 9150
"/Engine/EngineMaterials/Substrate/Glints2/dict_0002_0051" 9151
"/Engine/EngineMaterials/Substrate/Glints2/dict_0002_0052" 9152
"/Engine/EngineMaterials/Substrate/Glints2/dict_0002_0053" 9153
"/Engine/EngineMaterials/Substrate/Glints2/dict_0002_0059" 9154
"/Engine/EngineMaterials/Substrate/Glints2/dict_0002_0061" 9155
"/Engine/EngineMaterials/Substrate/Glints2/dict_0002_0049" 9156
"../../../Engine/Content/EngineMaterials/Substrate/Glints2/dict_0002_0046.uasset" 9157
"/Engine/EngineMaterials/Substrate/Glints2/dict_0002_0040" 9158
"/Engine/EngineMaterials/Substrate/Glints2/dict_0002_0045" 9159
"../../../Engine/Content/EngineMaterials/Substrate/Glints2/dict_0002_0038.uasset" 9160
"/Engine/EngineMaterials/Substrate/Glints2/dict_0002_0044" 9161
"/Engine/EngineMaterials/Substrate/Glints2/dict_0002_0046" 9162
"/Engine/EngineMaterials/Substrate/Glints2/dict_0002_0038" 9163
"../../../Engine/Content/EngineMaterials/Substrate/Glints2/dict_0002_0043.uasset" 9164
"../../../Engine/Content/EngineMaterials/Substrate/Glints2/dict_0002_0047.uasset" 9165
"../../../Engine/Content/EngineMaterials/Substrate/Glints2/dict_0002_0039.uasset" 9166
"../../../Engine/Content/EngineMaterials/Substrate/Glints2/dict_0002_0041.uasset" 9167
"../../../Engine/Content/EngineMaterials/Substrate/Glints2/dict_0002_0048.uasset" 9168
"../../../Engine/Content/EngineMaterials/Substrate/Glints2/dict_0002_0042.uasset" 9169
"../../../Engine/Content/EngineMaterials/Substrate/Glints2/dict_0002_0037.uasset" 9170
"../../../Engine/Content/EngineMaterials/Substrate/Glints2/dict_0002_0035.uasset" 9171
"../../../Engine/Content/EngineMaterials/Substrate/Glints2/dict_0002_0034.uasset" 9172
"../../../Engine/Content/EngineMaterials/Substrate/Glints2/dict_0002_0029.uasset" 9173
"/Engine/EngineMaterials/Substrate/Glints2/dict_0002_0035" 9174
"../../../Engine/Content/EngineMaterials/Substrate/Glints2/dict_0002_0032.uasset" 9175
"../../../Engine/Content/EngineMaterials/Substrate/Glints2/dict_0002_0027.uasset" 9176
"/Engine/EngineMaterials/Substrate/Glints2/dict_0002_0041" 9177
"/Engine/EngineMaterials/Substrate/Glints2/dict_0002_0037" 9178
"../../../Engine/Content/EngineMaterials/Substrate/Glints2/dict_0002_0030.uasset" 9179
"../../../Engine/Content/EngineMaterials/Substrate/Glints2/dict_0002_0033.uasset" 9180
"../../../Engine/Content/EngineMaterials/Substrate/Glints2/dict_0002_0028.uasset" 9181
"../../../Engine/Content/EngineMaterials/Substrate/Glints2/dict_0002_0031.uasset" 9182
"../../../Engine/Content/EngineMaterials/Substrate/Glints2/dict_0002_0036.uasset" 9183
"/Engine/EngineMaterials/Substrate/Glints2/dict_0002_0042" 9184
"/Engine/EngineMaterials/Substrate/Glints2/dict_0002_0047" 9185
"/Engine/EngineMaterials/Substrate/Glints2/dict_0002_0039" 9186
"/Engine/EngineMaterials/Substrate/Glints2/dict_0002_0043" 9187
"/Engine/EngineMaterials/Substrate/Glints2/dict_0002_0048" 9188
"/Engine/EngineMaterials/Substrate/Glints2/dict_0002_0029" 9189
"/Engine/EngineMaterials/Substrate/Glints2/dict_0002_0034" 9190
"/Engine/EngineMaterials/Substrate/Glints2/dict_0002_0030" 9191
"/Engine/EngineMaterials/Substrate/Glints2/dict_0002_0031" 9192
"/Engine/EngineMaterials/Substrate/Glints2/dict_0002_0036" 9193
"/Engine/EngineMaterials/Substrate/Glints2/dict_0002_0027" 9194
"../../../Engine/Content/EngineMaterials/Substrate/Glints2/dict_0002_0024.uasset" 9195
"../../../Engine/Content/EngineMaterials/Substrate/Glints2/dict_0002_0023.uasset" 9196
"../../../Engine/Content/EngineMaterials/Substrate/Glints2/dict_0002_0026.uasset" 9197
"/Engine/EngineMaterials/Substrate/Glints2/dict_0002_0032" 9198
"/Engine/EngineMaterials/Substrate/Glints2/dict_0002_0028" 9199
"/Engine/EngineMaterials/Substrate/Glints2/dict_0002_0033" 9200
"/Engine/EngineMaterials/Substrate/Glints2/dict_0002_0023" 9201
"/Engine/EngineMaterials/Substrate/Glints2/dict_0002_0024" 9202
"/Engine/EngineMaterials/Substrate/Glints2/dict_0002_0026" 9203
"../../../Engine/Content/EngineMaterials/Substrate/Glints2/dict_0002_0022.uasset" 9204
"../../../Engine/Content/EngineMaterials/Substrate/Glints2/dict_0002_0021.uasset" 9205
"../../../Engine/Content/EngineMaterials/Substrate/Glints2/dict_0002_0025.uasset" 9206
"../../../Engine/Content/EngineMaterials/Substrate/Glints2/dict_0002_0020.uasset" 9207
"../../../Engine/Content/EngineMaterials/Substrate/Glints2/dict_0002_0018.uasset" 9208
"../../../Engine/Content/EngineMaterials/Substrate/Glints2/dict_0002_0019.uasset" 9209
"../../../Engine/Content/EngineMaterials/Substrate/Glints2/dict_0002_0015.uasset" 9210
"../../../Engine/Content/EngineMaterials/Substrate/Glints2/dict_0002_0016.uasset" 9211
"../../../Engine/Content/EngineMaterials/Substrate/Glints2/dict_0002_0017.uasset" 9212
"../../../Engine/Content/EngineMaterials/Substrate/Glints2/dict_0002_0014.uasset" 9213
"../../../Engine/Content/EngineMaterials/Substrate/Glints2/dict_0002_0013.uasset" 9214
"../../../Engine/Content/EngineMaterials/Substrate/Glints2/dict_0002_0011.uasset" 9215
"/Engine/EngineMaterials/Substrate/Glints2/dict_0002_0025" 9216
"../../../Engine/Content/EngineMaterials/Substrate/Glints2/dict_0002_0012.uasset" 9217
"/Engine/EngineMaterials/Substrate/Glints2/dict_0002_0020" 9218
"/Engine/EngineMaterials/Substrate/Glints2/dict_0002_0011" 9219
"/Engine/EngineMaterials/Substrate/Glints2/dict_0002_0021" 9220
"/Engine/EngineMaterials/Substrate/Glints2/dict_0002_0018" 9221
"/Engine/EngineMaterials/Substrate/Glints2/dict_0002_0019" 9222
"/Engine/EngineMaterials/Substrate/Glints2/dict_0002_0013" 9223
"../../../Engine/Content/EngineMaterials/Substrate/Glints2/dict_0002_0009.uasset" 9224
"../../../Engine/Content/EngineMaterials/Substrate/Glints2/dict_0002_0010.uasset" 9225
"/Engine/EngineMaterials/Substrate/Glints2/dict_0002_0014" 9226
"/Engine/EngineMaterials/Substrate/Glints2/dict_0002_0015" 9227
"/Engine/EngineMaterials/Substrate/Glints2/dict_0002_0022" 9228
"/Engine/EngineMaterials/Substrate/Glints2/dict_0002_0016" 9229
"/Engine/EngineMaterials/Substrate/Glints2/dict_0002_0017" 9230
"/Engine/EngineMaterials/Substrate/Glints2/dict_0002_0009" 9231
"/Engine/EngineMaterials/Substrate/Glints2/dict_0002_0010" 9232
"/Engine/EngineMaterials/Substrate/Glints2/dict_0002_0012" 9233
"../../../Engine/Content/EngineMaterials/Substrate/Glints2/dict_0002_0007.uasset" 9234
"../../../Engine/Content/EngineMaterials/Substrate/Glints2/dict_0002_0008.uasset" 9235
"../../../Engine/Content/EngineMaterials/Substrate/Glints2/dict_0002_0006.uasset" 9236
"../../../Engine/Content/EngineMaterials/Substrate/Glints2/dict_0002_0003.uasset" 9237
"../../../Engine/Content/EngineMaterials/Substrate/Glints2/dict_0003_0041.uasset" 9238
"../../../Engine/Content/EngineMaterials/Substrate/Glints2/dict_0002_0005.uasset" 9239
"../../../Engine/Content/EngineMaterials/Substrate/Glints2/dict_0002_0004.uasset" 9240
"/Engine/EngineMaterials/Substrate/Glints2/dict_0002_0008" 9241
"/Engine/EngineMaterials/Substrate/Glints2/dict_0002_0003" 9242
"../../../Engine/Content/EngineMaterials/Substrate/Glints2/dict_0002_0000.uasset" 9243
"../../../Engine/Content/EngineMaterials/Substrate/Glints2/dict_0002_0001.uasset" 9244
"../../../Engine/Content/EngineMaterials/Substrate/Glints2/dict_0001_0255.uasset" 9245
"/Engine/EngineMaterials/Substrate/Glints2/dict_0002_0004" 9246
"/Engine/EngineMaterials/Substrate/Glints2/dict_0002_0005" 9247
"/Engine/EngineMaterials/Substrate/Glints2/dict_0002_0006" 9248
"/Engine/EngineMaterials/Substrate/Glints2/dict_0002_0007" 9249
"/Engine/EngineMaterials/Substrate/Glints2/dict_0003_0041" 9250
"../../../Engine/Content/EngineMaterials/Substrate/Glints2/dict_0001_0253.uasset" 9251
"../../../Engine/Content/EngineMaterials/Substrate/Glints2/dict_0001_0254.uasset" 9252
"../../../Engine/Content/EngineMaterials/Substrate/Glints2/dict_0002_0002.uasset" 9253
"/Engine/EngineMaterials/Substrate/Glints2/dict_0001_0254" 9254
"/Engine/EngineMaterials/Substrate/Glints2/dict_0001_0255" 9255
"/Engine/EngineMaterials/Substrate/Glints2/dict_0002_0000" 9256
"/Engine/EngineMaterials/Substrate/Glints2/dict_0002_0001" 9257
"../../../Engine/Content/EngineMaterials/Substrate/Glints2/dict_0001_0252.uasset" 9258
"../../../Engine/Content/EngineMaterials/Substrate/Glints2/dict_0001_0250.uasset" 9259
"/Engine/EngineMaterials/Substrate/Glints2/dict_0002_0002" 9260
"../../../Engine/Content/EngineMaterials/Substrate/Glints2/dict_0001_0249.uasset" 9261
"/Engine/EngineMaterials/Substrate/Glints2/dict_0001_0253" 9262
"/Engine/EngineMaterials/Substrate/Glints2/dict_0001_0249" 9263
"/Engine/EngineMaterials/Substrate/Glints2/dict_0001_0250" 9264
"/Engine/EngineMaterials/Substrate/Glints2/dict_0001_0252" 9265
"../../../Engine/Content/EngineMaterials/Substrate/Glints2/dict_0001_0248.uasset" 9266
"../../../Engine/Content/EngineMaterials/Substrate/Glints2/dict_0001_0243.uasset" 9267
"../../../Engine/Content/EngineMaterials/Substrate/Glints2/dict_0001_0246.uasset" 9268
"../../../Engine/Content/EngineMaterials/Substrate/Glints2/dict_0001_0247.uasset" 9269
"../../../Engine/Content/EngineMaterials/Substrate/Glints2/dict_0001_0244.uasset" 9270
"../../../Engine/Content/EngineMaterials/Substrate/Glints2/dict_0001_0245.uasset" 9271
"../../../Engine/Content/EngineMaterials/Substrate/Glints2/dict_0001_0241.uasset" 9272
"../../../Engine/Content/EngineMaterials/Substrate/Glints2/dict_0001_0240.uasset" 9273
"../../../Engine/Content/EngineMaterials/Substrate/Glints2/dict_0001_0242.uasset" 9274
"/Engine/EngineMaterials/Substrate/Glints2/dict_0001_0242" 9275
"/Engine/EngineMaterials/Substrate/Glints2/dict_0001_0243" 9276
"/Engine/EngineMaterials/Substrate/Glints2/dict_0001_0240" 9277
"/Engine/EngineMaterials/Substrate/Glints2/dict_0001_0244" 9278
"/Engine/EngineMaterials/Substrate/Glints2/dict_0001_0245" 9279
"/Engine/EngineMaterials/Substrate/Glints2/dict_0001_0246" 9280
"/Engine/EngineMaterials/Substrate/Glints2/dict_0001_0247" 9281
"../../../Engine/Content/EngineMaterials/Substrate/Glints2/dict_0001_0239.uasset" 9282
"../../../Engine/Content/EngineMaterials/Substrate/Glints2/dict_0001_0236.uasset" 9283
"../../../Engine/Content/EngineMaterials/Substrate/Glints2/dict_0001_0237.uasset" 9284
"../../../Engine/Content/EngineMaterials/Substrate/Glints2/dict_0001_0238.uasset" 9285
"../../../Engine/Content/EngineMaterials/Substrate/Glints2/dict_0001_0235.uasset" 9286
"/Engine/EngineMaterials/Substrate/Glints2/dict_0001_0241" 9287
"/Engine/EngineMaterials/Substrate/Glints2/dict_0001_0248" 9288
"/Engine/EngineMaterials/Substrate/Glints2/dict_0001_0239" 9289
"/Engine/EngineMaterials/Substrate/Glints2/dict_0001_0235" 9290
"../../../Engine/Content/EngineMaterials/Substrate/Glints2/dict_0001_0234.uasset" 9291
"../../../Engine/Content/EngineMaterials/Substrate/Glints2/dict_0001_0232.uasset" 9292
"../../../Engine/Content/EngineMaterials/Substrate/Glints2/dict_0001_0233.uasset" 9293
"../../../Engine/Content/EngineMaterials/Substrate/Glints2/dict_0001_0231.uasset" 9294
"/Engine/EngineMaterials/Substrate/Glints2/dict_0001_0236" 9295
"/Engine/EngineMaterials/Substrate/Glints2/dict_0001_0237" 9296
"/Engine/EngineMaterials/Substrate/Glints2/dict_0001_0238" 9297
"/Engine/EngineMaterials/Substrate/Glints2/dict_0001_0232" 9298
"/Engine/EngineMaterials/Substrate/Glints2/dict_0001_0233" 9299
"/Engine/EngineMaterials/Substrate/Glints2/dict_0001_0234" 9300
"/Engine/EngineMaterials/Substrate/Glints2/dict_0001_0231" 9301
"../../../Engine/Content/EngineMaterials/Substrate/Glints2/dict_0001_0228.uasset" 9302
"../../../Engine/Content/EngineMaterials/Substrate/Glints2/dict_0001_0229.uasset" 9303
"../../../Engine/Content/EngineMaterials/Substrate/Glints2/dict_0001_0226.uasset" 9304
"../../../Engine/Content/EngineMaterials/Substrate/Glints2/dict_0001_0227.uasset" 9305
"../../../Engine/Content/EngineMaterials/Substrate/Glints2/dict_0001_0230.uasset" 9306
"../../../Engine/Content/EngineMaterials/Substrate/Glints2/dict_0001_0225.uasset" 9307
"../../../Engine/Content/EngineMaterials/Substrate/Glints2/dict_0001_0223.uasset" 9308
"../../../Engine/Content/EngineMaterials/Substrate/Glints2/dict_0001_0224.uasset" 9309
"../../../Engine/Content/EngineMaterials/Substrate/Glints2/dict_0001_0222.uasset" 9310
"/Engine/EngineMaterials/Substrate/Glints2/dict_0001_0226" 9311
"../../../Engine/Content/EngineMaterials/Substrate/Glints2/dict_0001_0218.uasset" 9312
"../../../Engine/Content/EngineMaterials/Substrate/Glints2/dict_0001_0220.uasset" 9313
"../../../Engine/Content/EngineMaterials/Substrate/Glints2/dict_0001_0221.uasset" 9314
"../../../Engine/Content/EngineMaterials/Substrate/Glints2/dict_0001_0217.uasset" 9315
"../../../Engine/Content/EngineMaterials/Substrate/Glints2/dict_0001_0214.uasset" 9316
"/Engine/EngineMaterials/Substrate/Glints2/dict_0001_0227" 9317
"/Engine/EngineMaterials/Substrate/Glints2/dict_0001_0228" 9318
"../../../Engine/Content/EngineMaterials/Substrate/Glints2/dict_0001_0215.uasset" 9319
"/Engine/EngineMaterials/Substrate/Glints2/dict_0001_0229" 9320
"/Engine/EngineMaterials/Substrate/Glints2/dict_0001_0230" 9321
"../../../Engine/Content/EngineMaterials/Substrate/Glints2/dict_0001_0219.uasset" 9322
"/Engine/EngineMaterials/Substrate/Glints2/dict_0001_0222" 9323
"../../../Engine/Content/EngineMaterials/Substrate/Glints2/dict_0001_0216.uasset" 9324
"/Engine/EngineMaterials/Substrate/Glints2/dict_0001_0223" 9325
"/Engine/EngineMaterials/Substrate/Glints2/dict_0001_0224" 9326
"/Engine/EngineMaterials/Substrate/Glints2/dict_0001_0225" 9327
"/Engine/EngineMaterials/Substrate/Glints2/dict_0001_0214" 9328
"/Engine/EngineMaterials/Substrate/Glints2/dict_0001_0215" 9329
"/Engine/EngineMaterials/Substrate/Glints2/dict_0001_0216" 9330
"/Engine/EngineMaterials/Substrate/Glints2/dict_0001_0217" 9331
"/Engine/EngineMaterials/Substrate/Glints2/dict_0001_0218" 9332
"/Engine/EngineMaterials/Substrate/Glints2/dict_0001_0219" 9333
"/Engine/EngineMaterials/Substrate/Glints2/dict_0001_0220" 9334
"/Engine/EngineMaterials/Substrate/Glints2/dict_0001_0221" 9335
"../../../Engine/Content/EngineMaterials/Substrate/Glints2/dict_0002_0215.uasset" 9336
"../../../Engine/Content/EngineMaterials/Substrate/Glints2/dict_0001_0213.uasset" 9337
"../../../Engine/Content/EngineMaterials/Substrate/Glints2/dict_0001_0209.uasset" 9338
"../../../Engine/Content/EngineMaterials/Substrate/Glints2/dict_0001_0212.uasset" 9339
"../../../Engine/Content/EngineMaterials/Substrate/Glints2/dict_0001_0210.uasset" 9340
"../../../Engine/Content/EngineMaterials/Substrate/Glints2/dict_0001_0208.uasset" 9341
"../../../Engine/Content/EngineMaterials/Substrate/Glints2/dict_0001_0205.uasset" 9342
"../../../Engine/Content/EngineMaterials/Substrate/Glints2/dict_0001_0207.uasset" 9343
"../../../Engine/Content/EngineMaterials/Substrate/Glints2/dict_0001_0211.uasset" 9344
"/Engine/EngineMaterials/Substrate/Glints2/dict_0001_0205" 9345
"../../../Engine/Content/EngineMaterials/Substrate/Glints2/dict_0001_0206.uasset" 9346
"/Engine/EngineMaterials/Substrate/Glints2/dict_0001_0209" 9347
"/Engine/EngineMaterials/Substrate/Glints2/dict_0001_0207" 9348
"/Engine/EngineMaterials/Substrate/Glints2/dict_0001_0210" 9349
"../../../Engine/Content/EngineMaterials/Substrate/Glints2/dict_0001_0202.uasset" 9350
"../../../Engine/Content/EngineMaterials/Substrate/Glints2/dict_0001_0201.uasset" 9351
"/Engine/EngineMaterials/Substrate/Glints2/dict_0002_0215" 9352
"../../../Engine/Content/EngineMaterials/Substrate/Glints2/dict_0001_0203.uasset" 9353
"/Engine/EngineMaterials/Substrate/Glints2/dict_0001_0211" 9354
"../../../Engine/Content/EngineMaterials/Substrate/Glints2/dict_0001_0197.uasset" 9355
"/Engine/EngineMaterials/Substrate/Glints2/dict_0001_0212" 9356
"/Engine/EngineMaterials/Substrate/Glints2/dict_0001_0213" 9357
"/Engine/EngineMaterials/Substrate/Glints2/dict_0001_0208" 9358
"../../../Engine/Content/EngineMaterials/Substrate/Glints2/dict_0001_0196.uasset" 9359
"../../../Engine/Content/EngineMaterials/Substrate/Glints2/dict_0001_0200.uasset" 9360
"/Engine/EngineMaterials/Substrate/Glints2/dict_0001_0196" 9361
"/Engine/EngineMaterials/Substrate/Glints2/dict_0001_0197" 9362
"/Engine/EngineMaterials/Substrate/Glints2/dict_0001_0200" 9363
"/Engine/EngineMaterials/Substrate/Glints2/dict_0001_0206" 9364
"/Engine/EngineMaterials/Substrate/Glints2/dict_0001_0201" 9365
"/Engine/EngineMaterials/Substrate/Glints2/dict_0001_0202" 9366
"/Engine/EngineMaterials/Substrate/Glints2/dict_0001_0203" 9367
"../../../Engine/Content/EngineMaterials/Substrate/Glints2/dict_0001_0199.uasset" 9368
"../../../Engine/Content/EngineMaterials/Substrate/Glints2/dict_0001_0198.uasset" 9369
"../../../Engine/Content/EngineMaterials/Substrate/Glints2/dict_0001_0192.uasset" 9370
"../../../Engine/Content/EngineMaterials/Substrate/Glints2/dict_0001_0194.uasset" 9371
"../../../Engine/Content/EngineMaterials/Substrate/Glints2/dict_0001_0195.uasset" 9372
"../../../Engine/Content/EngineMaterials/Substrate/Glints2/dict_0001_0193.uasset" 9373
"../../../Engine/Content/EngineMaterials/Substrate/Glints2/dict_0001_0191.uasset" 9374
"../../../Engine/Content/EngineMaterials/Substrate/Glints2/dict_0001_0190.uasset" 9375
"../../../Engine/Content/EngineMaterials/Substrate/Glints2/dict_0001_0189.uasset" 9376
"../../../Engine/Content/EngineMaterials/Substrate/Glints2/dict_0001_0187.uasset" 9377
"../../../Engine/Content/EngineMaterials/Substrate/Glints2/dict_0001_0188.uasset" 9378
"/Engine/EngineMaterials/Substrate/Glints2/dict_0001_0188" 9379
"/Engine/EngineMaterials/Substrate/Glints2/dict_0001_0198" 9380
"/Engine/EngineMaterials/Substrate/Glints2/dict_0001_0189" 9381
"/Engine/EngineMaterials/Substrate/Glints2/dict_0001_0199" 9382
"/Engine/EngineMaterials/Substrate/Glints2/dict_0001_0190" 9383
"/Engine/EngineMaterials/Substrate/Glints2/dict_0001_0191" 9384
"/Engine/EngineMaterials/Substrate/Glints2/dict_0001_0192" 9385
"/Engine/EngineMaterials/Substrate/Glints2/dict_0001_0193" 9386
"/Engine/EngineMaterials/Substrate/Glints2/dict_0001_0194" 9387
"/Engine/EngineMaterials/Substrate/Glints2/dict_0001_0195" 9388
"../../../Engine/Content/EngineMaterials/Substrate/Glints2/dict_0001_0186.uasset" 9389
"../../../Engine/Content/EngineMaterials/Substrate/Glints2/dict_0001_0185.uasset" 9390
"../../../Engine/Content/EngineMaterials/Substrate/Glints2/dict_0001_0184.uasset" 9391
"../../../Engine/Content/EngineMaterials/Substrate/Glints2/dict_0001_0182.uasset" 9392
"../../../Engine/Content/EngineMaterials/Substrate/Glints2/dict_0001_0183.uasset" 9393
"/Engine/EngineMaterials/Substrate/Glints2/dict_0001_0187" 9394
"../../../Engine/Content/EngineMaterials/Substrate/Glints2/dict_0001_0180.uasset" 9395
"/Engine/EngineMaterials/Substrate/Glints2/dict_0001_0180" 9396
"../../../Engine/Content/EngineMaterials/Substrate/Glints2/dict_0001_0181.uasset" 9397
"/Engine/EngineMaterials/Substrate/Glints2/dict_0001_0182" 9398
"/Engine/EngineMaterials/Substrate/Glints2/dict_0001_0183" 9399
"/Engine/EngineMaterials/Substrate/Glints2/dict_0001_0184" 9400
"/Engine/EngineMaterials/Substrate/Glints2/dict_0001_0185" 9401
"../../../Engine/Content/EngineMaterials/Substrate/Glints2/dict_0001_0179.uasset" 9402
"../../../Engine/Content/EngineMaterials/Substrate/Glints2/dict_0001_0178.uasset" 9403
"/Engine/EngineMaterials/Substrate/Glints2/dict_0001_0186" 9404
"/Engine/EngineMaterials/Substrate/Glints2/dict_0001_0179" 9405
"/Engine/EngineMaterials/Substrate/Glints2/dict_0001_0181" 9406
"/Engine/EngineMaterials/Substrate/Glints2/dict_0001_0178" 9407
"../../../Engine/Content/EngineMaterials/Substrate/Glints2/dict_0001_0176.uasset" 9408
"../../../Engine/Content/EngineMaterials/Substrate/Glints2/dict_0001_0173.uasset" 9409
"../../../Engine/Content/EngineMaterials/Substrate/Glints2/dict_0001_0172.uasset" 9410
"../../../Engine/Content/EngineMaterials/Substrate/Glints2/dict_0001_0177.uasset" 9411
"../../../Engine/Content/EngineMaterials/Substrate/Glints2/dict_0001_0174.uasset" 9412
"../../../Engine/Content/EngineMaterials/Substrate/Glints2/dict_0001_0169.uasset" 9413
"../../../Engine/Content/EngineMaterials/Substrate/Glints2/dict_0001_0175.uasset" 9414
"../../../Engine/Content/EngineMaterials/Substrate/Glints2/dict_0001_0171.uasset" 9415
"../../../Engine/Content/EngineMaterials/Substrate/Glints2/dict_0001_0170.uasset" 9416
"../../../Engine/Content/EngineMaterials/Substrate/Glints2/dict_0001_0204.uasset" 9417
"../../../Engine/Content/EngineMaterials/Substrate/Glints2/dict_0001_0166.uasset" 9418
"../../../Engine/Content/EngineMaterials/Substrate/Glints2/dict_0001_0168.uasset" 9419
"/Engine/EngineMaterials/Substrate/Glints2/dict_0001_0172" 9420
"../../../Engine/Content/EngineMaterials/Substrate/Glints2/dict_0001_0167.uasset" 9421
"/Engine/EngineMaterials/Substrate/Glints2/dict_0001_0173" 9422
"/Engine/EngineMaterials/Substrate/Glints2/dict_0001_0174" 9423
"/Engine/EngineMaterials/Substrate/Glints2/dict_0001_0175" 9424
"/Engine/EngineMaterials/Substrate/Glints2/dict_0001_0166" 9425
"/Engine/EngineMaterials/Substrate/Glints2/dict_0001_0168" 9426
"/Engine/EngineMaterials/Substrate/Glints2/dict_0001_0169" 9427
"../../../Engine/Content/EngineMaterials/Substrate/Glints2/dict_0001_0157.uasset" 9428
"../../../Engine/Content/EngineMaterials/Substrate/Glints2/dict_0001_0165.uasset" 9429
"../../../Engine/Content/EngineMaterials/Substrate/Glints2/dict_0001_0164.uasset" 9430
"../../../Engine/Content/EngineMaterials/Substrate/Glints2/dict_0001_0162.uasset" 9431
"/Engine/EngineMaterials/Substrate/Glints2/dict_0001_0170" 9432
"../../../Engine/Content/EngineMaterials/Substrate/Glints2/dict_0001_0161.uasset" 9433
"/Engine/EngineMaterials/Substrate/Glints2/dict_0001_0176" 9434
"/Engine/EngineMaterials/Substrate/Glints2/dict_0001_0177" 9435
"../../../Engine/Content/EngineMaterials/Substrate/Glints2/dict_0001_0160.uasset" 9436
"/Engine/EngineMaterials/Substrate/Glints2/dict_0001_0204" 9437
"/Engine/EngineMaterials/Substrate/Glints2/dict_0001_0171" 9438
"../../../Engine/Content/EngineMaterials/Substrate/Glints2/dict_0001_0158.uasset" 9439
"../../../Engine/Content/EngineMaterials/Substrate/Glints2/dict_0001_0163.uasset" 9440
"/Engine/EngineMaterials/Substrate/Glints2/dict_0001_0161" 9441
"/Engine/EngineMaterials/Substrate/Glints2/dict_0001_0162" 9442
"/Engine/EngineMaterials/Substrate/Glints2/dict_0001_0164" 9443
"/Engine/EngineMaterials/Substrate/Glints2/dict_0001_0165" 9444
"/Engine/EngineMaterials/Substrate/Glints2/dict_0001_0167" 9445
"/Engine/EngineMaterials/Substrate/Glints2/dict_0001_0157" 9446
"/Engine/EngineMaterials/Substrate/Glints2/dict_0001_0158" 9447
"/Engine/EngineMaterials/Substrate/Glints2/dict_0001_0160" 9448
"/Engine/EngineMaterials/Substrate/Glints2/dict_0001_0163" 9449
"../../../Engine/Content/EngineMaterials/Substrate/Glints2/dict_0001_0159.uasset" 9450
"../../../Engine/Content/EngineMaterials/Substrate/Glints2/dict_0001_0153.uasset" 9451
"../../../Engine/Content/EngineMaterials/Substrate/Glints2/dict_0001_0155.uasset" 9452
"../../../Engine/Content/EngineMaterials/Substrate/Glints2/dict_0001_0154.uasset" 9453
"../../../Engine/Content/EngineMaterials/Substrate/Glints2/dict_0001_0149.uasset" 9454
"../../../Engine/Content/EngineMaterials/Substrate/Glints2/dict_0001_0152.uasset" 9455
"../../../Engine/Content/EngineMaterials/Substrate/Glints2/dict_0001_0150.uasset" 9456
"../../../Engine/Content/EngineMaterials/Substrate/Glints2/dict_0001_0148.uasset" 9457
"../../../Engine/Content/EngineMaterials/Substrate/Glints2/dict_0001_0151.uasset" 9458
"../../../Engine/Content/EngineMaterials/Substrate/Glints2/dict_0001_0146.uasset" 9459
"../../../Engine/Content/EngineMaterials/Substrate/Glints2/dict_0001_0145.uasset" 9460
"/Engine/EngineMaterials/Substrate/Glints2/dict_0001_0152" 9461
"/Engine/EngineMaterials/Substrate/Glints2/dict_0001_0155" 9462
"../../../Engine/Content/EngineMaterials/Substrate/Glints2/dict_0001_0147.uasset" 9463
"/Engine/EngineMaterials/Substrate/Glints2/dict_0001_0146" 9464
"/Engine/EngineMaterials/Substrate/Glints2/dict_0001_0153" 9465
"/Engine/EngineMaterials/Substrate/Glints2/dict_0001_0148" 9466
"/Engine/EngineMaterials/Substrate/Glints2/dict_0001_0159" 9467
"/Engine/EngineMaterials/Substrate/Glints2/dict_0001_0149" 9468
"/Engine/EngineMaterials/Substrate/Glints2/dict_0001_0154" 9469
"/Engine/EngineMaterials/Substrate/Glints2/dict_0001_0150" 9470
"/Engine/EngineMaterials/Substrate/Glints2/dict_0001_0151" 9471
"/Engine/EngineMaterials/Substrate/Glints2/dict_0001_0145" 9472
"/Engine/EngineMaterials/Substrate/Glints2/dict_0001_0147" 9473
"../../../Engine/Content/EngineMaterials/Substrate/Glints2/dict_0001_0140.uasset" 9474
"../../../Engine/Content/EngineMaterials/Substrate/Glints2/dict_0001_0143.uasset" 9475
"../../../Engine/Content/EngineMaterials/Substrate/Glints2/dict_0001_0144.uasset" 9476
"../../../Engine/Content/EngineMaterials/Substrate/Glints2/dict_0001_0142.uasset" 9477
"/Engine/EngineMaterials/Substrate/Glints2/dict_0001_0140" 9478
"/Engine/EngineMaterials/Substrate/Glints2/dict_0001_0142" 9479
"/Engine/EngineMaterials/Substrate/Glints2/dict_0001_0143" 9480
"/Engine/EngineMaterials/Substrate/Glints2/dict_0001_0144" 9481
"../../../Engine/Content/EngineMaterials/Substrate/Glints2/dict_0001_0136.uasset" 9482
"/Engine/EngineMaterials/Substrate/Glints2/dict_0001_0136" 9483
"../../../Engine/Content/EngineMaterials/Substrate/Glints2/dict_0001_0138.uasset" 9484
"../../../Engine/Content/EngineMaterials/Substrate/Glints2/dict_0001_0135.uasset" 9485
"../../../Engine/Content/EngineMaterials/Substrate/Glints2/dict_0001_0139.uasset" 9486
"../../../Engine/Content/EngineMaterials/Substrate/Glints2/dict_0001_0133.uasset" 9487
"../../../Engine/Content/EngineMaterials/Substrate/Glints2/dict_0001_0134.uasset" 9488
"../../../Engine/Content/EngineMaterials/Substrate/Glints2/dict_0001_0130.uasset" 9489
"../../../Engine/Content/EngineMaterials/Substrate/Glints2/dict_0001_0132.uasset" 9490
"../../../Engine/Content/EngineMaterials/Substrate/Glints2/dict_0001_0137.uasset" 9491
"../../../Engine/Content/EngineMaterials/Substrate/Glints2/dict_0001_0129.uasset" 9492
"../../../Engine/Content/EngineMaterials/Substrate/Glints2/dict_0001_0131.uasset" 9493
"/Engine/EngineMaterials/Substrate/Glints2/dict_0001_0132" 9494
"../../../Engine/Content/EngineMaterials/Substrate/Glints2/dict_0001_0128.uasset" 9495
"/Engine/EngineMaterials/Substrate/Glints2/dict_0001_0133" 9496
"/Engine/EngineMaterials/Substrate/Glints2/dict_0001_0131" 9497
"/Engine/EngineMaterials/Substrate/Glints2/dict_0001_0134" 9498
"/Engine/EngineMaterials/Substrate/Glints2/dict_0001_0135" 9499
"../../../Engine/Content/EngineMaterials/Substrate/Glints2/dict_0001_0124.uasset" 9500
"/Engine/EngineMaterials/Substrate/Glints2/dict_0001_0137" 9501
"/Engine/EngineMaterials/Substrate/Glints2/dict_0001_0138" 9502
"../../../Engine/Content/EngineMaterials/Substrate/Glints2/dict_0001_0125.uasset" 9503
"/Engine/EngineMaterials/Substrate/Glints2/dict_0001_0139" 9504
"/Engine/EngineMaterials/Substrate/Glints2/dict_0001_0129" 9505
"/Engine/EngineMaterials/Substrate/Glints2/dict_0001_0130" 9506
"/Engine/EngineMaterials/Substrate/Glints2/dict_0001_0124" 9507
"../../../Engine/Content/EngineMaterials/Substrate/Glints2/dict_0001_0122.uasset" 9508
"/Engine/EngineMaterials/Substrate/Glints2/dict_0001_0125" 9509
"../../../Engine/Content/EngineMaterials/Substrate/Glints2/dict_0001_0127.uasset" 9510
"../../../Engine/Content/EngineMaterials/Substrate/Glints2/dict_0001_0123.uasset" 9511
"../../../Engine/Content/EngineMaterials/Substrate/Glints2/dict_0001_0120.uasset" 9512
"/Engine/EngineMaterials/Substrate/Glints2/dict_0001_0128" 9513
"../../../Engine/Content/EngineMaterials/Substrate/Glints2/dict_0001_0126.uasset" 9514
"/Engine/EngineMaterials/Substrate/Glints2/dict_0001_0122" 9515
"/Engine/EngineMaterials/Substrate/Glints2/dict_0001_0123" 9516
"/Engine/EngineMaterials/Substrate/Glints2/dict_0001_0120" 9517
"/Engine/EngineMaterials/Substrate/Glints2/dict_0001_0126" 9518
"/Engine/EngineMaterials/Substrate/Glints2/dict_0001_0127" 9519
"../../../Engine/Content/EngineMaterials/Substrate/Glints2/dict_0001_0118.uasset" 9520
"../../../Engine/Content/EngineMaterials/Substrate/Glints2/dict_0001_0121.uasset" 9521
"../../../Engine/Content/EngineMaterials/Substrate/Glints2/dict_0001_0115.uasset" 9522
"../../../Engine/Content/EngineMaterials/Substrate/Glints2/dict_0001_0116.uasset" 9523
"../../../Engine/Content/EngineMaterials/Substrate/Glints2/dict_0001_0119.uasset" 9524
"../../../Engine/Content/EngineMaterials/Substrate/Glints2/dict_0001_0117.uasset" 9525
"../../../Engine/Content/EngineMaterials/Substrate/Glints2/dict_0001_0114.uasset" 9526
"../../../Engine/Content/EngineMaterials/Substrate/Glints2/dict_0001_0112.uasset" 9527
"../../../Engine/Content/EngineMaterials/Substrate/Glints2/dict_0001_0113.uasset" 9528
"../../../Engine/Content/EngineMaterials/Substrate/Glints2/dict_0001_0110.uasset" 9529
"/Engine/EngineMaterials/Substrate/Glints2/dict_0001_0121" 9530
"/Engine/EngineMaterials/Substrate/Glints2/dict_0001_0115" 9531
"/Engine/EngineMaterials/Substrate/Glints2/dict_0001_0116" 9532
"../../../Engine/Content/EngineMaterials/Substrate/Glints2/dict_0001_0107.uasset" 9533
"../../../Engine/Content/EngineMaterials/Substrate/Glints2/dict_0001_0108.uasset" 9534
"../../../Engine/Content/EngineMaterials/Substrate/Glints2/dict_0001_0109.uasset" 9535
"../../../Engine/Content/EngineMaterials/Substrate/Glints2/dict_0001_0106.uasset" 9536
"../../../Engine/Content/EngineMaterials/Substrate/Glints2/dict_0001_0111.uasset" 9537
"../../../Engine/Content/EngineMaterials/Substrate/Glints2/dict_0001_0104.uasset" 9538
"../../../Engine/Content/EngineMaterials/Substrate/Glints2/dict_0001_0105.uasset" 9539
"/Engine/EngineMaterials/Substrate/Glints2/dict_0001_0117" 9540
"/Engine/EngineMaterials/Substrate/Glints2/dict_0001_0118" 9541
"/Engine/EngineMaterials/Substrate/Glints2/dict_0001_0114" 9542
"/Engine/EngineMaterials/Substrate/Glints2/dict_0001_0119" 9543
"/Engine/EngineMaterials/Substrate/Glints2/dict_0001_0110" 9544
"/Engine/EngineMaterials/Substrate/Glints2/dict_0001_0112" 9545
"../../../Engine/Content/EngineMaterials/Substrate/Glints2/dict_0001_0103.uasset" 9546
"../../../Engine/Content/EngineMaterials/Substrate/Glints2/dict_0001_0101.uasset" 9547
"../../../Engine/Content/EngineMaterials/Substrate/Glints2/dict_0001_0100.uasset" 9548
"../../../Engine/Content/EngineMaterials/Substrate/Glints2/dict_0001_0102.uasset" 9549
"/Engine/EngineMaterials/Substrate/Glints2/dict_0001_0113" 9550
"/Engine/EngineMaterials/Substrate/Glints2/dict_0001_0104" 9551
"/Engine/EngineMaterials/Substrate/Glints2/dict_0001_0105" 9552
"/Engine/EngineMaterials/Substrate/Glints2/dict_0001_0106" 9553
"../../../Engine/Content/EngineMaterials/Substrate/Glints2/dict_0001_0099.uasset" 9554
"../../../Engine/Content/EngineMaterials/Substrate/Glints2/dict_0001_0098.uasset" 9555
"../../../Engine/Content/EngineMaterials/Substrate/Glints2/dict_0001_0097.uasset" 9556
"../../../Engine/Content/EngineMaterials/Substrate/Glints2/dict_0001_0096.uasset" 9557
"/Engine/EngineMaterials/Substrate/Glints2/dict_0001_0107" 9558
"/Engine/EngineMaterials/Substrate/Glints2/dict_0001_0108" 9559
"/Engine/EngineMaterials/Substrate/Glints2/dict_0001_0101" 9560
"/Engine/EngineMaterials/Substrate/Glints2/dict_0001_0109" 9561
"/Engine/EngineMaterials/Substrate/Glints2/dict_0001_0102" 9562
"/Engine/EngineMaterials/Substrate/Glints2/dict_0001_0100" 9563
"/Engine/EngineMaterials/Substrate/Glints2/dict_0001_0103" 9564
"/Engine/EngineMaterials/Substrate/Glints2/dict_0001_0111" 9565
"../../../Engine/Content/EngineMaterials/Substrate/Glints2/dict_0001_0094.uasset" 9566
"../../../Engine/Content/EngineMaterials/Substrate/Glints2/dict_0001_0095.uasset" 9567
"/Engine/EngineMaterials/Substrate/Glints2/dict_0001_0096" 9568
"../../../Engine/Content/EngineMaterials/Substrate/Glints2/dict_0001_0092.uasset" 9569
"/Engine/EngineMaterials/Substrate/Glints2/dict_0001_0097" 9570
"../../../Engine/Content/EngineMaterials/Substrate/Glints2/dict_0001_0091.uasset" 9571
"/Engine/EngineMaterials/Substrate/Glints2/dict_0001_0098" 9572
"../../../Engine/Content/EngineMaterials/Substrate/Glints2/dict_0001_0093.uasset" 9573
"/Engine/EngineMaterials/Substrate/Glints2/dict_0001_0099" 9574
"/Engine/EngineMaterials/Substrate/Glints2/dict_0001_0094" 9575
"../../../Engine/Content/EngineMaterials/Substrate/Glints2/dict_0001_0251.uasset" 9576
"/Engine/EngineMaterials/Substrate/Glints2/dict_0001_0095" 9577
"/Engine/EngineMaterials/Substrate/Glints2/dict_0001_0091" 9578
"/Engine/EngineMaterials/Substrate/Glints2/dict_0001_0092" 9579
"../../../Engine/Content/EngineMaterials/Substrate/Glints2/dict_0001_0090.uasset" 9580
"../../../Engine/Content/EngineMaterials/Substrate/Glints2/dict_0001_0088.uasset" 9581
"../../../Engine/Content/EngineMaterials/Substrate/Glints2/dict_0003_0056.uasset" 9582
"../../../Engine/Content/EngineMaterials/Substrate/Glints2/dict_0001_0089.uasset" 9583
"/Engine/EngineMaterials/Substrate/Glints2/dict_0001_0093" 9584
"/Engine/EngineMaterials/Substrate/Glints2/dict_0001_0088" 9585
"/Engine/EngineMaterials/Substrate/Glints2/dict_0001_0089" 9586
"/Engine/EngineMaterials/Substrate/Glints2/dict_0001_0090" 9587
"../../../Engine/Content/EngineMaterials/Substrate/Glints2/dict_0003_0055.uasset" 9588
"/Engine/EngineMaterials/Substrate/Glints2/dict_0003_0056" 9589
"/Engine/EngineMaterials/Substrate/Glints2/dict_0003_0055" 9590
"/Engine/EngineMaterials/Substrate/Glints2/dict_0001_0251" 9591
"../../../Engine/Content/EngineMaterials/Substrate/Glints2/dict_0001_0083.uasset" 9592
"../../../Engine/Content/EngineMaterials/Substrate/Glints2/dict_0001_0087.uasset" 9593
"../../../Engine/Content/EngineMaterials/Substrate/Glints2/dict_0001_0086.uasset" 9594
"../../../Engine/Content/EngineMaterials/Substrate/Glints2/dict_0001_0085.uasset" 9595
"../../../Engine/Content/EngineMaterials/Substrate/Glints2/dict_0001_0156.uasset" 9596
"../../../Engine/Content/EngineMaterials/Substrate/Glints2/dict_0001_0082.uasset" 9597
"../../../Engine/Content/EngineMaterials/Substrate/Glints2/dict_0001_0080.uasset" 9598
"../../../Engine/Content/EngineMaterials/Substrate/Glints2/dict_0001_0084.uasset" 9599
"../../../Engine/Content/EngineMaterials/Substrate/Glints2/dict_0001_0076.uasset" 9600
"../../../Engine/Content/EngineMaterials/Substrate/Glints2/dict_0001_0078.uasset" 9601
"/Engine/EngineMaterials/Substrate/Glints2/dict_0001_0086" 9602
"/Engine/EngineMaterials/Substrate/Glints2/dict_0001_0087" 9603
"/Engine/EngineMaterials/Substrate/Glints2/dict_0001_0076" 9604
"../../../Engine/Content/EngineMaterials/Substrate/Glints2/dict_0001_0074.uasset" 9605
"/Engine/EngineMaterials/Substrate/Glints2/dict_0001_0080" 9606
"/Engine/EngineMaterials/Substrate/Glints2/dict_0001_0156" 9607
"/Engine/EngineMaterials/Substrate/Glints2/dict_0001_0082" 9608
"../../../Engine/Content/EngineMaterials/Substrate/Glints2/dict_0001_0079.uasset" 9609
"/Engine/EngineMaterials/Substrate/Glints2/dict_0001_0083" 9610
"/Engine/EngineMaterials/Substrate/Glints2/dict_0001_0084" 9611
"/Engine/EngineMaterials/Substrate/Glints2/dict_0001_0085" 9612
"../../../Engine/Content/EngineMaterials/Substrate/Glints2/dict_0001_0081.uasset" 9613
"../../../Engine/Content/EngineMaterials/Substrate/Glints2/dict_0001_0072.uasset" 9614
"../../../Engine/Content/EngineMaterials/Substrate/Glints2/dict_0001_0071.uasset" 9615
"/Engine/EngineMaterials/Substrate/Glints2/dict_0001_0078" 9616
"/Engine/EngineMaterials/Substrate/Glints2/dict_0001_0079" 9617
"/Engine/EngineMaterials/Substrate/Glints2/dict_0001_0081" 9618
"/Engine/EngineMaterials/Substrate/Glints2/dict_0001_0072" 9619
"/Engine/EngineMaterials/Substrate/Glints2/dict_0001_0074" 9620
"../../../Engine/Content/EngineMaterials/Substrate/Glints2/dict_0001_0073.uasset" 9621
"../../../Engine/Content/EngineMaterials/Substrate/Glints2/dict_0001_0068.uasset" 9622
"../../../Engine/Content/EngineMaterials/Substrate/Glints2/dict_0001_0067.uasset" 9623
"/Engine/EngineMaterials/Substrate/Glints2/dict_0001_0067" 9624
"/Engine/EngineMaterials/Substrate/Glints2/dict_0001_0071" 9625
"/Engine/EngineMaterials/Substrate/Glints2/dict_0001_0068" 9626
"../../../Engine/Content/EngineMaterials/Substrate/Glints2/dict_0001_0069.uasset" 9627
"../../../Engine/Content/EngineMaterials/Substrate/Glints2/dict_0001_0064.uasset" 9628
"/Engine/EngineMaterials/Substrate/Glints2/dict_0001_0073" 9629
"../../../Engine/Content/EngineMaterials/Substrate/Glints2/dict_0001_0066.uasset" 9630
"/Engine/EngineMaterials/Substrate/Glints2/dict_0001_0069" 9631
"/Engine/EngineMaterials/Substrate/Glints2/dict_0001_0064" 9632
"../../../Engine/Content/EngineMaterials/Substrate/Glints2/dict_0001_0065.uasset" 9633
"../../../Engine/Content/EngineMaterials/Substrate/Glints2/dict_0001_0063.uasset" 9634
"/Engine/EngineMaterials/Substrate/Glints2/dict_0001_0063" 9635
"/Engine/EngineMaterials/Substrate/Glints2/dict_0001_0066" 9636
"/Engine/EngineMaterials/Substrate/Glints2/dict_0001_0065" 9637
"../../../Engine/Content/EngineMaterials/Substrate/Glints2/dict_0001_0056.uasset" 9638
"../../../Engine/Content/EngineMaterials/Substrate/Glints2/dict_0001_0059.uasset" 9639
"../../../Engine/Content/EngineMaterials/Substrate/Glints2/dict_0001_0062.uasset" 9640
"../../../Engine/Content/EngineMaterials/Substrate/Glints2/dict_0001_0058.uasset" 9641
"../../../Engine/Content/EngineMaterials/Substrate/Glints2/dict_0001_0060.uasset" 9642
"../../../Engine/Content/EngineMaterials/Substrate/Glints2/dict_0001_0057.uasset" 9643
"../../../Engine/Content/EngineMaterials/Substrate/Glints2/dict_0001_0054.uasset" 9644
"../../../Engine/Content/EngineMaterials/Substrate/Glints2/dict_0001_0053.uasset" 9645
"../../../Engine/Content/EngineMaterials/Substrate/Glints2/dict_0001_0055.uasset" 9646
"/Engine/EngineMaterials/Substrate/Glints2/dict_0001_0053" 9647
"/Engine/EngineMaterials/Substrate/Glints2/dict_0001_0062" 9648
"../../../Engine/Content/EngineMaterials/Substrate/Glints2/dict_0001_0052.uasset" 9649
"../../../Engine/Content/EngineMaterials/Substrate/Glints2/dict_0001_0050.uasset" 9650
"../../../Engine/Content/EngineMaterials/Substrate/Glints2/dict_0001_0051.uasset" 9651
"../../../Engine/Content/EngineMaterials/Substrate/Glints2/dict_0001_0048.uasset" 9652
"/Engine/EngineMaterials/Substrate/Glints2/dict_0001_0060" 9653
"../../../Engine/Content/EngineMaterials/Substrate/Glints2/dict_0001_0049.uasset" 9654
"/Engine/EngineMaterials/Substrate/Glints2/dict_0001_0054" 9655
"/Engine/EngineMaterials/Substrate/Glints2/dict_0001_0055" 9656
"/Engine/EngineMaterials/Substrate/Glints2/dict_0001_0056" 9657
"/Engine/EngineMaterials/Substrate/Glints2/dict_0001_0057" 9658
"/Engine/EngineMaterials/Substrate/Glints2/dict_0001_0058" 9659
"/Engine/EngineMaterials/Substrate/Glints2/dict_0001_0059" 9660
"/Engine/EngineMaterials/Substrate/Glints2/dict_0001_0051" 9661
"/Engine/EngineMaterials/Substrate/Glints2/dict_0001_0052" 9662
"/Engine/EngineMaterials/Substrate/Glints2/dict_0001_0048" 9663
"../../../Engine/Content/EngineMaterials/Substrate/Glints2/dict_0001_0047.uasset" 9664
"/Engine/EngineMaterials/Substrate/Glints2/dict_0001_0049" 9665
"/Engine/EngineMaterials/Substrate/Glints2/dict_0001_0050" 9666
"/Engine/EngineMaterials/Substrate/Glints2/dict_0001_0047" 9667
"../../../Engine/Content/EngineMaterials/Substrate/Glints2/dict_0001_0045.uasset" 9668
"../../../Engine/Content/EngineMaterials/Substrate/Glints2/dict_0001_0046.uasset" 9669
"../../../Engine/Content/EngineMaterials/Substrate/Glints2/dict_0001_0044.uasset" 9670
"../../../Engine/Content/EngineMaterials/Substrate/Glints2/dict_0001_0043.uasset" 9671
"../../../Engine/Content/EngineMaterials/Substrate/Glints2/dict_0001_0042.uasset" 9672
"../../../Engine/Content/EngineMaterials/Substrate/Glints2/dict_0001_0038.uasset" 9673
"../../../Engine/Content/EngineMaterials/Substrate/Glints2/dict_0001_0039.uasset" 9674
"../../../Engine/Content/EngineMaterials/Substrate/Glints2/dict_0001_0041.uasset" 9675
"../../../Engine/Content/EngineMaterials/Substrate/Glints2/dict_0001_0040.uasset" 9676
"../../../Engine/Content/EngineMaterials/Substrate/Glints2/dict_0001_0035.uasset" 9677
"../../../Engine/Content/EngineMaterials/Substrate/Glints2/dict_0001_0036.uasset" 9678
"../../../Engine/Content/EngineMaterials/Substrate/Glints2/dict_0001_0032.uasset" 9679
"../../../Engine/Content/EngineMaterials/Substrate/Glints2/dict_0001_0033.uasset" 9680
"../../../Engine/Content/EngineMaterials/Substrate/Glints2/dict_0001_0034.uasset" 9681
"/Engine/EngineMaterials/Substrate/Glints2/dict_0001_0046" 9682
"/Engine/EngineMaterials/Substrate/Glints2/dict_0001_0040" 9683
"/Engine/EngineMaterials/Substrate/Glints2/dict_0001_0041" 9684
"../../../Engine/Content/EngineMaterials/Substrate/Glints2/dict_0001_0031.uasset" 9685
"../../../Engine/Content/EngineMaterials/Substrate/Glints2/dict_0001_0027.uasset" 9686
"../../../Engine/Content/EngineMaterials/Substrate/Glints2/dict_0001_0029.uasset" 9687
"../../../Engine/Content/EngineMaterials/Substrate/Glints2/dict_0001_0028.uasset" 9688
"../../../Engine/Content/EngineMaterials/Substrate/Glints2/dict_0001_0030.uasset" 9689
"/Engine/EngineMaterials/Substrate/Glints2/dict_0001_0038" 9690
"/Engine/EngineMaterials/Substrate/Glints2/dict_0001_0042" 9691
"/Engine/EngineMaterials/Substrate/Glints2/dict_0001_0039" 9692
"/Engine/EngineMaterials/Substrate/Glints2/dict_0001_0043" 9693
"/Engine/EngineMaterials/Substrate/Glints2/dict_0001_0032" 9694
"/Engine/EngineMaterials/Substrate/Glints2/dict_0001_0044" 9695
"/Engine/EngineMaterials/Substrate/Glints2/dict_0001_0033" 9696
"/Engine/EngineMaterials/Substrate/Glints2/dict_0001_0034" 9697
"/Engine/EngineMaterials/Substrate/Glints2/dict_0001_0035" 9698
"/Engine/EngineMaterials/Substrate/Glints2/dict_0001_0036" 9699
"/Engine/EngineMaterials/Substrate/Glints2/dict_0001_0045" 9700
"../../../Engine/Content/EngineMaterials/Substrate/Glints2/dict_0001_0023.uasset" 9701
"../../../Engine/Content/EngineMaterials/Substrate/Glints2/dict_0001_0025.uasset" 9702
"../../../Engine/Content/EngineMaterials/Substrate/Glints2/dict_0001_0022.uasset" 9703
"../../../Engine/Content/EngineMaterials/Substrate/Glints2/dict_0001_0026.uasset" 9704
"/Engine/EngineMaterials/Substrate/Glints2/dict_0001_0023" 9705
"/Engine/EngineMaterials/Substrate/Glints2/dict_0001_0028" 9706
"/Engine/EngineMaterials/Substrate/Glints2/dict_0001_0029" 9707
"/Engine/EngineMaterials/Substrate/Glints2/dict_0001_0022" 9708
"../../../Engine/Content/EngineMaterials/Substrate/Glints2/dict_0001_0024.uasset" 9709
"/Engine/EngineMaterials/Substrate/Glints2/dict_0001_0030" 9710
"/Engine/EngineMaterials/Substrate/Glints2/dict_0001_0031" 9711
"/Engine/EngineMaterials/Substrate/Glints2/dict_0001_0025" 9712
"/Engine/EngineMaterials/Substrate/Glints2/dict_0001_0026" 9713
"/Engine/EngineMaterials/Substrate/Glints2/dict_0001_0027" 9714
"../../../Engine/Content/EngineMaterials/Substrate/Glints2/dict_0001_0017.uasset" 9715
"../../../Engine/Content/EngineMaterials/Substrate/Glints2/dict_0001_0018.uasset" 9716
"../../../Engine/Content/EngineMaterials/Substrate/Glints2/dict_0001_0015.uasset" 9717
"../../../Engine/Content/EngineMaterials/Substrate/Glints2/dict_0001_0014.uasset" 9718
"../../../Engine/Content/EngineMaterials/Substrate/Glints2/dict_0001_0019.uasset" 9719
"/Engine/EngineMaterials/Substrate/Glints2/dict_0001_0024" 9720
"../../../Engine/Content/EngineMaterials/Substrate/Glints2/dict_0001_0020.uasset" 9721
"../../../Engine/Content/EngineMaterials/Substrate/Glints2/dict_0001_0021.uasset" 9722
"/Engine/EngineMaterials/Substrate/Glints2/dict_0001_0014" 9723
"/Engine/EngineMaterials/Substrate/Glints2/dict_0001_0015" 9724
"../../../Engine/Content/EngineMaterials/Substrate/Glints2/dict_0001_0016.uasset" 9725
"/Engine/EngineMaterials/Substrate/Glints2/dict_0001_0017" 9726
"/Engine/EngineMaterials/Substrate/Glints2/dict_0001_0018" 9727
"/Engine/EngineMaterials/Substrate/Glints2/dict_0001_0019" 9728
"/Engine/EngineMaterials/Substrate/Glints2/dict_0001_0020" 9729
"/Engine/EngineMaterials/Substrate/Glints2/dict_0001_0021" 9730
"/Engine/EngineMaterials/Substrate/Glints2/dict_0001_0016" 9731
"../../../Engine/Content/EngineMaterials/Substrate/Glints2/dict_0001_0013.uasset" 9732
"../../../Engine/Content/EngineMaterials/Substrate/Glints2/dict_0001_0012.uasset" 9733
"../../../Engine/Content/EngineMaterials/Substrate/Glints2/dict_0001_0010.uasset" 9734
"../../../Engine/Content/EngineMaterials/Substrate/Glints2/dict_0001_0009.uasset" 9735
"../../../Engine/Content/EngineMaterials/Substrate/Glints2/dict_0001_0008.uasset" 9736
"../../../Engine/Content/EngineMaterials/Substrate/Glints2/dict_0001_0006.uasset" 9737
"../../../Engine/Content/EngineMaterials/Substrate/Glints2/dict_0001_0007.uasset" 9738
"../../../Engine/Content/EngineMaterials/Substrate/Glints2/dict_0001_0011.uasset" 9739
"../../../Engine/Content/EngineMaterials/Substrate/Glints2/dict_0001_0005.uasset" 9740
"/Engine/EngineMaterials/Substrate/Glints2/dict_0001_0008" 9741
"/Engine/EngineMaterials/Substrate/Glints2/dict_0001_0009" 9742
"/Engine/EngineMaterials/Substrate/Glints2/dict_0001_0010" 9743
"/Engine/EngineMaterials/Substrate/Glints2/dict_0001_0011" 9744
"/Engine/EngineMaterials/Substrate/Glints2/dict_0001_0012" 9745
"/Engine/EngineMaterials/Substrate/Glints2/dict_0001_0013" 9746
"../../../Engine/Content/EngineMaterials/Substrate/Glints2/dict_0000_0254.uasset" 9747
"../../../Engine/Content/EngineMaterials/Substrate/Glints2/dict_0001_0003.uasset" 9748
"../../../Engine/Content/EngineMaterials/Substrate/Glints2/dict_0001_0004.uasset" 9749
"/Engine/EngineMaterials/Substrate/Glints2/dict_0001_0006" 9750
"../../../Engine/Content/EngineMaterials/Substrate/Glints2/dict_0000_0255.uasset" 9751
"/Engine/EngineMaterials/Substrate/Glints2/dict_0001_0007" 9752
"/Engine/EngineMaterials/Substrate/Glints2/dict_0000_0255" 9753
"../../../Engine/Content/EngineMaterials/Substrate/Glints2/dict_0000_0253.uasset" 9754
"../../../Engine/Content/EngineMaterials/Substrate/Glints2/dict_0001_0000.uasset" 9755
"/Engine/EngineMaterials/Substrate/Glints2/dict_0000_0254" 9756
"../../../Engine/Content/EngineMaterials/Substrate/Glints2/dict_0001_0001.uasset" 9757
"/Engine/EngineMaterials/Substrate/Glints2/dict_0001_0003" 9758
"../../../Engine/Content/EngineMaterials/Substrate/Glints2/dict_0001_0002.uasset" 9759
"/Engine/EngineMaterials/Substrate/Glints2/dict_0001_0004" 9760
"/Engine/EngineMaterials/Substrate/Glints2/dict_0001_0005" 9761
"/Engine/EngineMaterials/Substrate/Glints2/dict_0001_0000" 9762
"../../../Engine/Content/EngineMaterials/Substrate/Glints2/dict_0000_0252.uasset" 9763
"/Engine/EngineMaterials/Substrate/Glints2/dict_0001_0001" 9764
"/Engine/EngineMaterials/Substrate/Glints2/dict_0001_0002" 9765
"/Engine/EngineMaterials/Substrate/Glints2/dict_0000_0253" 9766
"/Engine/EngineMaterials/Substrate/Glints2/dict_0000_0252" 9767
"../../../Engine/Content/EngineMaterials/Substrate/Glints2/dict_0000_0251.uasset" 9768
"../../../Engine/Content/EngineMaterials/Substrate/Glints2/dict_0000_0249.uasset" 9769
"../../../Engine/Content/EngineMaterials/Substrate/Glints2/dict_0000_0248.uasset" 9770
"../../../Engine/Content/EngineMaterials/Substrate/Glints2/dict_0000_0250.uasset" 9771
"../../../Engine/Content/EngineMaterials/Substrate/Glints2/dict_0000_0247.uasset" 9772
"../../../Engine/Content/EngineMaterials/Substrate/Glints2/dict_0000_0245.uasset" 9773
"../../../Engine/Content/EngineMaterials/Substrate/Glints2/dict_0000_0244.uasset" 9774
"../../../Engine/Content/EngineMaterials/Substrate/Glints2/dict_0000_0246.uasset" 9775
"../../../Engine/Content/EngineMaterials/Substrate/Glints2/dict_0000_0243.uasset" 9776
"/Engine/EngineMaterials/Substrate/Glints2/dict_0000_0243" 9777
"../../../Engine/Content/EngineMaterials/Substrate/Glints2/dict_0000_0242.uasset" 9778
"/Engine/EngineMaterials/Substrate/Glints2/dict_0000_0247" 9779
"../../../Engine/Content/EngineMaterials/Substrate/Glints2/dict_0000_0238.uasset" 9780
"../../../Engine/Content/EngineMaterials/Substrate/Glints2/dict_0000_0241.uasset" 9781
"../../../Engine/Content/EngineMaterials/Substrate/Glints2/dict_0000_0237.uasset" 9782
"/Engine/EngineMaterials/Substrate/Glints2/dict_0000_0248" 9783
"../../../Engine/Content/EngineMaterials/Substrate/Glints2/dict_0000_0239.uasset" 9784
"../../../Engine/Content/EngineMaterials/Substrate/Glints2/dict_0000_0240.uasset" 9785
"/Engine/EngineMaterials/Substrate/Glints2/dict_0000_0246" 9786
"/Engine/EngineMaterials/Substrate/Glints2/dict_0000_0249" 9787
"/Engine/EngineMaterials/Substrate/Glints2/dict_0000_0244" 9788
"/Engine/EngineMaterials/Substrate/Glints2/dict_0000_0250" 9789
"/Engine/EngineMaterials/Substrate/Glints2/dict_0000_0251" 9790
"/Engine/EngineMaterials/Substrate/Glints2/dict_0000_0245" 9791
"../../../Engine/Content/EngineMaterials/Substrate/Glints2/dict_0000_0235.uasset" 9792
"../../../Engine/Content/EngineMaterials/Substrate/Glints2/dict_0000_0234.uasset" 9793
"/Engine/EngineMaterials/Substrate/Glints2/dict_0000_0234" 9794
"/Engine/EngineMaterials/Substrate/Glints2/dict_0000_0238" 9795
"../../../Engine/Content/EngineMaterials/Substrate/Glints2/dict_0000_0233.uasset" 9796
"../../../Engine/Content/EngineMaterials/Substrate/Glints2/dict_0000_0236.uasset" 9797
"/Engine/EngineMaterials/Substrate/Glints2/dict_0000_0239" 9798
"/Engine/EngineMaterials/Substrate/Glints2/dict_0000_0240" 9799
"/Engine/EngineMaterials/Substrate/Glints2/dict_0000_0241" 9800
"/Engine/EngineMaterials/Substrate/Glints2/dict_0000_0242" 9801
"/Engine/EngineMaterials/Substrate/Glints2/dict_0000_0235" 9802
"/Engine/EngineMaterials/Substrate/Glints2/dict_0000_0237" 9803
"../../../Engine/Content/EngineMaterials/Substrate/Glints2/dict_0002_0191.uasset" 9804
"../../../Engine/Content/EngineMaterials/Substrate/Glints2/dict_0000_0228.uasset" 9805
"../../../Engine/Content/EngineMaterials/Substrate/Glints2/dict_0000_0232.uasset" 9806
"../../../Engine/Content/EngineMaterials/Substrate/Glints2/dict_0000_0231.uasset" 9807
"/Engine/EngineMaterials/Substrate/Glints2/dict_0000_0233" 9808
"/Engine/EngineMaterials/Substrate/Glints2/dict_0002_0191" 9809
"../../../Engine/Content/EngineMaterials/Substrate/Glints2/dict_0000_0229.uasset" 9810
"/Engine/EngineMaterials/Substrate/Glints2/dict_0000_0231" 9811
"/Engine/EngineMaterials/Substrate/Glints2/dict_0000_0236" 9812
"/Engine/EngineMaterials/Substrate/Glints2/dict_0000_0228" 9813
"../../../Engine/Content/EngineMaterials/Substrate/Glints2/dict_0000_0230.uasset" 9814
"/Engine/EngineMaterials/Substrate/Glints2/dict_0000_0232" 9815
"/Engine/EngineMaterials/Substrate/Glints2/dict_0000_0229" 9816
"/Engine/EngineMaterials/Substrate/Glints2/dict_0000_0230" 9817
"../../../Engine/Content/EngineMaterials/Substrate/Glints2/dict_0000_0226.uasset" 9818
"../../../Engine/Content/EngineMaterials/Substrate/Glints2/dict_0000_0227.uasset" 9819
"../../../Engine/Content/EngineMaterials/Substrate/Glints2/dict_0000_0224.uasset" 9820
"../../../Engine/Content/EngineMaterials/Substrate/Glints2/dict_0000_0223.uasset" 9821
"../../../Engine/Content/EngineMaterials/Substrate/Glints2/dict_0000_0220.uasset" 9822
"../../../Engine/Content/EngineMaterials/Substrate/Glints2/dict_0000_0222.uasset" 9823
"../../../Engine/Content/EngineMaterials/Substrate/Glints2/dict_0000_0225.uasset" 9824
"/Engine/EngineMaterials/Substrate/Glints2/dict_0000_0220" 9825
"/Engine/EngineMaterials/Substrate/Glints2/dict_0000_0222" 9826
"/Engine/EngineMaterials/Substrate/Glints2/dict_0000_0223" 9827
"/Engine/EngineMaterials/Substrate/Glints2/dict_0000_0224" 9828
"../../../Engine/Content/EngineMaterials/Substrate/Glints2/dict_0001_0141.uasset" 9829
"/Engine/EngineMaterials/Substrate/Glints2/dict_0000_0225" 9830
"../../../Engine/Content/EngineMaterials/Substrate/Glints2/dict_0000_0221.uasset" 9831
"/Engine/EngineMaterials/Substrate/Glints2/dict_0000_0226" 9832
"/Engine/EngineMaterials/Substrate/Glints2/dict_0000_0227" 9833
"../../../Engine/Content/EngineMaterials/Substrate/Glints2/dict_0000_0212.uasset" 9834
"../../../Engine/Content/EngineMaterials/Substrate/Glints2/dict_0000_0214.uasset" 9835
"../../../Engine/Content/EngineMaterials/Substrate/Glints2/dict_0000_0216.uasset" 9836
"../../../Engine/Content/EngineMaterials/Substrate/Glints2/dict_0000_0219.uasset" 9837
"../../../Engine/Content/EngineMaterials/Substrate/Glints2/dict_0000_0218.uasset" 9838
"/Engine/EngineMaterials/Substrate/Glints2/dict_0001_0141" 9839
"../../../Engine/Content/EngineMaterials/Substrate/Glints2/dict_0000_0215.uasset" 9840
"/Engine/EngineMaterials/Substrate/Glints2/dict_0000_0212" 9841
"/Engine/EngineMaterials/Substrate/Glints2/dict_0000_0214" 9842
"/Engine/EngineMaterials/Substrate/Glints2/dict_0000_0216" 9843
"/Engine/EngineMaterials/Substrate/Glints2/dict_0000_0219" 9844
"/Engine/EngineMaterials/Substrate/Glints2/dict_0000_0221" 9845
"/Engine/EngineMaterials/Substrate/Glints2/dict_0000_0215" 9846
"/Engine/EngineMaterials/Substrate/Glints2/dict_0000_0218" 9847
"../../../Engine/Content/EngineMaterials/Substrate/Glints2/dict_0000_0211.uasset" 9848
"../../../Engine/Content/EngineMaterials/Substrate/Glints2/dict_0000_0210.uasset" 9849
"../../../Engine/Content/EngineMaterials/Substrate/Glints2/dict_0000_0213.uasset" 9850
"../../../Engine/Content/EngineMaterials/Substrate/Glints2/dict_0000_0217.uasset" 9851
"../../../Engine/Content/EngineMaterials/Substrate/Glints2/dict_0000_0206.uasset" 9852
"../../../Engine/Content/EngineMaterials/Substrate/Glints2/dict_0000_0205.uasset" 9853
"../../../Engine/Content/EngineMaterials/Substrate/Glints2/dict_0000_0202.uasset" 9854
"../../../Engine/Content/EngineMaterials/Substrate/Glints2/dict_0000_0207.uasset" 9855
"../../../Engine/Content/EngineMaterials/Substrate/Glints2/dict_0000_0204.uasset" 9856
"/Engine/EngineMaterials/Substrate/Glints2/dict_0000_0205" 9857
"../../../Engine/Content/EngineMaterials/Substrate/Glints2/dict_0000_0199.uasset" 9858
"../../../Engine/Content/EngineMaterials/Substrate/Glints2/dict_0000_0208.uasset" 9859
"../../../Engine/Content/EngineMaterials/Substrate/Glints2/dict_0000_0203.uasset" 9860
"../../../Engine/Content/EngineMaterials/Substrate/Glints2/dict_0000_0201.uasset" 9861
"../../../Engine/Content/EngineMaterials/Substrate/Glints2/dict_0000_0200.uasset" 9862
"/Engine/EngineMaterials/Substrate/Glints2/dict_0000_0211" 9863
"/Engine/EngineMaterials/Substrate/Glints2/dict_0000_0206" 9864
"../../../Engine/Content/EngineMaterials/Substrate/Glints2/dict_0000_0198.uasset" 9865
"/Engine/EngineMaterials/Substrate/Glints2/dict_0000_0204" 9866
"/Engine/EngineMaterials/Substrate/Glints2/dict_0000_0213" 9867
"/Engine/EngineMaterials/Substrate/Glints2/dict_0000_0207" 9868
"/Engine/EngineMaterials/Substrate/Glints2/dict_0000_0217" 9869
"/Engine/EngineMaterials/Substrate/Glints2/dict_0000_0210" 9870
"/Engine/EngineMaterials/Substrate/Glints2/dict_0000_0202" 9871
"/Engine/EngineMaterials/Substrate/Glints2/dict_0000_0203" 9872
"../../../Engine/Content/EngineMaterials/Substrate/Glints2/dict_0000_0195.uasset" 9873
"../../../Engine/Content/EngineMaterials/Substrate/Glints2/dict_0000_0194.uasset" 9874
"/Engine/EngineMaterials/Substrate/Glints2/dict_0000_0208" 9875
"/Engine/EngineMaterials/Substrate/Glints2/dict_0000_0198" 9876
"/Engine/EngineMaterials/Substrate/Glints2/dict_0000_0199" 9877
"../../../Engine/Content/EngineMaterials/Substrate/Glints2/dict_0000_0196.uasset" 9878
"/Engine/EngineMaterials/Substrate/Glints2/dict_0000_0200" 9879
"/Engine/EngineMaterials/Substrate/Glints2/dict_0000_0201" 9880
"/Engine/EngineMaterials/Substrate/Glints2/dict_0000_0194" 9881
"/Engine/EngineMaterials/Substrate/Glints2/dict_0000_0196" 9882
"/Engine/EngineMaterials/Substrate/Glints2/dict_0000_0195" 9883
"../../../Engine/Content/EngineMaterials/Substrate/Glints2/dict_0000_0197.uasset" 9884
"../../../Engine/Content/EngineMaterials/Substrate/Glints2/dict_0000_0192.uasset" 9885
"../../../Engine/Content/EngineMaterials/Substrate/Glints2/dict_0000_0193.uasset" 9886
"../../../Engine/Content/EngineMaterials/Substrate/Glints2/dict_0000_0188.uasset" 9887
"../../../Engine/Content/EngineMaterials/Substrate/Glints2/dict_0000_0189.uasset" 9888
"../../../Engine/Content/EngineMaterials/Substrate/Glints2/dict_0000_0190.uasset" 9889
"../../../Engine/Content/EngineMaterials/Substrate/Glints2/dict_0000_0191.uasset" 9890
"../../../Engine/Content/EngineMaterials/Substrate/Glints2/dict_0000_0186.uasset" 9891
"../../../Engine/Content/EngineMaterials/Substrate/Glints2/dict_0000_0184.uasset" 9892
"../../../Engine/Content/EngineMaterials/Substrate/Glints2/dict_0000_0187.uasset" 9893
"../../../Engine/Content/EngineMaterials/Substrate/Glints2/dict_0000_0185.uasset" 9894
"../../../Engine/Content/EngineMaterials/Substrate/Glints2/dict_0000_0183.uasset" 9895
"../../../Engine/Content/EngineMaterials/Substrate/Glints2/dict_0000_0182.uasset" 9896
"../../../Engine/Content/EngineMaterials/Substrate/Glints2/dict_0003_0128.uasset" 9897
"/Engine/EngineMaterials/Substrate/Glints2/dict_0000_0190" 9898
"/Engine/EngineMaterials/Substrate/Glints2/dict_0000_0191" 9899
"/Engine/EngineMaterials/Substrate/Glints2/dict_0000_0182" 9900
"../../../Engine/Content/EngineMaterials/Substrate/Glints2/dict_0000_0178.uasset" 9901
"/Engine/EngineMaterials/Substrate/Glints2/dict_0000_0183" 9902
"../../../Engine/Content/EngineMaterials/Substrate/Glints2/dict_0000_0181.uasset" 9903
"../../../Engine/Content/EngineMaterials/Substrate/Glints2/dict_0000_0179.uasset" 9904
"/Engine/EngineMaterials/Substrate/Glints2/dict_0000_0184" 9905
"/Engine/EngineMaterials/Substrate/Glints2/dict_0000_0192" 9906
"../../../Engine/Content/EngineMaterials/Substrate/Glints2/dict_0000_0174.uasset" 9907
"../../../Engine/Content/EngineMaterials/Substrate/Glints2/dict_0000_0176.uasset" 9908
"../../../Engine/Content/EngineMaterials/Substrate/Glints2/dict_0000_0175.uasset" 9909
"../../../Engine/Content/EngineMaterials/Substrate/Glints2/dict_0000_0173.uasset" 9910
"../../../Engine/Content/EngineMaterials/Substrate/Glints2/dict_0000_0172.uasset" 9911
"/Engine/EngineMaterials/Substrate/Glints2/dict_0000_0188" 9912
"/Engine/EngineMaterials/Substrate/Glints2/dict_0003_0128" 9913
"../../../Engine/Content/EngineMaterials/Substrate/Glints2/dict_0000_0177.uasset" 9914
"/Engine/EngineMaterials/Substrate/Glints2/dict_0000_0193" 9915
"/Engine/EngineMaterials/Substrate/Glints2/dict_0000_0185" 9916
"/Engine/EngineMaterials/Substrate/Glints2/dict_0000_0189" 9917
"/Engine/EngineMaterials/Substrate/Glints2/dict_0000_0197" 9918
"/Engine/EngineMaterials/Substrate/Glints2/dict_0000_0186" 9919
"/Engine/EngineMaterials/Substrate/Glints2/dict_0000_0187" 9920
"/Engine/EngineMaterials/Substrate/Glints2/dict_0000_0179" 9921
"/Engine/EngineMaterials/Substrate/Glints2/dict_0000_0181" 9922
"/Engine/EngineMaterials/Substrate/Glints2/dict_0000_0173" 9923
"/Engine/EngineMaterials/Substrate/Glints2/dict_0000_0174" 9924
"/Engine/EngineMaterials/Substrate/Glints2/dict_0000_0172" 9925
"../../../Engine/Content/EngineMaterials/Substrate/Glints2/dict_0000_0170.uasset" 9926
"/Engine/EngineMaterials/Substrate/Glints2/dict_0000_0175" 9927
"/Engine/EngineMaterials/Substrate/Glints2/dict_0000_0176" 9928
"/Engine/EngineMaterials/Substrate/Glints2/dict_0000_0177" 9929
"/Engine/EngineMaterials/Substrate/Glints2/dict_0000_0178" 9930
"/Engine/EngineMaterials/Substrate/Glints2/dict_0000_0170" 9931
"../../../Engine/Content/EngineMaterials/Substrate/Glints2/dict_0000_0167.uasset" 9932
"../../../Engine/Content/EngineMaterials/Substrate/Glints2/dict_0000_0164.uasset" 9933
"../../../Engine/Content/EngineMaterials/Substrate/Glints2/dict_0000_0166.uasset" 9934
"../../../Engine/Content/EngineMaterials/Substrate/Glints2/dict_0000_0168.uasset" 9935
"../../../Engine/Content/EngineMaterials/Substrate/Glints2/dict_0000_0165.uasset" 9936
"../../../Engine/Content/EngineMaterials/Substrate/Glints2/dict_0000_0163.uasset" 9937
"../../../Engine/Content/EngineMaterials/Substrate/Glints2/dict_0000_0169.uasset" 9938
"../../../Engine/Content/EngineMaterials/Substrate/Glints2/dict_0001_0037.uasset" 9939
"../../../Engine/Content/EngineMaterials/Substrate/Glints2/dict_0000_0162.uasset" 9940
"/Engine/EngineMaterials/Substrate/Glints2/dict_0001_0037" 9941
"/Engine/EngineMaterials/Substrate/Glints2/dict_0000_0162" 9942
"/Engine/EngineMaterials/Substrate/Glints2/dict_0000_0163" 9943
"/Engine/EngineMaterials/Substrate/Glints2/dict_0000_0164" 9944
"/Engine/EngineMaterials/Substrate/Glints2/dict_0000_0165" 9945
"/Engine/EngineMaterials/Substrate/Glints2/dict_0000_0166" 9946
"../../../Engine/Content/EngineMaterials/Substrate/Glints2/dict_0000_0157.uasset" 9947
"../../../Engine/Content/EngineMaterials/Substrate/Glints2/dict_0000_0161.uasset" 9948
"../../../Engine/Content/EngineMaterials/Substrate/Glints2/dict_0000_0159.uasset" 9949
"../../../Engine/Content/EngineMaterials/Substrate/Glints2/dict_0000_0160.uasset" 9950
"../../../Engine/Content/EngineMaterials/Substrate/Glints2/dict_0000_0158.uasset" 9951
"/Engine/EngineMaterials/Substrate/Glints2/dict_0000_0167" 9952
"../../../Engine/Content/EngineMaterials/Substrate/Glints2/dict_0000_0155.uasset" 9953
"/Engine/EngineMaterials/Substrate/Glints2/dict_0000_0168" 9954
"../../../Engine/Content/EngineMaterials/Substrate/Glints2/dict_0000_0156.uasset" 9955
"/Engine/EngineMaterials/Substrate/Glints2/dict_0000_0169" 9956
"/Engine/EngineMaterials/Substrate/Glints2/dict_0000_0156" 9957
"/Engine/EngineMaterials/Substrate/Glints2/dict_0000_0157" 9958
"/Engine/EngineMaterials/Substrate/Glints2/dict_0000_0158" 9959
"/Engine/EngineMaterials/Substrate/Glints2/dict_0000_0159" 9960
"/Engine/EngineMaterials/Substrate/Glints2/dict_0000_0160" 9961
"/Engine/EngineMaterials/Substrate/Glints2/dict_0000_0161" 9962
"/Engine/EngineMaterials/Substrate/Glints2/dict_0000_0155" 9963
"../../../Engine/Content/EngineMaterials/Substrate/Glints2/dict_0000_0149.uasset" 9964
"../../../Engine/Content/EngineMaterials/Substrate/Glints2/dict_0000_0147.uasset" 9965
"../../../Engine/Content/EngineMaterials/Substrate/Glints2/dict_0000_0153.uasset" 9966
"../../../Engine/Content/EngineMaterials/Substrate/Glints2/dict_0000_0150.uasset" 9967
"../../../Engine/Content/EngineMaterials/Substrate/Glints2/dict_0000_0151.uasset" 9968
"../../../Engine/Content/EngineMaterials/Substrate/Glints2/dict_0000_0152.uasset" 9969
"../../../Engine/Content/EngineMaterials/Substrate/Glints2/dict_0000_0148.uasset" 9970
"../../../Engine/Content/EngineMaterials/Substrate/Glints2/dict_0000_0146.uasset" 9971
"/Engine/EngineMaterials/Substrate/Glints2/dict_0000_0147" 9972
"../../../Engine/Content/EngineMaterials/Substrate/Glints2/dict_0000_0145.uasset" 9973
"/Engine/EngineMaterials/Substrate/Glints2/dict_0000_0148" 9974
"/Engine/EngineMaterials/Substrate/Glints2/dict_0000_0149" 9975
"/Engine/EngineMaterials/Substrate/Glints2/dict_0000_0146" 9976
"/Engine/EngineMaterials/Substrate/Glints2/dict_0000_0150" 9977
"../../../Engine/Content/EngineMaterials/Substrate/Glints2/dict_0000_0144.uasset" 9978
"/Engine/EngineMaterials/Substrate/Glints2/dict_0000_0151" 9979
"/Engine/EngineMaterials/Substrate/Glints2/dict_0000_0152" 9980
"../../../Engine/Content/EngineMaterials/Substrate/Glints2/dict_0000_0143.uasset" 9981
"../../../Engine/Content/EngineMaterials/Substrate/Glints2/dict_0000_0139.uasset" 9982
"/Engine/EngineMaterials/Substrate/Glints2/dict_0000_0153" 9983
"../../../Engine/Content/EngineMaterials/Substrate/Glints2/dict_0000_0141.uasset" 9984
"../../../Engine/Content/EngineMaterials/Substrate/Glints2/dict_0000_0138.uasset" 9985
"../../../Engine/Content/EngineMaterials/Substrate/Glints2/dict_0000_0142.uasset" 9986
"/Engine/EngineMaterials/Substrate/Glints2/dict_0000_0138" 9987
"../../../Engine/Content/EngineMaterials/Substrate/Glints2/dict_0000_0140.uasset" 9988
"/Engine/EngineMaterials/Substrate/Glints2/dict_0000_0139" 9989
"/Engine/EngineMaterials/Substrate/Glints2/dict_0000_0141" 9990
"/Engine/EngineMaterials/Substrate/Glints2/dict_0000_0142" 9991
"/Engine/EngineMaterials/Substrate/Glints2/dict_0000_0143" 9992
"/Engine/EngineMaterials/Substrate/Glints2/dict_0000_0144" 9993
"/Engine/EngineMaterials/Substrate/Glints2/dict_0000_0145" 9994
"/Engine/EngineMaterials/Substrate/Glints2/dict_0000_0140" 9995
"../../../Engine/Content/EngineMaterials/Substrate/Glints2/dict_0000_0137.uasset" 9996
"../../../Engine/Content/EngineMaterials/Substrate/Glints2/dict_0000_0131.uasset" 9997
"../../../Engine/Content/EngineMaterials/Substrate/Glints2/dict_0000_0130.uasset" 9998
"../../../Engine/Content/EngineMaterials/Substrate/Glints2/dict_0000_0135.uasset" 9999
"../../../Engine/Content/EngineMaterials/Substrate/Glints2/dict_0000_0132.uasset" 10000
"../../../Engine/Content/EngineMaterials/Substrate/Glints2/dict_0000_0128.uasset" 10001
"../../../Engine/Content/EngineMaterials/Substrate/Glints2/dict_0000_0133.uasset" 10002
"/Engine/EngineMaterials/Substrate/Glints2/dict_0000_0130" 10003
"/Engine/EngineMaterials/Substrate/Glints2/dict_0000_0131" 10004
"/Engine/EngineMaterials/Substrate/Glints2/dict_0000_0132" 10005
"/Engine/EngineMaterials/Substrate/Glints2/dict_0000_0137" 10006
"../../../Engine/Content/EngineMaterials/Substrate/Glints2/dict_0000_0129.uasset" 10007
"/Engine/EngineMaterials/Substrate/Glints2/dict_0000_0133" 10008
"../../../Engine/Content/EngineMaterials/Substrate/Glints2/dict_0000_0134.uasset" 10009
"/Engine/EngineMaterials/Substrate/Glints2/dict_0000_0135" 10010
"/Engine/EngineMaterials/Substrate/Glints2/dict_0000_0128" 10011
"../../../Engine/Content/EngineMaterials/Substrate/Glints2/dict_0000_0127.uasset" 10012
"/Engine/EngineMaterials/Substrate/Glints2/dict_0000_0134" 10013
"../../../Engine/Content/EngineMaterials/Substrate/Glints2/dict_0000_0136.uasset" 10014
"/Engine/EngineMaterials/Substrate/Glints2/dict_0000_0129" 10015
"/Engine/EngineMaterials/Substrate/Glints2/dict_0000_0127" 10016
"../../../Engine/Content/EngineMaterials/Substrate/Glints2/dict_0000_0123.uasset" 10017
"../../../Engine/Content/EngineMaterials/Substrate/Glints2/dict_0000_0126.uasset" 10018
"/Engine/EngineMaterials/Substrate/Glints2/dict_0000_0136" 10019
"/Engine/EngineMaterials/Substrate/Glints2/dict_0000_0123" 10020
"/Engine/EngineMaterials/Substrate/Glints2/dict_0000_0126" 10021
"../../../Engine/Content/EngineMaterials/Substrate/Glints2/dict_0000_0125.uasset" 10022
"../../../Engine/Content/EngineMaterials/Substrate/Glints2/dict_0000_0124.uasset" 10023
"../../../Engine/Content/EngineMaterials/Substrate/Glints2/dict_0000_0119.uasset" 10024
"../../../Engine/Content/EngineMaterials/Substrate/Glints2/dict_0000_0116.uasset" 10025
"../../../Engine/Content/EngineMaterials/Substrate/Glints2/dict_0000_0120.uasset" 10026
"../../../Engine/Content/EngineMaterials/Substrate/Glints2/dict_0000_0122.uasset" 10027
"../../../Engine/Content/EngineMaterials/Substrate/Glints2/dict_0000_0121.uasset" 10028
"../../../Engine/Content/EngineMaterials/Substrate/Glints2/dict_0000_0118.uasset" 10029
"../../../Engine/Content/EngineMaterials/Substrate/Glints2/dict_0000_0117.uasset" 10030
"/Engine/EngineMaterials/Substrate/Glints2/dict_0000_0122" 10031
"../../../Engine/Content/EngineMaterials/Substrate/Glints2/dict_0000_0115.uasset" 10032
"/Engine/EngineMaterials/Substrate/Glints2/dict_0000_0124" 10033
"/Engine/EngineMaterials/Substrate/Glints2/dict_0000_0116" 10034
"/Engine/EngineMaterials/Substrate/Glints2/dict_0000_0117" 10035
"/Engine/EngineMaterials/Substrate/Glints2/dict_0000_0125" 10036
"/Engine/EngineMaterials/Substrate/Glints2/dict_0000_0118" 10037
"/Engine/EngineMaterials/Substrate/Glints2/dict_0000_0119" 10038
"/Engine/EngineMaterials/Substrate/Glints2/dict_0000_0120" 10039
"/Engine/EngineMaterials/Substrate/Glints2/dict_0000_0121" 10040
"/Engine/EngineMaterials/Substrate/Glints2/dict_0000_0115" 10041
"../../../Engine/Content/EngineMaterials/Substrate/Glints2/dict_0000_0108.uasset" 10042
"../../../Engine/Content/EngineMaterials/Substrate/Glints2/dict_0000_0111.uasset" 10043
"../../../Engine/Content/EngineMaterials/Substrate/Glints2/dict_0000_0114.uasset" 10044
"../../../Engine/Content/EngineMaterials/Substrate/Glints2/dict_0000_0107.uasset" 10045
"../../../Engine/Content/EngineMaterials/Substrate/Glints2/dict_0000_0113.uasset" 10046
"../../../Engine/Content/EngineMaterials/Substrate/Glints2/dict_0000_0110.uasset" 10047
"../../../Engine/Content/EngineMaterials/Substrate/Glints2/dict_0000_0112.uasset" 10048
"../../../Engine/Content/EngineMaterials/Substrate/Glints2/dict_0000_0106.uasset" 10049
"../../../Engine/Content/EngineMaterials/Substrate/Glints2/dict_0000_0109.uasset" 10050
"../../../Engine/Content/EngineMaterials/Substrate/Glints2/dict_0000_0105.uasset" 10051
"/Engine/EngineMaterials/Substrate/Glints2/dict_0000_0107" 10052
"/Engine/EngineMaterials/Substrate/Glints2/dict_0000_0108" 10053
"../../../Engine/Content/EngineMaterials/Substrate/Glints2/dict_0000_0101.uasset" 10054
"../../../Engine/Content/EngineMaterials/Substrate/Glints2/dict_0000_0102.uasset" 10055
"../../../Engine/Content/EngineMaterials/Substrate/Glints2/dict_0000_0103.uasset" 10056
"../../../Engine/Content/EngineMaterials/Substrate/Glints2/dict_0000_0104.uasset" 10057
"/Engine/EngineMaterials/Substrate/Glints2/dict_0000_0109" 10058
"/Engine/EngineMaterials/Substrate/Glints2/dict_0000_0110" 10059
"/Engine/EngineMaterials/Substrate/Glints2/dict_0000_0111" 10060
"/Engine/EngineMaterials/Substrate/Glints2/dict_0000_0105" 10061
"/Engine/EngineMaterials/Substrate/Glints2/dict_0000_0112" 10062
"/Engine/EngineMaterials/Substrate/Glints2/dict_0000_0114" 10063
"/Engine/EngineMaterials/Substrate/Glints2/dict_0000_0113" 10064
"../../../Engine/Content/EngineMaterials/Substrate/Glints2/dict_0000_0098.uasset" 10065
"/Engine/EngineMaterials/Substrate/Glints2/dict_0000_0106" 10066
"/Engine/EngineMaterials/Substrate/Glints2/dict_0000_0101" 10067
"../../../Engine/Content/EngineMaterials/Substrate/Glints2/dict_0000_0100.uasset" 10068
"/Engine/EngineMaterials/Substrate/Glints2/dict_0000_0102" 10069
"../../../Engine/Content/EngineMaterials/Substrate/Glints2/dict_0001_0070.uasset" 10070
"/Engine/EngineMaterials/Substrate/Glints2/dict_0000_0103" 10071
"/Engine/EngineMaterials/Substrate/Glints2/dict_0000_0098" 10072
"/Engine/EngineMaterials/Substrate/Glints2/dict_0000_0104" 10073
"/Engine/EngineMaterials/Substrate/Glints2/dict_0001_0070" 10074
"/Engine/EngineMaterials/Substrate/Glints2/dict_0000_0100" 10075
"../../../Engine/Content/EngineMaterials/Substrate/Glints2/dict_0000_0099.uasset" 10076
"../../../Engine/Content/EngineMaterials/Substrate/Glints2/dict_0000_0095.uasset" 10077
"../../../Engine/Content/EngineMaterials/Substrate/Glints2/dict_0000_0096.uasset" 10078
"../../../Engine/Content/EngineMaterials/Substrate/Glints2/dict_0000_0093.uasset" 10079
"../../../Engine/Content/EngineMaterials/Substrate/Glints2/dict_0000_0094.uasset" 10080
"../../../Engine/Content/EngineMaterials/Substrate/Glints2/dict_0000_0091.uasset" 10081
"../../../Engine/Content/EngineMaterials/Substrate/Glints2/dict_0000_0092.uasset" 10082
"../../../Engine/Content/EngineMaterials/Substrate/Glints2/dict_0000_0090.uasset" 10083
"../../../Engine/Content/EngineMaterials/Substrate/Glints2/dict_0000_0097.uasset" 10084
"/Engine/EngineMaterials/Substrate/Glints2/dict_0000_0092" 10085
"/Engine/EngineMaterials/Substrate/Glints2/dict_0000_0093" 10086
"/Engine/EngineMaterials/Substrate/Glints2/dict_0000_0091" 10087
"/Engine/EngineMaterials/Substrate/Glints2/dict_0000_0094" 10088
"/Engine/EngineMaterials/Substrate/Glints2/dict_0000_0095" 10089
"/Engine/EngineMaterials/Substrate/Glints2/dict_0000_0096" 10090
"../../../Engine/Content/EngineMaterials/Substrate/Glints2/dict_0000_0086.uasset" 10091
"../../../Engine/Content/EngineMaterials/Substrate/Glints2/dict_0000_0085.uasset" 10092
"../../../Engine/Content/EngineMaterials/Substrate/Glints2/dict_0000_0083.uasset" 10093
"../../../Engine/Content/EngineMaterials/Substrate/Glints2/dict_0000_0087.uasset" 10094
"/Engine/EngineMaterials/Substrate/Glints2/dict_0000_0097" 10095
"../../../Engine/Content/EngineMaterials/Substrate/Glints2/dict_0000_0089.uasset" 10096
"/Engine/EngineMaterials/Substrate/Glints2/dict_0000_0090" 10097
"/Engine/EngineMaterials/Substrate/Glints2/dict_0000_0099" 10098
"/Engine/EngineMaterials/Substrate/Glints2/dict_0000_0083" 10099
"/Engine/EngineMaterials/Substrate/Glints2/dict_0000_0085" 10100
"/Engine/EngineMaterials/Substrate/Glints2/dict_0000_0086" 10101
"/Engine/EngineMaterials/Substrate/Glints2/dict_0000_0087" 10102
"/Engine/EngineMaterials/Substrate/Glints2/dict_0000_0089" 10103
"../../../Engine/Content/EngineMaterials/Substrate/Glints2/dict_0000_0080.uasset" 10104
"/Engine/EngineMaterials/Substrate/Glints2/dict_0000_0080" 10105
"../../../Engine/Content/EngineMaterials/Substrate/Glints2/dict_0000_0081.uasset" 10106
"../../../Engine/Content/EngineMaterials/Substrate/Glints2/dict_0000_0079.uasset" 10107
"../../../Engine/Content/EngineMaterials/Substrate/Glints2/dict_0000_0084.uasset" 10108
"../../../Engine/Content/EngineMaterials/Substrate/Glints2/dict_0000_0082.uasset" 10109
"../../../Engine/Content/EngineMaterials/Substrate/Glints2/dict_0000_0076.uasset" 10110
"../../../Engine/Content/EngineMaterials/Substrate/Glints2/dict_0000_0075.uasset" 10111
"../../../Engine/Content/EngineMaterials/Substrate/Glints2/dict_0000_0073.uasset" 10112
"../../../Engine/Content/EngineMaterials/Substrate/Glints2/dict_0000_0071.uasset" 10113
"../../../Engine/Content/EngineMaterials/Substrate/Glints2/dict_0000_0078.uasset" 10114
"/Engine/EngineMaterials/Substrate/Glints2/dict_0000_0081" 10115
"../../../Engine/Content/EngineMaterials/Substrate/Glints2/dict_0000_0069.uasset" 10116
"/Engine/EngineMaterials/Substrate/Glints2/dict_0000_0076" 10117
"/Engine/EngineMaterials/Substrate/Glints2/dict_0000_0082" 10118
"/Engine/EngineMaterials/Substrate/Glints2/dict_0000_0084" 10119
"../../../Engine/Content/EngineMaterials/Substrate/Glints2/dict_0000_0074.uasset" 10120
"/Engine/EngineMaterials/Substrate/Glints2/dict_0000_0078" 10121
"/Engine/EngineMaterials/Substrate/Glints2/dict_0000_0071" 10122
"/Engine/EngineMaterials/Substrate/Glints2/dict_0000_0079" 10123
"/Engine/EngineMaterials/Substrate/Glints2/dict_0000_0073" 10124
"../../../Engine/Content/EngineMaterials/Substrate/Glints2/dict_0000_0077.uasset" 10125
"/Engine/EngineMaterials/Substrate/Glints2/dict_0000_0075" 10126
"/Engine/EngineMaterials/Substrate/Glints2/dict_0000_0074" 10127
"/Engine/EngineMaterials/Substrate/Glints2/dict_0000_0069" 10128
"/Engine/EngineMaterials/Substrate/Glints2/dict_0000_0077" 10129
"../../../Engine/Content/EngineMaterials/Substrate/Glints2/dict_0000_0072.uasset" 10130
"../../../Engine/Content/EngineMaterials/Substrate/Glints2/dict_0000_0070.uasset" 10131
"../../../Engine/Content/EngineMaterials/Substrate/Glints2/dict_0000_0067.uasset" 10132
"../../../Engine/Content/EngineMaterials/Substrate/Glints2/dict_0000_0066.uasset" 10133
"../../../Engine/Content/EngineMaterials/Substrate/Glints2/dict_0000_0068.uasset" 10134
"../../../Engine/Content/EngineMaterials/Substrate/Glints2/dict_0000_0063.uasset" 10135
"../../../Engine/Content/EngineMaterials/Substrate/Glints2/dict_0000_0064.uasset" 10136
"../../../Engine/Content/EngineMaterials/Substrate/Glints2/dict_0000_0065.uasset" 10137
"/Engine/EngineMaterials/Substrate/Glints2/dict_0000_0065" 10138
"/Engine/EngineMaterials/Substrate/Glints2/dict_0000_0066" 10139
"../../../Engine/Content/EngineMaterials/Substrate/Glints2/dict_0000_0057.uasset" 10140
"../../../Engine/Content/EngineMaterials/Substrate/Glints2/dict_0000_0058.uasset" 10141
"../../../Engine/Content/EngineMaterials/Substrate/Glints2/dict_0000_0061.uasset" 10142
"../../../Engine/Content/EngineMaterials/Substrate/Glints2/dict_0000_0056.uasset" 10143
"/Engine/EngineMaterials/Substrate/Glints2/dict_0000_0063" 10144
"../../../Engine/Content/EngineMaterials/Substrate/Glints2/dict_0000_0060.uasset" 10145
"../../../Engine/Content/EngineMaterials/Substrate/Glints2/dict_0000_0059.uasset" 10146
"/Engine/EngineMaterials/Substrate/Glints2/dict_0000_0067" 10147
"/Engine/EngineMaterials/Substrate/Glints2/dict_0000_0068" 10148
"/Engine/EngineMaterials/Substrate/Glints2/dict_0000_0070" 10149
"/Engine/EngineMaterials/Substrate/Glints2/dict_0000_0064" 10150
"/Engine/EngineMaterials/Substrate/Glints2/dict_0000_0072" 10151
"/Engine/EngineMaterials/Substrate/Glints2/dict_0000_0060" 10152
"/Engine/EngineMaterials/Substrate/Glints2/dict_0000_0061" 10153
"/Engine/EngineMaterials/Substrate/Glints2/dict_0000_0056" 10154
"/Engine/EngineMaterials/Substrate/Glints2/dict_0000_0059" 10155
"/Engine/EngineMaterials/Substrate/Glints2/dict_0000_0057" 10156
"/Engine/EngineMaterials/Substrate/Glints2/dict_0000_0058" 10157
"../../../Engine/Content/EngineMaterials/Substrate/Glints2/dict_0000_0055.uasset" 10158
"../../../Engine/Content/EngineMaterials/Substrate/Glints2/dict_0000_0054.uasset" 10159
"/Engine/EngineMaterials/Substrate/Glints2/dict_0000_0054" 10160
"/Engine/EngineMaterials/Substrate/Glints2/dict_0000_0055" 10161
"../../../Engine/Content/EngineMaterials/Substrate/Glints2/dict_0000_0062.uasset" 10162
"../../../Engine/Content/EngineMaterials/Substrate/Glints2/dict_0000_0050.uasset" 10163
"../../../Engine/Content/EngineMaterials/Substrate/Glints2/dict_0000_0053.uasset" 10164
"../../../Engine/Content/EngineMaterials/Substrate/Glints2/dict_0000_0047.uasset" 10165
"../../../Engine/Content/EngineMaterials/Substrate/Glints2/dict_0000_0048.uasset" 10166
"../../../Engine/Content/EngineMaterials/Substrate/Glints2/dict_0000_0051.uasset" 10167
"../../../Engine/Content/EngineMaterials/Substrate/Glints2/dict_0000_0052.uasset" 10168
"../../../Engine/Content/EngineMaterials/Substrate/Glints2/dict_0000_0049.uasset" 10169
"../../../Engine/Content/EngineMaterials/Substrate/Glints2/dict_0000_0046.uasset" 10170
"../../../Engine/Content/EngineMaterials/Substrate/Glints2/dict_0000_0045.uasset" 10171
"/Engine/EngineMaterials/Substrate/Glints2/dict_0000_0050" 10172
"/Engine/EngineMaterials/Substrate/Glints2/dict_0000_0051" 10173
"../../../Engine/Content/EngineMaterials/Substrate/Glints2/dict_0000_0041.uasset" 10174
"../../../Engine/Content/EngineMaterials/Substrate/Glints2/dict_0000_0043.uasset" 10175
"/Engine/EngineMaterials/Substrate/Glints2/dict_0000_0052" 10176
"../../../Engine/Content/EngineMaterials/Substrate/Glints2/dict_0000_0042.uasset" 10177
"../../../Engine/Content/EngineMaterials/Substrate/Glints2/dict_0000_0039.uasset" 10178
"/Engine/EngineMaterials/Substrate/Glints2/dict_0000_0053" 10179
"/Engine/EngineMaterials/Substrate/Glints2/dict_0000_0062" 10180
"/Engine/EngineMaterials/Substrate/Glints2/dict_0000_0047" 10181
"/Engine/EngineMaterials/Substrate/Glints2/dict_0000_0048" 10182
"/Engine/EngineMaterials/Substrate/Glints2/dict_0000_0049" 10183
"../../../Engine/Content/EngineMaterials/Substrate/Glints2/dict_0000_0044.uasset" 10184
"/Engine/EngineMaterials/Substrate/Glints2/dict_0000_0045" 10185
"/Engine/EngineMaterials/Substrate/Glints2/dict_0000_0046" 10186
"/Engine/EngineMaterials/Substrate/Glints2/dict_0000_0039" 10187
"/Engine/EngineMaterials/Substrate/Glints2/dict_0000_0041" 10188
"/Engine/EngineMaterials/Substrate/Glints2/dict_0000_0042" 10189
"/Engine/EngineMaterials/Substrate/Glints2/dict_0000_0043" 10190
"../../../Engine/Content/EngineMaterials/Substrate/Glints2/dict_0000_0038.uasset" 10191
"../../../Engine/Content/EngineMaterials/Substrate/Glints2/dict_0000_0040.uasset" 10192
"/Engine/EngineMaterials/Substrate/Glints2/dict_0000_0044" 10193
"/Engine/EngineMaterials/Substrate/Glints2/dict_0000_0040" 10194
"/Engine/EngineMaterials/Substrate/Glints2/dict_0000_0038" 10195
"../../../Engine/Content/EngineMaterials/Substrate/Glints2/dict_0000_0037.uasset" 10196
"../../../Engine/Content/EngineMaterials/Substrate/Glints2/dict_0000_0035.uasset" 10197
"../../../Engine/Content/EngineMaterials/Substrate/Glints2/dict_0000_0036.uasset" 10198
"../../../Engine/Content/EngineMaterials/Substrate/Glints2/dict_0000_0033.uasset" 10199
"../../../Engine/Content/EngineMaterials/Substrate/Glints2/dict_0000_0031.uasset" 10200
"../../../Engine/Content/EngineMaterials/Substrate/Glints2/dict_0000_0034.uasset" 10201
"../../../Engine/Content/EngineMaterials/Substrate/Glints2/dict_0000_0032.uasset" 10202
"../../../Engine/Content/EngineMaterials/Substrate/Glints2/dict_0001_0077.uasset" 10203
"../../../Engine/Content/EngineMaterials/Substrate/Glints2/dict_0000_0030.uasset" 10204
"../../../Engine/Content/EngineMaterials/Substrate/Glints2/dict_0000_0027.uasset" 10205
"../../../Engine/Content/EngineMaterials/Substrate/Glints2/dict_0000_0028.uasset" 10206
"../../../Engine/Content/EngineMaterials/Substrate/Glints2/dict_0000_0026.uasset" 10207
"../../../Engine/Content/EngineMaterials/Substrate/Glints2/dict_0000_0029.uasset" 10208
"/Engine/EngineMaterials/Substrate/Glints2/dict_0001_0077" 10209
"/Engine/EngineMaterials/Substrate/Glints2/dict_0000_0033" 10210
"/Engine/EngineMaterials/Substrate/Glints2/dict_0000_0034" 10211
"/Engine/EngineMaterials/Substrate/Glints2/dict_0000_0026" 10212
"/Engine/EngineMaterials/Substrate/Glints2/dict_0000_0027" 10213
"/Engine/EngineMaterials/Substrate/Glints2/dict_0000_0028" 10214
"/Engine/EngineMaterials/Substrate/Glints2/dict_0000_0031" 10215
"/Engine/EngineMaterials/Substrate/Glints2/dict_0000_0032" 10216
"/Engine/EngineMaterials/Substrate/Glints2/dict_0000_0035" 10217
"/Engine/EngineMaterials/Substrate/Glints2/dict_0000_0029" 10218
"/Engine/EngineMaterials/Substrate/Glints2/dict_0000_0030" 10219
"/Engine/EngineMaterials/Substrate/Glints2/dict_0000_0036" 10220
"/Engine/EngineMaterials/Substrate/Glints2/dict_0000_0037" 10221
"../../../Engine/Content/EngineMaterials/Substrate/Glints2/dict_0000_0024.uasset" 10222
"../../../Engine/Content/EngineMaterials/Substrate/Glints2/dict_0000_0023.uasset" 10223
"../../../Engine/Content/EngineMaterials/Substrate/Glints2/dict_0000_0025.uasset" 10224
"/Engine/EngineMaterials/Substrate/Glints2/dict_0000_0024" 10225
"../../../Engine/Content/EngineMaterials/Substrate/Glints2/dict_0000_0022.uasset" 10226
"/Engine/EngineMaterials/Substrate/Glints2/dict_0000_0025" 10227
"/Engine/EngineMaterials/Substrate/Glints2/dict_0000_0022" 10228
"/Engine/EngineMaterials/Substrate/Glints2/dict_0000_0023" 10229
"../../../Engine/Content/EngineMaterials/Substrate/Glints2/dict_0000_0018.uasset" 10230
"../../../Engine/Content/EngineMaterials/Substrate/Glints2/dict_0000_0019.uasset" 10231
"../../../Engine/Content/EngineMaterials/Substrate/Glints2/dict_0000_0017.uasset" 10232
"../../../Engine/Content/EngineMaterials/Substrate/Glints2/dict_0000_0016.uasset" 10233
"../../../Engine/Content/EngineMaterials/Substrate/Glints2/dict_0000_0020.uasset" 10234
"../../../Engine/Content/EngineMaterials/Substrate/Glints2/dict_0000_0015.uasset" 10235
"../../../Engine/Content/EngineMaterials/Substrate/Glints2/dict_0000_0013.uasset" 10236
"../../../Engine/Content/EngineMaterials/Substrate/Glints2/dict_0000_0014.uasset" 10237
"../../../Engine/Content/EngineMaterials/Substrate/Glints2/dict_0000_0012.uasset" 10238
"/Engine/EngineMaterials/Substrate/Glints2/dict_0000_0016" 10239
"/Engine/EngineMaterials/Substrate/Glints2/dict_0000_0014" 10240
"/Engine/EngineMaterials/Substrate/Glints2/dict_0000_0017" 10241
"/Engine/EngineMaterials/Substrate/Glints2/dict_0000_0018" 10242
"/Engine/EngineMaterials/Substrate/Glints2/dict_0000_0019" 10243
"/Engine/EngineMaterials/Substrate/Glints2/dict_0000_0020" 10244
"/Engine/EngineMaterials/Substrate/Glints2/dict_0000_0012" 10245
"/Engine/EngineMaterials/Substrate/Glints2/dict_0000_0013" 10246
"../../../Engine/Content/EngineMaterials/Substrate/Glints2/dict_0000_0010.uasset" 10247
"../../../Engine/Content/EngineMaterials/Substrate/Glints2/dict_0000_0009.uasset" 10248
"../../../Engine/Content/EngineMaterials/Substrate/Glints2/dict_0000_0011.uasset" 10249
"/Engine/EngineMaterials/Substrate/Glints2/dict_0000_0015" 10250
"/Engine/EngineMaterials/Substrate/Glints2/dict_0000_0009" 10251
"/Engine/EngineMaterials/Substrate/Glints2/dict_0000_0010" 10252
"/Engine/EngineMaterials/Substrate/Glints2/dict_0000_0011" 10253
"../../../Engine/Content/EngineMaterials/Substrate/Glints2/dict_0000_0007.uasset" 10254
"../../../Engine/Content/EngineMaterials/Substrate/Glints2/dict_0000_0008.uasset" 10255
"../../../Engine/Content/EngineMaterials/Substrate/Volume/SubstrateSimpleVolumeLUT2D.uasset" 10256
"../../../Engine/Content/EngineMaterials/Substrate/Volume/SubstrateSimpleVolumeLUT3D.uasset" 10257
"../../../Engine/Content/EngineMaterials/Substrate/Volume/SubstrateSimpleVolumeEnvLUT2D.uasset" 10258
"../../../Engine/Content/EngineMaterials/Substrate/Volume/SubstrateSimpleVolumeEnvLUT3D.uasset" 10259
"../../../Engine/Content/EngineMaterials/Substrate/Glints2/dict_0000_0006.uasset" 10260
"../../../Engine/Content/EngineMaterials/Substrate/Glints2/dict_0000_0003.uasset" 10261
"../../../Engine/Content/EngineMaterials/Substrate/Glints2/dict_0000_0005.uasset" 10262
"../../../Engine/Content/EngineMaterials/Substrate/Glints2/dict_0000_0004.uasset" 10263
"../../../Engine/Content/EngineMaterials/Substrate/Glints2/dict_0000_0002.uasset" 10264
"../../../Engine/Content/EngineMaterials/Substrate/Glints2/dict_0000_0000.uasset" 10265
"../../../Engine/Content/EngineMaterials/Substrate/Glints2/dict_0000_0001.uasset" 10266
"/Engine/EngineMaterials/Substrate/Volume/SubstrateSimpleVolumeLUT3D" 10267
"../../../Engine/Content/EngineMaterials/DefaultCalibrationColor.uasset" 10268
"../../../Engine/Content/EngineMaterials/Substrate/Glints2/AGlintTex2dArray2.uasset" 10269
"/Engine/EngineMaterials/Substrate/Glints2/dict_0000_0001" 10270
"/Engine/EngineMaterials/Substrate/Glints2/dict_0000_0002" 10271
"/Engine/EngineMaterials/Substrate/Glints2/dict_0000_0003" 10272
"/Engine/EngineMaterials/Substrate/Glints2/dict_0000_0000" 10273
"/Engine/EngineMaterials/Substrate/Glints2/dict_0000_0004" 10274
"../../../Engine/Content/EngineMaterials/PPM_DefaultCalibrationColor.uasset" 10275
"../../../Engine/Content/EngineMaterials/DefaultCalibrationGrayscale.uasset" 10276
"/Engine/EngineMaterials/Substrate/Glints2/dict_0000_0005" 10277
"../../../Engine/Content/EngineMaterials/PPM_DefaultCalibrationGrayscale.uasset" 10278
"/Engine/EngineMaterials/Substrate/Glints2/dict_0000_0006" 10279
"/Engine/EngineMaterials/Substrate/Glints2/dict_0000_0007" 10280
"/Engine/EngineMaterials/Substrate/Glints2/dict_0000_0008" 10281
"/Engine/EngineMaterials/Substrate/Volume/SubstrateSimpleVolumeEnvLUT3D" 10282
"/Engine/EngineMaterials/PPM_DefaultCalibrationGrayscale" 10283
"../../../Engine/Content/Functions/Engine_MaterialFunctions03/Procedurals/HeightToNormalSmooth.uasset" 10284
"../../../Engine/Plugins/Interchange/Assets/Content/Functions/MX_Surface.uasset" 10285
"../../../Engine/Content/Functions/MaterialLayerFunctions/MatLayerBlend_OverrideOpacity.uasset" 10286
"/Engine/EngineMaterials/PPM_DefaultCalibrationColor" 10287
"/Engine/Functions/Engine_MaterialFunctions03/Procedurals/HeightToNormalSmooth" 10288
"../../../Engine/Content/Functions/Engine_MaterialFunctions02/Utility/BlendAngleCorrectedNormals.uasset" 10289
"/InterchangeAssets/Functions/MX_Surface" 10290
"../../../Engine/Plugins/NNE/NNEDenoiser/Content/NNEDIM_ColorAlbedoNormal_Alpha.uasset" 10291
"../../../Engine/Plugins/Interchange/Assets/Content/Functions/MX_Displacement.uasset" 10292
"/NNEDenoiser/NNEDIM_ColorAlbedoNormal_Alpha" 10293
"/InterchangeAssets/Functions/MX_Displacement" 10294
"../../../Engine/Plugins/NNE/NNEDenoiser/Content/NNEDOM_Output_Default.uasset" 10295
"../../../Engine/Plugins/NNE/NNEDenoiser/Content/NNEDIM_ColorAlbedoNormal_Default.uasset" 10296
"../../../Engine/Plugins/NNE/NNEDenoiser/Content/NNEDIM_HighQuality_Alpha.uasset" 10297
"../../../Engine/Plugins/NNE/NNEDenoiser/Content/NNEDIM_HighQuality_Default.uasset" 10298
"../../../Engine/Plugins/NNE/NNEDenoiser/Content/NNEDOM_Output_Alpha.uasset" 10299
"../../../Engine/Plugins/NNE/NNEDenoiser/Content/NNEDTIM_ColorAlbedoNormal_Default.uasset" 10300
"../../../Engine/Plugins/NNE/NNEDenoiser/Content/NNEDTIM_ColorAlbedoNormal_Alpha.uasset" 10301
"../../../Engine/Plugins/NNE/NNEDenoiser/Content/NNEDTOM_Output_Alpha.uasset" 10302
"/NNEDenoiser/NNEDTOM_Output_Alpha" 10303
"/NNEDenoiser/NNEDTIM_ColorAlbedoNormal_Default" 10304
"/NNEDenoiser/NNEDTIM_ColorAlbedoNormal_Alpha" 10305
"/NNEDenoiser/NNEDOM_Output_Default" 10306
"/NNEDenoiser/NNEDOM_Output_Alpha" 10307
"/NNEDenoiser/NNEDIM_HighQuality_Default" 10308
"/NNEDenoiser/NNEDIM_HighQuality_Alpha" 10309
"/NNEDenoiser/NNEDIM_ColorAlbedoNormal_Default" 10310
"../../../Engine/Plugins/NNE/NNEDenoiser/Content/NNED_Oidn2-3_Balanced.uasset" 10311
"../../../Engine/Plugins/NNE/NNEDenoiser/Content/NNEDT_Oidn2-3_Balanced.uasset" 10312
"../../../Engine/Plugins/NNE/NNEDenoiser/Content/NNEDT_Oidn2-3_Balanced_Alpha.uasset" 10313
"../../../Engine/Plugins/NNE/NNEDenoiser/Content/NNED_Oidn2-3_Balanced_Alpha.uasset" 10314
"../../../Engine/Plugins/NNE/NNEDenoiser/Content/NNEDTOM_Output_Default.uasset" 10315
"../../../Engine/Plugins/NNE/NNEDenoiser/Content/NNED_Oidn2-3_HighQuality.uasset" 10316
"../../../Engine/Plugins/NNE/NNEDenoiser/Content/NNED_Oidn2-3_Fast_Alpha.uasset" 10317
"../../../Engine/Plugins/NNE/NNEDenoiser/Content/NNED_Oidn2-3_Fast.uasset" 10318
"/NNEDenoiser/NNED_Oidn2-3_Balanced_Alpha" 10319
"../../../Engine/Content/EditorResources/BSPVertex.uasset" 10320
"../../../Engine/Content/EngineMaterials/DefaultBloomKernel.uasset" 10321
"/NNEDenoiser/NNED_Oidn2-3_Balanced" 10322
"/NNEDenoiser/NNEDT_Oidn2-3_Balanced_Alpha" 10323
"/NNEDenoiser/NNEDT_Oidn2-3_Balanced" 10324
"/NNEDenoiser/NNEDTOM_Output_Default" 10325
"/NNEDenoiser/NNED_Oidn2-3_Fast_Alpha" 10326
"/NNEDenoiser/NNED_Oidn2-3_Fast" 10327
"/NNEDenoiser/NNED_Oidn2-3_HighQuality" 10328
"/Engine/EngineMaterials/DefaultBloomKernel" 10329
"/Engine/EditorResources/BSPVertex" 10330
"../../../Engine/Plugins/NNE/NNEDenoiser/Content/NNE_oidn2-3-0_rt_hdr_alb_nrm__dyn__fp16_opset11_ForwardAlpha.uasset" 10331
"../../../Engine/Plugins/NNE/NNEDenoiser/Content/NNE_oidn2-3-0_rt_hdr_alb_nrm__dyn__fp16_opset11_DenoiseAlpha.uasset" 10332
"../../../Engine/Plugins/NNE/NNEDenoiser/Content/NNE_oidn2-3-0_rt_hdr_alb_nrm_small__dyn__fp16_opset11_ForwardAlpha.uasset" 10333
"../../../Engine/Plugins/NNE/NNEDenoiser/Content/NNE_oidn2-3-0_rt_hdr_alb_nrm_small__dyn__fp16_opset11_DenoiseAlpha.uasset" 10334
"../../../Engine/Plugins/NNE/NNEDenoiser/Content/NNED_Oidn2-3_HighQuality_Alpha.uasset" 10335
"../../../Engine/Content/EngineDebugMaterials/DebugEditorMaterial.uasset" 10336
"../../../Engine/Content/EngineMaterials/FastBlueNoise_scalar_128x128x64.uasset" 10337
"../../../Engine/Content/EngineMaterials/FastBlueNoise_vec2_128x128x64.uasset" 10338
"/NNEDenoiser/NNE_oidn2-3-0_rt_hdr_alb_nrm_small__dyn__fp16_opset11_ForwardAlpha" 10339
"../../../Engine/Plugins/NNE/NNEDenoiser/Content/NNE_oidn2-3-0_rt_hdr_calb_cnrm_large__dyn__fp16_opset11_ForwardAlpha.uasset" 10340
"../../../Engine/Content/EngineResources/FilmGrains/Marcie_Grain_v3_128_M2_000.uasset" 10341
"../../../Engine/Content/EngineSounds/Master.uasset" 10342
"../../../Engine/Plugins/NNE/NNEDenoiser/Content/NNE_oidn2-3-0_rt_hdr_calb_cnrm_large__dyn__fp16_opset11_DenoiseAlpha.uasset" 10343
"/NNEDenoiser/NNED_Oidn2-3_HighQuality_Alpha" 10344
"/NNEDenoiser/NNE_oidn2-3-0_rt_hdr_alb_nrm__dyn__fp16_opset11_ForwardAlpha" 10345
"/NNEDenoiser/NNE_oidn2-3-0_rt_hdr_alb_nrm__dyn__fp16_opset11_DenoiseAlpha" 10346
"/Engine/EngineSounds/Master" 10347
"/Engine/EngineMaterials/FastBlueNoise_vec2_128x128x64" 10348
"/NNEDenoiser/NNE_oidn2-3-0_rt_hdr_alb_nrm_small__dyn__fp16_opset11_DenoiseAlpha" 10349
"../../../Engine/Content/EngineMaterials/FastBlueNoise_scalar_128x128x8.uasset" 10350
"../../../Engine/Plugins/Interchange/Runtime/Content/Pipelines/DefaultAssetsPipeline.uasset" 10351
"../../../Engine/Content/EngineMaterials/SMAAAreaTex.uasset" 10352
"../../../Engine/Content/EngineMaterials/SMAASearchTex.uasset" 10353
"../../../Engine/Content/EngineMaterials/EnergyConservation/SheenLegacy_Energy.uasset" 10354
"../../../Engine/Plugins/Interchange/Runtime/Content/Pipelines/DefaultMaterialXPipeline.uasset" 10355
"/Engine/EngineMaterials/FastBlueNoise_scalar_128x128x64" 10356
"../../../Engine/Content/EngineResources/Development/ZenLogo_64.uasset" 10357
"/Engine/EngineDebugMaterials/DebugEditorMaterial" 10358
"/Engine/EngineResources/FilmGrains/Marcie_Grain_v3_128_M2_000" 10359
"/NNEDenoiser/NNE_oidn2-3-0_rt_hdr_calb_cnrm_large__dyn__fp16_opset11_ForwardAlpha" 10360
"../../../Engine/Plugins/Interchange/Runtime/Content/Pipelines/DefaultGLTFAssetsPipeline.uasset" 10361
"../../../Engine/Plugins/Interchange/Runtime/Content/Pipelines/DefaultGLTFPipeline.uasset" 10362
"../../../Engine/Plugins/Interchange/Runtime/Content/Pipelines/DefaultSceneLevelPipeline.uasset" 10363
"../../../Engine/Plugins/Interchange/Runtime/Content/Pipelines/DefaultTexturePipeline.uasset" 10364
"../../../Engine/Plugins/Interchange/Runtime/Content/Pipelines/DefaultAudioPipeline.uasset" 10365
"../../../Engine/Plugins/Interchange/Runtime/Content/Pipelines/DefaultMaterialPipeline.uasset" 10366
"../../../Engine/Plugins/Interchange/Runtime/Content/Pipelines/DefaultSceneAssetsPipeline.uasset" 10367
"../../../Engine/Content/EngineMaterials/Substrate/Glints2/dict_0001_0061.uasset" 10368
"../../../Engine/Content/EngineMaterials/Substrate/Glints2/dict_0000_0209.uasset" 10369
"../../../Engine/Content/EngineMaterials/Substrate/Glints2/dict_0000_0171.uasset" 10370
"../../../Engine/Content/EngineMaterials/Substrate/Glints2/dict_0001_0075.uasset" 10371
"../../../Engine/Content/EngineMaterials/Substrate/Glints2/dict_0000_0021.uasset" 10372
"../../../Engine/Content/EngineMaterials/Substrate/Glints2/dict_0000_0088.uasset" 10373
"/NNEDenoiser/NNE_oidn2-3-0_rt_hdr_calb_cnrm_large__dyn__fp16_opset11_DenoiseAlpha" 10374
"../../../Engine/Content/EngineMaterials/Substrate/Glints2/dict_0000_0180.uasset" 10375
"../../../Engine/Content/EngineMaterials/Substrate/Glints2/dict_0000_0154.uasset" 10376
"/Engine/EngineMaterials/Substrate/Glints2/dict_0000_0180" 10377
"/Engine/EngineMaterials/Substrate/Glints2/dict_0000_0021" 10378
"/Interchange/Pipelines/DefaultGLTFAssetsPipeline" 10379
"/Engine/EngineMaterials/Substrate/Glints2/dict_0001_0075" 10380
"/Interchange/Pipelines/DefaultSceneLevelPipeline" 10381
"/Interchange/Pipelines/DefaultMaterialXPipeline" 10382
"/Interchange/Pipelines/DefaultAssetsPipeline" 10383
"../../../Engine/Plugins/Interchange/Runtime/Content/Pipelines/DefaultGLTFSceneAssetsPipeline.uasset" 10384
"../../../Engine/Plugins/Interchange/Assets/Content/Functions/MX_OrenNayarBSDF.uasset" 10385
"../../../Engine/Plugins/Interchange/Assets/Content/Substrate/MX_SimpleVolume.uasset" 10386
"../../../Engine/Plugins/Interchange/Assets/Content/Functions/MX_ConductorBSDF.uasset" 10387
"../../../Engine/Plugins/Interchange/Assets/Content/Functions/MX_SurfaceUnlit.uasset" 10388
"../../../Engine/Plugins/Interchange/Assets/Content/Functions/MX_BurleyDiffuseBSDF.uasset" 10389
"../../../Engine/Plugins/Interchange/Assets/Content/Functions/MX_TranslucentBSDF.uasset" 10390
"../../../Engine/Plugins/Interchange/Assets/Content/Functions/MX_UsdPreviewSurface.uasset" 10391
"../../../Engine/Plugins/Interchange/Assets/Content/Functions/MX_DielectricBSDF.uasset" 10392
"D:/24cu0220/KONA_BANANA/Intermediate/ORTOptimizerPass_Optimized4503FBFB49F2B52A45F4F4BD405D4D4F.onnx" 10393
"D:/24cu0220/KONA_BANANA/Intermediate/ORTOptimizerPass_OptimizedEE80197D4FF62A70EA639AA299A38A89.onnx" 10394
"D:/24cu0220/KONA_BANANA/Intermediate/ORTOptimizerPass_Optimized8B71CEB74170F678803DC2800E007C4A.onnx" 10395
"D:/24cu0220/KONA_BANANA/Intermediate/ORTOptimizerPass_OptimizedE4203A504A3EAAB34303998372657C12.onnx" 10396
"D:/24cu0220/KONA_BANANA/Intermediate/ORTOptimizerPass_OptimizedE00D0B75450705CB309390BC0F1224BE.onnx" 10397
"D:/24cu0220/KONA_BANANA/Intermediate/ORTOptimizerPass_Optimized449CBC58436C2B9EC9BD719D5AED043C.onnx" 10398
"D:/24cu0220/KONA_BANANA/Intermediate/ORTOptimizerPass_Optimized5C546A2646A37093408A23A63856D0A5.onnx" 10399
"D:/24cu0220/KONA_BANANA/Intermediate/ORTOptimizerPass_Optimized4E7A5DB8452DB81CA4A8A5A651FE6ECE.onnx" 10400
"D:/24cu0220/KONA_BANANA/Intermediate/ORTOptimizerPass_Optimized0597CA6F49E7BB862EB766A6280203D2.onnx" 10401
"D:/24cu0220/KONA_BANANA/Intermediate/ORTOptimizerPass_Optimized39DD4FEA47F2735F19279C8671A84E55.onnx" 10402
"D:/24cu0220/KONA_BANANA/Intermediate/ORTOptimizerPass_Optimized22D450A44780C0D72D86B9BA582375E9.onnx" 10403
"D:/24cu0220/KONA_BANANA/Intermediate/ORTOptimizerPass_Optimized08A6C15741256F579D5B6E8058A9275E.onnx" 10404
"/Engine/EngineMaterials/Substrate/Glints2/AGlintTex2dArray2" 10405
"/Engine/EngineMaterials/SMAASearchTex" 10406
"/Interchange/Pipelines/DefaultSceneAssetsPipeline" 10407
"/Interchange/Pipelines/DefaultTexturePipeline" 10408
"/Engine/EngineMaterials/FastBlueNoise_scalar_128x128x8" 10409
"/Engine/EngineMaterials/SMAAAreaTex" 10410
"/Engine/EngineResources/Development/ZenLogo_64" 10411
"/Interchange/Pipelines/DefaultAudioPipeline" 10412
"/Engine/EngineMaterials/EnergyConservation/SheenLegacy_Energy" 10413
"/Interchange/Pipelines/DefaultMaterialPipeline" 10414
"/Interchange/Pipelines/DefaultGLTFPipeline" 10415
"/InterchangeAssets/Functions/MX_ConductorBSDF" 10416
"/InterchangeAssets/Functions/MX_DielectricBSDF" 10417
"/InterchangeAssets/Functions/MX_TranslucentBSDF" 10418
"/InterchangeAssets/Functions/MX_BurleyDiffuseBSDF" 10419
"/InterchangeAssets/Functions/MX_OrenNayarBSDF" 10420
"../../../Engine/Plugins/Interchange/Assets/Content/Functions/MX_UniformEDF.uasset" 10421
"../../../Engine/Plugins/Interchange/Assets/Content/Functions/MX_SheenBSDF.uasset" 10422
"../../../Engine/Plugins/Interchange/Assets/Content/Functions/MX_ConicalEDF.uasset" 10423
"../../../Engine/Plugins/Interchange/Assets/Content/Functions/MX_GeneralizedSchlickBSDF.uasset" 10424
"../../../Engine/Plugins/Interchange/Assets/Content/Functions/MX_AbsorptionVDF.uasset" 10425
"../../../Engine/Plugins/Interchange/Assets/Content/Functions/MX_AnisotropicVDF.uasset" 10426
"/InterchangeAssets/Substrate/MX_SimpleVolume" 10427
"../../../Engine/Plugins/Interchange/Assets/Content/Functions/MX_MeasuredEDF.uasset" 10428
"../../../Engine/Plugins/Animation/ControlRig/Content/Controls/ControlRigGizmoMaterial.uasset" 10429
"../../../Engine/Plugins/Interchange/Assets/Content/Functions/MX_ChiangHairBSDF.uasset" 10430
"/InterchangeAssets/Functions/MX_UsdPreviewSurface" 10431
"../../../Engine/Plugins/Interchange/Assets/Content/Functions/MX_SubsurfaceBSDF.uasset" 10432
"/InterchangeAssets/Functions/MX_SurfaceUnlit" 10433
"/Interchange/Pipelines/DefaultGLTFSceneAssetsPipeline" 10434
"/ControlRig/Controls/ControlRigGizmoMaterial" 10435
"/InterchangeAssets/Functions/MX_AnisotropicVDF" 10436
"/InterchangeAssets/Functions/MX_AbsorptionVDF" 10437
"/InterchangeAssets/Functions/MX_MeasuredEDF" 10438
"/InterchangeAssets/Functions/MX_ConicalEDF" 10439
"/InterchangeAssets/Functions/MX_UniformEDF" 10440
"/InterchangeAssets/Functions/MX_ChiangHairBSDF" 10441
"/InterchangeAssets/Functions/MX_SheenBSDF" 10442
"/InterchangeAssets/Functions/MX_SubsurfaceBSDF" 10443
"/InterchangeAssets/Functions/MX_GeneralizedSchlickBSDF" 10444
"D:/24cu0220/KONA_BANANA/Saved/Cooked/Windows/BANANA/Metadata/CookedSettings.txt" 10445
